time,open,high,low,close,volume,adjClose,changesPercentage
2025-09-04,19.3,19.51,19.25,19.36,1395560,19.36,0.62
2025-09-03,19.16,19.3,19.02,19.24,1508146,19.24,-1.18
2025-09-02,20.04,20.11,19.44,19.47,1556739,19.47,-4.65
2025-08-29,20.91,20.91,20.38,20.42,836023,20.42,-2.11
2025-08-28,21.05,21.12,20.85,20.86,667731,20.86,-1.65
2025-08-27,21.45,21.53,21.21,21.21,520633,21.21,-0.70
2025-08-26,21.57,21.61,21.34,21.36,381400,21.36,-1.61
2025-08-25,21.72,21.73,21.57,21.71,221618,21.71,0.42
2025-08-22,22.23,22.23,21.55,21.62,496113,21.62,-1.99
2025-08-21,21.99,22.1,21.95,22.06,395185,22.06,0.46
2025-08-20,22.04,22.06,21.93,21.96,342300,21.96,-1.88
2025-08-19,22.16,22.39,22.06,22.38,267600,22.38,1.18
2025-08-18,21.98,22.17,21.98,22.12,233100,22.12,0.36
2025-08-15,22.04,22.1,21.95,22.04,279751,22.04,0.05
2025-08-14,21.91,22.15,21.87,22.03,363900,22.03,1.33
2025-08-13,21.74,21.82,21.57,21.74,219421,21.74,-0.55
2025-08-12,21.88,22.11,21.72,21.86,382304,21.86,0.23
2025-08-11,21.76,21.84,21.63,21.81,472900,21.81,3.07
2025-08-08,20.88,21.28,20.67,21.16,1291123,21.16,0.47
2025-08-07,21.16,21.41,21.04,21.06,645642,21.06,-1.86
2025-08-06,21.57,21.64,21.41,21.46,245900,21.46,-0.05
2025-08-05,21.59,21.59,21.32,21.47,355700,21.47,-0.19
2025-08-04,21.51,21.58,21.39,21.51,504100,21.51,-1.19
2025-08-01,21.84,21.99,21.71,21.77,697706,21.77,-3.80
2025-07-31,22.4,22.66,22.4,22.63,412013,22.63,-1.35
2025-07-30,22.43,22.96,22.39,22.94,739530,22.94,3.57
2025-07-29,22.21,22.33,22.05,22.15,362909,22.15,-0.40
2025-07-28,22.12,22.46,22.12,22.24,496900,22.24,1.32
2025-07-25,21.92,22.12,21.84,21.95,545051,21.95,2.09
2025-07-24,21.67,21.69,21.43,21.5,250133,21.5,1.46
2025-07-23,20.95,21.3,20.84,21.19,478200,21.19,2.47
2025-07-22,20.87,21,20.62,20.68,551000,20.68,-1.99
2025-07-21,21.28,21.31,21.02,21.1,499826,21.1,-3.34
2025-07-18,21.67,21.83,21.67,21.83,204728,21.83,-0.46
2025-07-17,22.21,22.26,21.91,21.93,346199,21.93,0.60
2025-07-16,21.97,22.17,21.41,21.8,720525,21.8,-1.09
2025-07-15,21.89,22.16,21.74,22.04,475400,22.04,0.96
2025-07-14,21.69,21.89,21.65,21.83,277247,21.83,1.06
2025-07-11,21.68,21.71,21.45,21.6,387300,21.6,-2.17
2025-07-10,22.08,22.29,22.04,22.08,249219,22.08,-0.59
2025-07-09,22.49,22.54,22.19,22.21,278004,22.21,-0.76
2025-07-08,22.08,22.59,22.06,22.38,480208,22.38,2.10
2025-07-07,22.25,22.33,21.87,21.92,287921,21.92,-0.14
2025-07-03,21.98,22.09,21.89,21.95,192332,21.95,1.53
2025-07-02,21.79,21.94,21.61,21.62,542045,21.62,-1.14
2025-07-01,21.71,21.9,21.65,21.87,724217,21.87,-1.75
2025-06-30,22.64,22.69,22.25,22.26,496900,22.26,-2.28
2025-06-27,22.97,22.99,22.62,22.78,737127,22.78,3.73
2025-06-26,22.12,22.26,21.9,21.96,496820,21.96,0.18
2025-06-25,22.2,22.22,21.9,21.92,531000,21.92,-0.68
2025-06-24,22.22,22.42,22.04,22.07,754727,22.07,3.23
2025-06-23,21.48,21.48,21.16,21.38,1303100,21.38,-0.60
2025-06-20,21.62,21.62,21.4,21.51,1043100,21.51,0.19
2025-06-18,21.11,21.52,21.08,21.47,736511,21.47,1.13
2025-06-17,21.14,21.46,21.07,21.23,1144500,21.23,-0.05
2025-06-16,20.83,21.25,20.82,21.24,1222200,21.24,2.86
2025-06-13,20.49,20.8,20.44,20.65,1156036,20.65,-2.59
2025-06-12,21.26,21.32,21.04,21.2,1588861,21.2,-2.39
2025-06-11,21.86,22.08,21.7,21.72,1666755,21.72,-1.09
2025-06-10,21.74,22.08,21.7,21.96,989963,21.96,-0.09
2025-06-09,22.16,22.2,21.84,21.98,1307205,21.98,-0.72
2025-06-06,21.62,22.18,21.6,22.14,1577900,22.14,2.79
2025-06-05,21.28,21.78,21.16,21.54,1708101,21.54,0.84
2025-06-04,21.54,21.62,21.18,21.36,1032510,21.36,-1.11
2025-06-03,21.54,21.86,21.54,21.6,1427466,21.6,1.69
2025-06-02,21.56,21.64,21.22,21.24,1960955,21.24,-5.26
2025-05-30,22.42,22.72,22.34,22.42,1439700,22.42,1.26
2025-05-29,22.1,22.28,21.92,22.14,1767600,22.14,-1.07
2025-05-28,22.22,22.48,22.18,22.38,1557207,22.38,0.63
2025-05-27,22.34,22.48,22.2,22.24,1627750,22.24,3.35
2025-05-23,21.66,21.86,21.44,21.52,2349850,21.52,-4.19
2025-05-22,22.2,22.62,22.16,22.46,1627217,22.46,1.91
2025-05-21,22.26,22.38,21.96,22.04,924800,22.04,-1.43
2025-05-20,23.18,23.2,22.36,22.36,1355310,22.36,-3.79
2025-05-19,23.26,23.5,23.14,23.24,944857,23.24,-2.68
2025-05-16,24.1,24.24,23.82,23.88,1668253,23.88,2.58
2025-05-15,23.86,23.96,23.28,23.28,1905317,23.28,-3.08
2025-05-14,23.94,24.22,23.78,24.02,2520100,24.02,4.25
2025-05-13,23.1,23.38,22.92,23.04,1270250,23.04,-0.78
2025-05-12,23.2,23.46,23.08,23.22,2820500,23.22,5.35
2025-05-09,21.9,22.16,21.78,22.04,2038550,22.04,-1.25
2025-05-08,21.66,22.58,21.52,22.32,2420050,22.32,3.91
2025-05-07,21.3,21.58,21.12,21.48,4406155,21.48,3.27
2025-05-06,21.2,21.42,20.8,20.8,3603669,20.8,-5.71
2025-05-05,22.2,22.4,21.96,22.06,1626553,22.06,-5.89
2025-05-02,23.1,23.62,22.98,23.44,1939050,23.44,-0.26
2025-05-01,23.54,23.86,23.48,23.5,3503719,23.5,3.98
2025-04-30,22.5,22.66,22.28,22.6,1865050,22.6,1.44
2025-04-29,22.32,22.54,22.14,22.28,1399853,22.28,1.92
2025-04-28,22.56,22.72,21.82,21.86,2175650,21.86,-2.67
2025-04-25,22.92,23.04,22.36,22.46,2436200,22.46,2.18
2025-04-24,22.14,22.5,21.92,21.98,2391450,21.98,-3.00
2025-04-23,22.6,23.08,22.5,22.66,8593500,22.66,4.62
2025-04-22,20.82,21.74,20.78,21.66,12536704,21.66,2.85
2025-04-21,21.16,21.3,20.96,21.06,4827250,21.06,-5.98
2025-04-17,22.38,22.88,22.22,22.4,1582050,22.4,0.99
2025-04-16,22.64,22.74,22.08,22.18,2812600,22.18,-6.41
2025-04-15,23.86,23.98,23.68,23.7,627813,23.7,-1.17
2025-04-14,24.1,24.24,23.92,23.98,850912,23.98,1.18
2025-04-11,23.68,23.88,23.46,23.7,1582350,23.7,-3.74
2025-04-10,25.26,25.52,24.52,24.62,1061562,24.62,-4.94
2025-04-09,26.5,26.74,25.8,25.9,1156800,25.9,-7.37
2025-04-08,27.38,28.18,27.3,27.96,684450,27.96,-0.57
2025-04-07,27.18,28.48,26.96,28.12,1929350,28.12,4.54
2025-04-04,26.32,27.36,26.26,26.9,1554616,26.9,4.26
2025-04-03,26.46,26.5,25.3,25.8,2896373,25.8,2.22
2025-04-02,25.3,25.42,25,25.24,812250,25.24,-0.86
2025-04-01,25.3,25.76,25.16,25.46,673950,25.46,0.47
2025-03-31,25.44,25.76,25.28,25.34,799000,25.34,-2.61
2025-03-28,26.1,26.26,25.92,26.02,686800,26.02,-1.14
2025-03-27,26.6,26.78,26.24,26.32,664010,26.32,-2.95
2025-03-26,27,27.2,26.98,27.12,240300,27.12,0.07
2025-03-25,27.04,27.14,26.8,27.1,352500,27.1,-0.81
2025-03-24,27.04,27.4,27,27.32,468400,27.32,0.89
2025-03-21,26.9,27.5,26.9,27.08,422459,27.08,1.65
2025-03-20,26.86,26.88,26.62,26.64,464414,26.64,0.23
2025-03-19,26.86,26.94,26.5,26.58,624021,26.58,-0.89
2025-03-18,26.76,27,26.72,26.82,655000,26.82,-2.12
2025-03-17,27.64,27.68,27.4,27.4,232300,27.4,-1.01
2025-03-14,27.42,27.76,27.42,27.68,402150,27.68,0.22
2025-03-13,28.42,28.44,27.56,27.62,553972,27.62,-3.70
2025-03-12,29.16,29.18,28.52,28.68,318618,28.68,-1.10
2025-03-11,29.14,29.16,28.9,29,139853,29,-2.42
2025-03-10,29.32,29.8,29.14,29.72,318100,29.72,2.13
2025-03-07,29,29.3,28.72,29.1,221000,29.1,-0.14
2025-03-06,29.18,29.18,28.86,29.14,160600,29.14,1.04
2025-03-05,29.18,29.18,28.68,28.84,244200,28.84,-0.28
2025-03-04,28.92,29.28,28.86,28.92,367152,28.92,-1.83
2025-03-03,29.84,29.84,29.4,29.46,305650,29.46,-2.58
2025-02-28,30.4,30.68,30.24,30.24,291400,30.24,1.34
2025-02-27,29.5,29.92,29.46,29.84,355300,29.84,3.18
2025-02-26,29.4,29.48,28.92,28.92,200518,28.92,-0.41
2025-02-25,28.44,29.54,28.4,29.04,502846,29.04,2.76
2025-02-24,28.44,28.64,28.26,28.26,236152,28.26,-1.12
2025-02-21,28.54,28.84,28.38,28.58,335750,28.58,0.28
2025-02-20,28.66,28.66,28.32,28.5,255250,28.5,-0.07
2025-02-19,28.58,28.86,28.42,28.52,188600,28.52,-0.14
2025-02-18,28.82,28.82,28.44,28.56,283407,28.56,-3.58
2025-02-14,28.7,29.78,28.64,29.62,378163,29.62,4.15
2025-02-13,28.84,28.86,28.44,28.44,312324,28.44,-2.34
2025-02-12,29.14,29.32,28.88,29.12,210573,29.12,0.14
2025-02-11,29.04,29.26,28.88,29.08,279600,29.08,0.62
2025-02-10,29.02,29.08,28.84,28.9,452316,28.9,-3.34
2025-02-07,29.7,30.08,29.4,29.9,332026,29.9,-0.40
2025-02-06,30.06,30.56,30,30.02,174455,30.02,0.07
2025-02-05,29.9,30.04,29.5,30,282674,30,-0.53
2025-02-04,30.3,30.44,30.1,30.16,261600,30.16,-1.24
2025-02-03,30.58,30.74,30.2,30.54,242050,30.54,-1.80
2025-01-31,30.66,31.18,30.42,31.1,284521,31.1,1.30
2025-01-30,31.12,31.24,30.58,30.7,184672,30.7,-3.94
2025-01-29,31.82,32.14,31.78,31.96,102407,31.96,0.50
2025-01-28,32.1,32.16,31.78,31.8,39566,31.8,-2.09
2025-01-27,32.22,32.7,32.16,32.48,76407,32.48,2.40
2025-01-24,31.62,31.72,31.32,31.72,139880,31.72,-1.18
2025-01-23,32.34,32.46,31.98,32.1,128750,32.1,0.31
2025-01-22,32,32.14,31.84,32,100621,32,-0.81
2025-01-21,32.52,32.54,32.1,32.26,162600,32.26,-1.16
2025-01-17,32.66,32.72,32.18,32.64,109211,32.64,0.68
2025-01-16,32.5,32.56,32.2,32.42,90128,32.42,-1.94
2025-01-15,33.26,33.62,33.06,33.06,55150,33.06,-2.19
2025-01-14,34.2,34.22,33.8,33.8,25663,33.8,-0.82
2025-01-13,33.9,34.16,33.74,34.08,62450,34.08,2.71
2025-01-10,32.86,33.22,32.7,33.18,217165,33.18,-2.58
2025-01-08,34.12,34.4,33.92,34.06,41558,34.06,-1.22
2025-01-07,34.24,34.76,34.18,34.48,59522,34.48,-1.49
2025-01-06,35.24,35.3,34.82,35,60950,35,0.63
2025-01-03,34.56,34.84,34.42,34.78,56500,34.78,1.46
2025-01-02,34.6,34.64,34.22,34.28,77829,34.28,-2.50
2024-12-31,35.54,35.56,35.1,35.16,28152,35.16,-1.35
2024-12-30,35.64,35.98,35.56,35.64,67317,35.64,0.85
2024-12-27,35.32,35.5,35.22,35.34,69450,35.34,1.61
2024-12-26,35.08,35.12,34.74,34.78,45195,34.78,-1.47
2024-12-24,35.34,35.6,35.24,35.3,40850,35.3,-0.62
2024-12-23,35.22,35.58,35.22,35.52,63100,35.52,1.37
2024-12-20,35.38,35.4,34.8,35.04,110601,35.04,-2.45
2024-12-19,35.98,36.22,35.82,35.92,112729,35.92,-0.44
2024-12-18,34.82,36.18,34.78,36.08,100800,36.08,4.22
2024-12-17,34.78,34.98,34.56,34.62,124952,34.62,0.58
2024-12-16,34.2,34.48,34.2,34.42,148155,34.42,-0.29
2024-12-13,34.02,34.54,34.02,34.52,138827,34.52,2.98
2024-12-12,33.36,33.68,33.28,33.52,225850,33.52,3.52
2024-12-11,32.9,33,32.24,32.38,266286,32.38,-2.53
2024-12-10,33.5,33.5,33.2,33.22,131500,33.22,-2.81
2024-12-09,33.94,34.22,33.72,34.18,138059,34.18,-2.12
2024-12-06,34.92,35.06,34.64,34.92,122216,34.92,0.17
2024-12-05,34.5,35.08,34.46,34.86,148126,34.86,1.46
2024-12-04,34.38,34.44,34.2,34.36,56100,34.36,-0.75
2024-12-03,34.32,34.78,34.3,34.62,72261,34.62,-0.35
2024-12-02,34.46,34.82,34.44,34.74,77356,34.74,1.88
2024-11-29,34.26,34.36,34.08,34.1,57800,34.1,-1.62
2024-11-27,34.36,34.76,34.22,34.66,79377,34.66,-0.52
2024-11-26,34.92,35.26,34.78,34.84,95924,34.84,-0.29
2024-11-25,34.52,35.24,34.5,34.94,208100,34.94,5.81
2024-11-22,33.52,33.58,32.88,33.02,133517,33.02,-2.48
2024-11-21,34,34.12,33.84,33.86,98675,33.86,-1.68
2024-11-20,34.68,34.76,34.3,34.44,96700,34.44,-1.26
2024-11-19,34.98,35.18,34.84,34.88,234743,34.88,-1.64
2024-11-18,35.6,35.64,35.34,35.46,149610,35.46,-3.64
2024-11-15,36.48,36.9,36.42,36.8,107631,36.8,0.33
2024-11-14,36.78,36.9,36.38,36.68,144100,36.68,0.60
2024-11-13,35.36,36.48,35.3,36.46,380050,36.46,2.13
2024-11-12,35.28,35.9,35.24,35.7,345123,35.7,1.71
2024-11-11,34.94,35.42,34.94,35.1,216800,35.1,4.65
2024-11-08,33.26,33.58,33.18,33.54,201450,33.54,1.45
2024-11-07,33.44,33.46,32.92,33.06,144550,33.06,-3.05
2024-11-06,34.08,34.3,33.7,34.1,349800,34.1,5.97
2024-11-05,32.04,32.38,32,32.18,74963,32.18,-0.37
2024-11-04,32.18,32.42,32.1,32.3,88952,32.3,-0.19
2024-11-01,31.86,32.36,31.76,32.36,203670,32.36,0.94
2024-10-31,31.58,32.4,31.58,32.06,251282,32.06,2.95
2024-10-30,31.3,31.48,31.06,31.14,164700,31.14,-1.02
2024-10-29,31.84,31.86,31.4,31.46,270650,31.46,-1.99
2024-10-28,32.24,32.24,32.04,32.1,41556,32.1,-0.06
2024-10-25,32.48,32.5,32.06,32.12,82100,32.12,-0.37
2024-10-24,32.12,32.58,32.04,32.24,90450,32.24,-1.47
2024-10-23,32.2,32.88,32.14,32.72,159587,32.72,2.44
2024-10-22,32.14,32.28,31.94,31.94,288053,31.94,-2.08
2024-10-21,32.24,32.76,32.1,32.62,171500,32.62,0.06
2024-10-18,32.92,32.96,32.58,32.6,162358,32.6,-1.98
2024-10-17,33.48,33.52,33.14,33.26,77313,33.26,-1.25
2024-10-16,33.5,33.82,33.4,33.68,97616,33.68,-0.82
2024-10-15,34.24,34.34,33.82,33.96,82850,33.96,-0.70
2024-10-14,34.16,34.42,34.02,34.2,54150,34.2,0.29
2024-10-11,34.32,34.36,33.98,34.1,89000,34.1,-2.07
2024-10-10,35.14,35.16,34.74,34.82,78400,34.82,-1.47
2024-10-09,35.28,35.42,35.1,35.34,83350,35.34,1.09
2024-10-08,34.5,35.4,34.48,34.96,131471,34.96,1.69
2024-10-07,34.32,34.5,34.24,34.38,33963,34.38,0.53
2024-10-04,34.14,34.4,33.7,34.2,138600,34.2,0.47
2024-10-03,34.12,34.46,33.92,34.04,44460,34.04,0.18
2024-10-02,34,34.4,33.86,33.98,64351,33.98,0.00
2024-10-01,34.18,34.18,33.6,33.98,122150,33.98,-1.96
2024-09-30,34.38,34.82,34.38,34.66,106132,34.66,1.58
2024-09-27,33.78,34.32,33.66,34.12,148050,34.12,1.61
2024-09-26,33.7,34,33.44,33.58,173100,33.58,-0.89
2024-09-25,33.74,34.12,33.7,33.88,133600,33.88,0.36
2024-09-24,34.54,34.58,33.76,33.76,248850,33.76,-2.82
2024-09-23,34.64,34.74,34.5,34.74,107250,34.74,-0.23
2024-09-20,35.16,35.32,34.72,34.82,155300,34.82,-2.52
2024-09-19,36.02,36.24,35.6,35.72,109897,35.72,-2.93
2024-09-18,36,36.82,35.36,36.8,118216,36.8,1.55
2024-09-17,36.02,36.44,35.9,36.24,34300,36.24,1.17
2024-09-16,35.78,35.98,35.64,35.82,54925,35.82,0.11
2024-09-13,35.98,36.06,35.72,35.78,95100,35.78,-1.97
2024-09-12,37,37.04,36.46,36.5,143300,36.5,-3.49
2024-09-11,37.94,38.08,37.7,37.82,69192,37.82,0.37
2024-09-10,37.76,38.16,37.62,37.68,18874,37.68,-0.84
2024-09-09,38.1,38.36,38,38,66300,38,-0.78
2024-09-06,37.86,38.6,37.64,38.3,50900,38.3,1.59
2024-09-05,37.54,38,37.52,37.7,44437,37.7,-1.62
2024-09-04,38.5,38.62,38.1,38.32,42966,38.32,-0.05
2024-09-03,38.3,38.88,38.3,38.34,55662,38.34,1.00
2024-08-30,37.6,38.2,37.48,37.96,33450,37.96,1.44
2024-08-29,37.7,37.74,37.2,37.42,55650,37.42,-1.01
2024-08-28,37.74,38.08,37.66,37.8,41200,37.8,1.45
2024-08-27,37.82,37.82,37.22,37.26,46018,37.26,-0.53
2024-08-26,37.2,37.64,37.2,37.46,33561,37.46,-0.53
2024-08-23,37.88,38.1,37.42,37.66,70029,37.66,-2.13
2024-08-22,38.26,38.86,38.24,38.48,48950,38.48,2.34
2024-08-21,37.72,38.18,37.36,37.6,39690,37.6,0.32
2024-08-20,37.04,37.84,36.98,37.48,188411,37.48,-0.69
2024-08-19,38.22,38.34,37.72,37.74,100500,37.74,0.16
2024-08-16,38.24,38.58,37.66,37.68,127674,37.68,-4.17
2024-08-15,39.5,39.94,39.12,39.32,38223,39.32,-0.66
2024-08-14,39.42,39.84,39.18,39.58,95850,39.58,1.70
2024-08-13,38.92,39.04,38.66,38.92,97824,38.92,0.41
2024-08-12,39.6,39.6,38.74,38.76,102565,38.76,-3.44
2024-08-09,40.08,40.36,39.92,40.14,14400,40.14,-0.35
2024-08-08,40.76,40.84,40.24,40.28,62524,40.28,-3.08
2024-08-07,41.1,41.62,40.92,41.56,43572,41.56,0.19
2024-08-06,41.18,41.68,41,41.48,41309,41.48,1.82
2024-08-05,41.64,41.64,40.6,40.74,99862,40.74,2.52
2024-08-02,38.84,40.58,38.56,39.74,86159,39.74,0.61
2024-08-01,39.18,39.8,38.96,39.5,93252,39.5,0.66
2024-07-31,40.26,40.26,39.24,39.24,81350,39.24,-3.54
2024-07-30,41.14,41.48,40.58,40.68,39066,40.68,-1.88
2024-07-29,41.12,41.94,41.08,41.46,19900,41.46,0.29
2024-07-26,41.62,41.66,41.22,41.34,37005,41.34,-2.04
2024-07-25,41.94,42.56,41.94,42.2,47219,42.2,3.13
2024-07-24,40.32,40.92,39.88,40.92,47900,40.92,0.74
2024-07-23,40.78,40.86,40.6,40.62,20123,40.62,-0.68
2024-07-22,41.02,41.4,40.86,40.9,30435,40.9,0.00
2024-07-19,40.98,41.04,40.58,40.9,37688,40.9,3.70
2024-07-18,38.84,39.54,38.64,39.44,18089,39.44,1.34
2024-07-17,38.4,39.08,38.14,38.92,41499,38.92,0.83
2024-07-16,39.54,39.6,38.6,38.6,189921,38.6,-3.84
2024-07-15,40.3,40.42,39.54,40.14,29698,40.14,-0.59
2024-07-12,40.78,40.82,40.24,40.38,26205,40.38,0.20
2024-07-11,40.5,40.92,39.98,40.3,49040,40.3,-3.50
2024-07-10,41.42,41.8,41.24,41.76,27824,41.76,-0.67
2024-07-09,42.04,42.44,41.88,42.04,30800,42.04,-0.33
2024-07-08,41.64,42.46,41.48,42.18,36339,42.18,2.68
2024-07-05,41.58,41.62,41,41.08,46211,41.08,-2.75
2024-07-03,42.46,42.46,41.86,42.24,29401,42.24,-2.18
2024-07-02,43.24,43.52,43,43.18,19779,43.18,0.05
2024-07-01,43.28,43.54,43.12,43.16,16252,43.16,-0.42
2024-06-28,43.08,43.42,42.1,43.34,22768,43.34,0.14
2024-06-27,43.4,43.52,43.12,43.28,52144,43.28,-2.26
2024-06-26,44.38,44.46,44.12,44.28,38018,44.28,1.84
2024-06-25,43.4,43.66,43.16,43.48,27520,43.48,1.07
2024-06-24,43.08,43.18,42.94,43.02,19280,43.02,-0.74
2024-06-21,42.14,43.54,42.14,43.34,47387,43.34,3.14
2024-06-20,42.72,42.76,41.78,42.02,36573,42.02,-2.28
2024-06-18,43.48,43.56,42.98,43,33394,43,-0.97
2024-06-17,43.28,43.76,43.16,43.42,241347,43.42,1.16
2024-06-14,43.08,43.22,42.8,42.92,45614,42.92,-2.50
2024-06-13,43.46,44.28,43.24,44.02,54277,44.02,1.52
2024-06-12,42.56,43.52,42.56,43.36,39411,43.36,-0.41
2024-06-11,43.68,43.9,43.48,43.54,23741,43.54,-0.59
2024-06-10,44,44.06,43.6,43.8,30659,43.8,-1.71
2024-06-07,43.22,44.56,43.18,44.56,81241,44.56,7.32
2024-06-06,41.9,41.94,41.3,41.52,33411,41.52,-1.42
2024-06-05,42.58,42.82,42,42.12,76103,42.12,-2.27
2024-06-04,42.72,43.5,42.72,43.1,49193,43.1,1.70
2024-06-03,42.86,42.98,42.1,42.38,39640,42.38,-1.62
2024-05-31,42.08,43.34,42.08,43.08,75526,43.08,1.27
2024-05-30,42.5,42.6,42.2,42.54,24186,42.54,-0.28
2024-05-29,42.36,42.7,42.3,42.66,27598,42.66,1.81
2024-05-28,41.74,42.22,41.66,41.9,28229,41.9,-1.92
2024-05-24,42.36,42.8,42.2,42.72,29740,42.72,-0.28
2024-05-23,41.64,42.84,41.54,42.84,48757,42.84,4.13
2024-05-22,40.08,41.26,40.04,41.14,55824,41.14,3.84
2024-05-21,39.44,39.8,39.3,39.62,16516,39.62,0.25
2024-05-20,39.82,40.06,39.2,39.52,32806,39.52,-0.80
2024-05-17,40.42,40.54,39.76,39.84,39964,39.84,-3.21
2024-05-16,41.14,41.36,40.98,41.16,19099,41.16,0.83
2024-05-15,41.54,41.98,40.68,40.82,39311,40.82,-2.53
2024-05-14,42.12,42.26,41.78,41.88,22125,41.88,-1.60
2024-05-13,42.24,42.7,42.18,42.56,20493,42.56,2.21
2024-05-10,41.6,41.84,41.3,41.64,25462,41.64,-1.56
2024-05-09,43.32,43.32,42.3,42.3,48192,42.3,-2.94
2024-05-08,43.56,43.78,43.14,43.58,19235,43.58,0.60
2024-05-07,43.24,43.44,43.1,43.32,16039,43.32,0.84
2024-05-06,42.98,43.2,42.68,42.96,37544,42.96,-2.01
2024-05-03,43.82,44.7,43.56,43.84,54292,43.84,0.18
2024-05-02,44.18,44.38,43.52,43.76,43300,43.76,0.78
2024-05-01,43.7,43.88,42.74,43.42,92024,43.42,-1.68
2024-04-30,43.54,44.18,43.24,44.16,56319,44.16,3.86
2024-04-29,42.6,42.82,42.12,42.52,66386,42.52,0.47
2024-04-26,42.22,42.74,42.18,42.32,54208,42.32,-0.61
2024-04-25,43.16,43.2,42.12,42.58,90849,42.58,-1.07
2024-04-24,43.02,43.08,42.4,43.04,55172,43.04,0.33
2024-04-23,43.3,43.3,42.58,42.9,78400,42.9,0.66
2024-04-22,42.34,42.78,42.14,42.62,92981,42.62,4.92
2024-04-19,40.88,40.94,40.18,40.62,91048,40.62,-0.59
2024-04-18,40.5,41.24,40.5,40.86,121624,40.86,-0.54
2024-04-17,40.62,41.48,40.34,41.08,90496,41.08,1.43
2024-04-16,40.94,41.4,40.24,40.5,120664,40.5,-0.25
2024-04-15,41.76,42.78,40.6,40.6,155935,40.6,-3.56
2024-04-12,40.2,42.4,39.02,42.1,369409,42.1,2.63
2024-04-11,42.1,42.46,41,41.02,125064,41.02,-3.62
2024-04-10,42.7,42.94,41.74,42.56,143022,42.56,1.92
2024-04-09,41.76,42.2,41.32,41.76,113381,41.76,-1.04
2024-04-08,42.44,42.94,42.1,42.2,126941,42.2,-1.26
2024-04-05,43.78,44,42.5,42.74,128591,42.74,-3.35
2024-04-04,44.1,44.38,43.46,44.22,80210,44.22,1.19
2024-04-03,44.6,44.64,43.62,43.7,57228,43.7,-1.67
2024-04-02,45.26,45.54,44.42,44.44,139228,44.44,-2.93
2024-04-01,45.34,46.46,45.24,45.78,78056,45.78,-2.10
2024-03-28,47.28,47.6,46.58,46.76,81493,46.76,-2.46
2024-03-27,48.32,48.32,47.86,47.94,25949,47.94,-1.20
2024-03-26,48,48.7,48,48.52,55936,48.52,-0.61
2024-03-25,48.72,48.84,48.38,48.82,22093,48.82,-0.65
2024-03-22,48.64,49.42,48.46,49.14,25078,49.14,1.49
2024-03-21,47.36,48.98,47.36,48.42,48597,48.42,0.37
2024-03-20,49.76,49.76,47.94,48.24,44399,48.24,-2.27
2024-03-19,49.32,49.76,49.32,49.36,19874,49.36,0.33
2024-03-18,49.42,49.44,49.18,49.2,12409,49.2,-0.32
2024-03-15,49.22,49.4,49,49.36,15732,49.36,0.65
2024-03-14,48.98,49.44,48.98,49.04,32525,49.04,0.91
2024-03-13,48.94,48.94,48.26,48.6,33463,48.6,-1.34
2024-03-12,48.96,49.5,48.86,49.26,62086,49.26,2.24
2024-03-11,48.26,48.4,47.98,48.18,40341,48.18,-0.29
2024-03-08,48.76,48.88,47.52,48.32,83034,48.32,-1.71
2024-03-07,49.36,49.58,49.06,49.16,62956,49.16,-1.01
2024-03-06,49.92,50.26,49.46,49.66,46932,49.66,-1.51
2024-03-05,50.38,50.68,50,50.42,64366,50.42,-1.21
2024-03-04,52.1,52.22,50.92,51.04,89106,51.04,-3.15
2024-03-01,54.22,54.84,52.52,52.7,66829,52.7,-3.97
2024-02-29,54.58,54.88,54.5,54.88,32552,54.88,-0.80
2024-02-28,55.34,55.48,55.24,55.32,5906,55.32,-0.32
2024-02-27,55.22,55.56,55.18,55.5,22411,55.5,0.25
2024-02-26,55.62,55.76,55.3,55.36,24905,55.36,0.44
2024-02-23,55.8,55.82,54.86,55.12,58150,55.12,-1.25
2024-02-22,55.72,56.02,55.7,55.82,15668,55.82,0.11
2024-02-21,55.52,55.9,55.44,55.76,11167,55.76,0.22
2024-02-20,55.46,55.76,55.4,55.64,12363,55.64,-1.24
2024-02-16,57.18,57.28,56.2,56.34,48075,56.34,-0.77
2024-02-15,56.88,57.12,56.6,56.78,30146,56.78,-1.25
2024-02-14,57.6,57.82,57.24,57.5,21933,57.5,0.17
2024-02-13,56.88,57.52,56.8,57.4,57032,57.4,2.94
2024-02-12,56.1,56.28,55.76,55.76,36133,55.76,0.40
2024-02-09,55.5,55.76,55.42,55.54,26998,55.54,0.87
2024-02-08,55.28,55.34,54.96,55.06,31978,55.06,0.25
2024-02-07,54.84,55,54.38,54.92,31331,54.92,0.15
2024-02-06,55.16,55.28,54.66,54.84,27912,54.84,-1.01
2024-02-05,55.84,55.9,55.3,55.4,24313,55.4,1.17
2024-02-02,55.1,55.2,54.62,54.76,43309,54.76,1.90
2024-02-01,54.16,54.44,53.2,53.74,71690,53.74,-1.90
2024-01-31,54.3,54.96,53.66,54.78,77707,54.78,0.18
2024-01-30,54.06,55.06,54.04,54.68,28614,54.68,-0.36
2024-01-29,54.88,55.44,54.76,54.88,25292,54.88,-1.33
2024-01-26,55.46,55.74,55.46,55.62,7940,55.62,0.29
2024-01-25,55.4,55.86,55.3,55.46,32667,55.46,-0.79
2024-01-24,54.72,55.92,54.7,55.9,43069,55.9,1.71
2024-01-23,55.2,55.36,54.84,54.96,20279,54.96,-0.76
2024-01-22,55.38,55.56,55.06,55.38,31196,55.38,0.87
2024-01-19,54.72,55.14,54.68,54.9,60459,54.9,-0.58
2024-01-18,55.82,55.84,55.2,55.22,45605,55.22,-1.57
2024-01-17,55.22,56.28,55.2,56.1,75950,56.1,2.19
2024-01-16,54.12,55.08,54.02,54.9,38062,54.9,2.08
2024-01-12,53.06,54.06,52.98,53.78,110217,53.78,-1.97
2024-01-11,54.6,55.62,54.56,54.86,29183,54.86,-0.25
2024-01-10,54.46,55.16,54.46,55,34763,55,0.55
2024-01-09,54.26,54.86,54.02,54.7,43512,54.7,-0.11
2024-01-08,55.2,55.2,54.26,54.76,69117,54.76,1.67
2024-01-05,53.68,54,52.78,53.86,94519,53.86,0.04
2024-01-04,54.04,54.24,53.68,53.84,41156,53.84,-0.19
2024-01-03,54.14,54.48,53.54,53.94,78634,53.94,1.74
2024-01-02,52.6,53.08,52.4,53.02,23756,53.02,0.53
2023-12-29,52.9,52.94,52.52,52.74,53591,52.74,0.30
2023-12-28,52.32,52.58,51.84,52.58,40567,52.58,1.35
2023-12-27,52.32,52.48,51.58,51.88,42034,51.88,-1.03
2023-12-26,52.74,53.1,52.4,52.42,14697,52.42,-1.24
2023-12-22,52.38,53.2,52.2,53.08,48888,53.08,-0.90
2023-12-21,53.76,53.96,53.54,53.56,16739,53.56,-1.29
2023-12-20,54.14,54.26,53.82,54.26,21401,54.26,1.04
2023-12-19,54.12,54.12,53.3,53.7,36737,53.7,-1.32
2023-12-18,54.56,54.72,54.02,54.42,17891,54.42,-0.77
2023-12-15,54.02,54.96,53.78,54.84,26801,54.84,1.82
2023-12-14,53.7,54.14,53.12,53.86,53152,53.86,-1.17
2023-12-13,56.78,57.08,54.48,54.5,83650,54.5,-4.39
2023-12-12,56.76,57.14,56.66,57,18727,57,0.14
2023-12-11,56.4,57.16,56.38,56.92,45950,56.92,2.23
2023-12-08,55.54,56.06,55.02,55.68,43445,55.68,2.62
2023-12-07,54.04,54.7,53.94,54.26,16273,54.26,-0.11
2023-12-06,54.06,54.52,53.76,54.32,21836,54.32,-0.69
2023-12-05,54.44,55.18,54.3,54.7,66086,54.7,0.74
2023-12-04,53.38,54.56,52.96,54.3,68717,54.3,4.38
2023-12-01,53.84,53.84,51.78,52.02,59562,52.02,-3.38
2023-11-30,53.7,54.02,53.56,53.84,36172,53.84,0.98
2023-11-29,53.52,53.56,53.04,53.32,21572,53.32,-0.30
2023-11-28,54.2,54.46,53.38,53.48,32164,53.48,-2.69
2023-11-27,55.04,55.32,54.92,54.96,20973,54.96,-1.26
2023-11-24,55.68,55.78,55.46,55.66,9220,55.66,-1.00
2023-11-22,55.62,56.28,55.5,56.22,23532,56.22,0.93
2023-11-21,55.56,55.73,55.2,55.7,18666,55.7,-2.07
2023-11-20,57.52,57.58,56.8,56.88,19011,56.88,0.39
2023-11-17,56.48,56.74,56.42,56.66,14464,56.66,0.00
2023-11-16,57.2,57.2,56.24,56.66,23572,56.66,-2.07
2023-11-15,57.6,58.02,57.58,57.86,23620,57.86,0.63
2023-11-14,57.72,57.78,57.08,57.5,32053,57.5,-1.88
2023-11-13,59.16,59.4,58.4,58.6,23548,58.6,-1.11
2023-11-10,58.6,59.34,58.52,59.26,12724,59.26,2.28
2023-11-09,58.3,58.3,57.44,57.94,27950,57.94,-0.69
2023-11-08,57.56,58.48,57.54,58.34,49709,58.34,2.01
2023-11-07,57.4,57.69,57.1,57.19,31823,57.19,0.97
2023-11-06,56.26,56.64,56.16,56.64,12105,56.64,1.51
2023-11-03,55.94,55.94,55.44,55.8,33043,55.8,-0.68
2023-11-02,56.18,56.45,56.06,56.18,13050,56.18,-0.57
2023-11-01,56.2,57,55.74,56.5,24965,56.5,0.61
2023-10-31,55.6,56.44,54.82,56.16,48892,56.16,1.19
2023-10-30,55.02,55.54,55.02,55.5,20067,55.5,1.20
2023-10-27,56.28,56.4,54.68,54.84,71218,54.84,-2.14
2023-10-26,56.5,56.76,55.78,56.04,24780,56.04,-0.34
2023-10-25,56.4,57.2,55.88,56.23,32939,56.22,-0.78
2023-10-24,57.22,57.38,56.44,56.67,19162,56.67,0.11
2023-10-23,56.28,56.73,56.24,56.61,22222,56.61,0.69
2023-10-20,56.34,56.52,55.2,56.22,78775,56.22,-0.50
2023-10-19,57.8,57.94,56.3,56.5,54270,56.5,-2.35
2023-10-18,57.9,58.6,57.22,57.86,72938,57.86,-2.89
2023-10-17,59.58,59.8,59.06,59.58,47024,59.58,-0.37
2023-10-16,59.92,60.04,59.56,59.8,27628,59.8,1.05
2023-10-13,60.66,60.74,59.04,59.18,58797,59.18,-6.48
2023-10-12,62.68,63.28,62.66,63.28,23411,63.28,0.83
2023-10-11,63,63.16,62.54,62.76,44720,62.76,-1.44
2023-10-10,64.08,64.18,63.6,63.68,13704,63.68,0.22
2023-10-09,64.76,64.78,63.5,63.54,22554,63.54,-3.49
2023-10-06,66.12,66.78,65.52,65.84,30105,65.84,-0.87
2023-10-05,66.6,67,66.42,66.42,23935,66.42,0.30
2023-10-04,66.12,66.75,66.05,66.22,27071,66.22,0.09
2023-10-03,66.14,66.44,65.6,66.16,20846,66.16,0.70
2023-10-02,65.3,65.82,65.14,65.7,26021,65.7,2.03
2023-09-29,62.46,64.44,62.46,64.39,27828,64.39,2.17
2023-09-28,62.56,63.49,62.44,63.02,49889,63.02,1.12
2023-09-27,61.54,62.62,61.54,62.32,51199,62.32,2.43
2023-09-26,60.48,60.94,60.3,60.84,30994,60.84,1.69
2023-09-25,59.34,59.88,59.18,59.83,16727,59.82,1.03
2023-09-22,59.18,59.24,58.98,59.22,6980,59.22,-0.50
2023-09-21,59.72,59.78,59.3,59.52,32172,59.52,1.45
2023-09-20,58.68,58.68,57.84,58.67,19815,58.67,-0.15
2023-09-19,58.58,58.8,58.5,58.76,6300,58.76,0.20
2023-09-18,59.02,59.19,58.62,58.64,6495,58.64,-1.15
2023-09-15,59.26,59.32,58.76,59.32,32041,59.32,-1.46
2023-09-14,60.58,60.66,59.92,60.2,26971,60.2,0.20
2023-09-13,59.76,60.14,59.68,60.08,22182,60.08,0.50
2023-09-12,60.08,60.08,59.72,59.78,19637,59.78,1.05
2023-09-11,58.72,59.24,58.7,59.16,24900,59.16,-0.27
2023-09-08,59.16,59.46,58.72,59.32,16485,59.32,-0.02
2023-09-07,59.18,59.4,58.92,59.33,14622,59.33,-0.12
2023-09-06,59.12,59.48,58.62,59.4,22122,59.4,1.02
2023-09-05,58.4,58.86,58.36,58.8,18380,58.8,1.52
2023-09-01,57.32,58.22,57.2,57.92,13258,57.92,0.07
2023-08-31,57.72,57.9,57.62,57.88,4329,57.88,0.42
2023-08-30,57.44,57.64,57.32,57.64,14407,57.64,-0.48
2023-08-29,59.16,59.18,57.92,57.92,19317,57.92,-1.86
2023-08-28,59.44,59.46,58.67,59.02,35472,59.02,-0.61
2023-08-25,59.34,60.02,58.88,59.38,23464,59.38,0.30
2023-08-24,59.36,59.52,58.83,59.2,13288,59.2,0.17
2023-08-23,59.5,59.64,58.94,59.1,26658,59.1,-2.10
2023-08-22,60.58,60.9,60.3,60.37,10851,60.37,-0.31
2023-08-21,60.46,61.12,60.46,60.56,14991,60.56,-0.48
2023-08-18,60.52,60.96,60.41,60.85,13951,60.84,0.08
2023-08-17,60.02,61.08,60,60.8,15299,60.8,0.43
2023-08-16,59.9,60.58,59.74,60.54,30403,60.54,1.20
2023-08-15,59.78,59.9,59.32,59.82,15399,59.82,0.50
2023-08-14,59.64,59.86,59.22,59.52,12602,59.52,0.68
2023-08-11,59.08,59.2,58.62,59.12,21332,59.12,0.00
2023-08-10,58.42,59.14,58.42,59.12,10725,59.12,0.34
2023-08-09,58.34,58.94,58.18,58.92,32221,58.92,0.99
2023-08-08,58.36,58.38,57.92,58.34,30697,58.34,1.30
2023-08-07,57.36,57.86,57.28,57.59,11524,57.59,0.51
2023-08-04,57.22,57.4,56.92,57.3,29642,57.3,-0.66
2023-08-03,57.76,57.78,57.46,57.68,26802,57.68,0.24
2023-08-02,56.98,57.68,56.86,57.54,33638,57.54,0.95
2023-08-01,56.78,57.15,56.5,57,37957,57,2.15
2023-07-31,55.74,55.81,55.4,55.8,21386,55.8,-0.52
2023-07-28,56.28,56.41,55.88,56.09,24992,56.09,-1.49
2023-07-27,56.24,57,56.24,56.94,50870,56.94,3.28
2023-07-26,55.5,55.7,54.94,55.13,62984,55.13,-1.02
2023-07-25,56.08,56.38,55.66,55.7,31686,55.7,-1.03
2023-07-24,55.82,56.3,55.66,56.28,31828,56.28,0.93
2023-07-21,55.82,56.08,55.64,55.76,21613,55.76,0.72
2023-07-20,54.82,55.58,54.82,55.36,16460,55.36,1.00
2023-07-19,54.98,55.26,54.78,54.81,28804,54.81,-0.05
2023-07-18,55.32,55.6,54.5,54.84,46353,54.84,-2.21
2023-07-17,56.42,56.64,56.04,56.08,23558,56.08,-0.07
2023-07-14,56,56.34,55.72,56.12,23836,56.12,0.59
2023-07-13,55.8,56.04,55.7,55.79,33138,55.79,-0.02
2023-07-12,56.22,56.27,55.75,55.8,52715,55.8,-2.69
2023-07-11,57.38,57.5,57.16,57.34,54525,57.34,-0.69
2023-07-10,57.98,58.04,57.66,57.74,29329,57.74,0.07
2023-07-07,57.98,57.98,57.14,57.7,43070,57.7,-1.60
2023-07-06,58.5,59.1,58.46,58.64,28948,58.64,0.72
2023-07-05,57.2,58.22,57.2,58.22,40123,58.22,0.80
2023-07-03,57.68,57.78,57.2,57.76,16624,57.76,-0.28
2023-06-30,58.32,58.5,57.76,57.92,48260,57.92,-1.21
2023-06-29,59.54,59.54,58.3,58.63,45013,58.63,0.29
2023-06-28,58.52,58.86,58.22,58.46,30475,58.46,0.55
2023-06-27,57.24,58.32,57.18,58.14,25693,58.14,0.97
2023-06-26,57.28,57.68,57.28,57.58,24343,57.58,-0.35
2023-06-23,56.9,57.84,56.62,57.78,40109,57.78,-0.58
2023-06-22,57.74,58.18,57.36,58.12,27961,58.12,2.14
2023-06-21,57.18,57.73,56.68,56.9,25755,56.9,0.32
2023-06-20,56.56,57.08,56.56,56.72,74613,56.72,2.09
2023-06-16,55.38,55.64,54.98,55.56,30451,55.56,0.33
2023-06-15,56.4,56.4,55.3,55.38,64263,55.38,-1.28
2023-06-14,55.48,56.4,55.32,56.1,31254,56.1,-0.18
2023-06-13,55.18,56.4,55.05,56.2,30246,56.2,1.59
2023-06-12,55.36,55.84,55.28,55.32,18312,55.32,0.27
2023-06-09,54.98,55.34,54.74,55.17,43596,55.17,0.57
2023-06-08,55.16,55.16,54.56,54.86,29010,54.86,-2.42
2023-06-07,55.07,56.24,54.55,56.22,51395,56.22,2.29
2023-06-06,54.9,55.36,54.76,54.96,25793,54.96,-0.07
2023-06-05,55.9,55.98,54.86,55,37321,55,-1.29
2023-06-02,54.18,55.75,54.18,55.72,60328,55.72,3.15
2023-06-01,54.58,54.64,53.8,54.02,40434,54.02,-1.46
2023-05-31,54.8,54.92,54.24,54.82,36940,54.82,-0.33
2023-05-30,55.22,55.5,54.8,55,26700,55,-1.22
2023-05-26,55.6,56.18,55.44,55.68,33498,55.68,-0.61
2023-05-25,55.48,56.12,55.46,56.02,84233,56.02,1.97
2023-05-24,54,55.06,54,54.94,48863,54.94,1.67
2023-05-23,54.54,54.62,53.92,54.04,39921,54.04,-0.30
2023-05-22,54.2,54.32,53.9,54.2,36630,54.2,0.41
2023-05-19,54.74,55.04,53.46,53.98,78029,53.98,-1.82
2023-05-18,54.88,55.24,54.74,54.98,71522,54.98,2.69
2023-05-17,53.5,53.96,53.44,53.54,56393,53.54,0.71
2023-05-16,52.2,53.36,52.1,53.16,59326,53.16,2.59
2023-05-15,51.78,51.9,51.46,51.82,32041,51.82,-0.35
2023-05-12,51.68,52.1,51.47,52,39827,52,0.39
2023-05-11,51.12,51.93,50.98,51.8,64290,51.8,1.73
2023-05-10,50.74,51.34,50.42,50.92,60050,50.92,0.47
2023-05-09,51.18,51.2,50.57,50.68,31437,50.68,-1.38
2023-05-08,51.36,51.5,50.93,51.39,33242,51.39,-0.21
2023-05-05,51.94,52.38,51.43,51.5,68332,51.5,3.12
2023-05-04,50.74,50.79,49.44,49.94,78922,49.94,-1.34
2023-05-03,51.43,51.76,50.54,50.62,56856,50.62,-1.56
2023-05-02,53.12,53.14,51.4,51.42,60758,51.42,-3.92
2023-05-01,52.28,53.52,52.24,53.52,21143,53.52,1.02
2023-04-28,53,53.32,52.7,52.98,20361,52.98,-0.04
2023-04-27,53.48,53.78,52.86,53,36822,53,0.00
2023-04-26,51.92,53.19,51.86,53,54989,53,1.15
2023-04-25,52.86,53.2,52.16,52.4,54369,52.4,-1.06
2023-04-24,53.3,53.67,52.82,52.96,53515,52.96,-0.54
2023-04-21,52.78,53.76,52.44,53.25,72678,53.25,2.21
2023-04-20,52.1,52.32,51.64,52.1,33444,52.1,-0.88
2023-04-19,53.08,53.14,52.46,52.56,51724,52.56,1.00
2023-04-18,52.64,52.72,51.7,52.04,53601,52.04,-0.72
2023-04-17,52.24,53.18,52.23,52.42,87449,52.42,0.96
2023-04-14,51,52.52,50.8,51.92,68634,51.92,3.51
2023-04-13,50.1,50.46,49.76,50.16,68890,50.16,-2.64
2023-04-12,51.24,52.1,51.2,51.52,46658,51.52,-0.88
2023-04-11,52.2,52.32,51.84,51.98,25385,51.98,-1.25
2023-04-10,52.62,53.1,52.46,52.64,42002,52.64,1.50
2023-04-06,51.58,52.06,51.45,51.86,51003,51.86,1.53
2023-04-05,50.74,51.58,50.46,51.08,29539,51.08,0.20
2023-04-04,52.78,52.78,50.76,50.98,85195,50.98,-3.63
2023-04-03,53.3,53.5,52.6,52.9,40102,52.9,-1.45
2023-03-31,53.14,53.86,52.98,53.68,25296,53.68,1.09
2023-03-30,53.92,54,52.98,53.1,43617,53.1,-1.63
2023-03-29,54.02,54.14,53.56,53.98,72027,53.98,1.09
2023-03-28,54.12,54.2,53.4,53.4,29770,53.4,-1.73
2023-03-27,54.74,55,54.26,54.34,66182,54.34,2.09
2023-03-24,52.22,53.3,51.98,53.23,68636,53.23,2.09
2023-03-23,53.2,53.36,51.86,52.14,55229,52.14,-2.54
2023-03-22,55.28,55.29,53.2,53.5,88276,53.5,-3.32
2023-03-21,53.96,55.56,53.96,55.34,95936,55.34,3.83
2023-03-20,53.08,53.88,52.96,53.3,76010,53.3,-0.04
2023-03-17,55.04,55.2,52.72,53.32,116552,53.32,-5.83
2023-03-16,56.12,57,55.98,56.62,63333,56.62,-0.25
2023-03-15,56.42,57.2,55.6,56.76,74551,56.76,-1.66
2023-03-14,57.4,57.98,57.24,57.72,33943,57.72,1.26
2023-03-13,57.84,58.1,56.98,57,64972,57,-4.68
2023-03-10,61.16,61.2,59.8,59.8,50575,59.8,-4.26
2023-03-09,62.82,62.82,62.16,62.46,43867,62.46,-1.82
2023-03-08,63.65,63.68,62.91,63.62,38442,63.62,0.13
2023-03-07,62.28,63.62,62.28,63.54,29628,63.54,3.57
2023-03-06,60.9,61.42,60.88,61.35,13135,61.34,1.12
2023-03-03,61.52,61.8,60.64,60.67,20121,60.67,-2.08
2023-03-02,62.18,62.2,61.8,61.96,24888,61.96,0.26
2023-03-01,61.74,62.02,60.56,61.8,24140,61.8,-1.18
2023-02-28,63.34,63.44,62.08,62.54,25698,62.54,-1.04
2023-02-27,63.24,63.56,63.04,63.2,18386,63.2,-0.69
2023-02-24,63.62,63.78,63.4,63.64,23664,63.64,1.37
2023-02-23,62.56,63.12,62.4,62.78,24625,62.78,0.29
2023-02-22,61.76,62.63,61.68,62.6,24532,62.6,1.23
2023-02-21,61.42,62.08,61.32,61.84,49835,61.84,0.75
2023-02-17,62.44,62.6,61.26,61.38,43823,61.38,-0.55
2023-02-16,62.06,62.31,61.12,61.72,66722,61.72,0.28
2023-02-15,61.84,62.12,61.54,61.55,65466,61.54,1.90
2023-02-14,60.84,61.24,59.8,60.4,36962,60.4,-0.10
2023-02-13,60.3,60.72,60.19,60.46,32519,60.46,1.07
2023-02-10,59.66,60.26,59.66,59.82,34618,59.82,-0.30
2023-02-09,58.32,60.12,58.32,60,54000,60,1.66
2023-02-08,58.64,59.38,58.64,59.02,33854,59.02,-0.54
2023-02-07,59.48,59.6,58.44,59.34,62369,59.34,-0.07
2023-02-06,59.22,59.7,58.98,59.38,47900,59.38,-0.37
2023-02-03,58.68,59.77,58.4,59.6,70817,59.6,4.97
2023-02-02,54.74,56.84,54.74,56.78,60816,56.78,4.49
2023-02-01,55.52,56.16,54.32,54.34,67625,54.34,-2.62
2023-01-31,56.12,56.28,55.64,55.8,36299,55.8,-0.68
2023-01-30,55.8,56.2,55.76,56.18,17876,56.18,0.57
2023-01-27,55.8,56.36,55.54,55.86,25939,55.86,0.40
2023-01-26,55.26,56.26,55.18,55.64,34118,55.64,1.83
2023-01-25,55.7,55.7,54.48,54.64,24776,54.64,-0.87
2023-01-24,55.52,56.28,55.06,55.12,22354,55.12,-0.68
2023-01-23,56.3,56.55,55.46,55.5,37549,55.5,-0.29
2023-01-20,55.8,56.04,55.48,55.66,61595,55.66,0.58
2023-01-19,56.28,56.39,55.2,55.34,64283,55.34,-2.98
2023-01-18,55.88,57.14,55.72,57.04,79647,57.04,0.64
2023-01-17,56.3,56.98,56.3,56.68,61262,56.68,1.30
2023-01-13,57.1,57.1,55.88,55.95,133303,55.95,-2.36
2023-01-12,57.68,58.41,57.2,57.3,60683,57.3,-2.22
2023-01-11,58.42,59.14,58.42,58.6,57704,58.6,0.17
2023-01-10,58.56,58.8,58.36,58.5,46371,58.5,-0.65
2023-01-09,58.54,59.04,58.26,58.88,45427,58.88,-0.44
2023-01-06,60.52,60.84,58.94,59.14,58045,59.14,-3.62
2023-01-05,61.16,61.82,61.06,61.36,42284,61.36,2.47
2023-01-04,59.68,60.2,59.52,59.88,32203,59.88,-1.87
2023-01-03,60.8,61.69,60.18,61.02,30104,61.02,-1.55
2022-12-30,62.2,62.57,61.8,61.98,23541,61.98,-0.86
2022-12-29,62.74,62.78,62.21,62.52,8841,62.52,-0.92
2022-12-28,63.02,63.61,62.86,63.1,13425,63.1,0.94
2022-12-27,63.16,63.22,61.18,62.51,36136,62.51,-1.79
2022-12-23,63.96,64.09,63.2,63.65,15589,63.65,-0.59
2022-12-22,63.24,64.5,63.24,64.03,37671,64.03,2.58
2022-12-21,62.22,62.48,61.81,62.42,22732,62.42,0.39
2022-12-20,62.92,63,61.9,62.18,56747,62.18,-3.42
2022-12-19,63.92,64.52,63.76,64.38,21440,64.38,0.66
2022-12-16,64.56,64.62,63.8,63.96,25623,63.96,-1.63
2022-12-15,64.7,65.14,64.45,65.02,32282,65.02,3.40
2022-12-14,62.66,63.54,62.46,62.88,34677,62.88,0.48
2022-12-13,61.98,62.91,61.6,62.58,30058,62.58,-3.40
2022-12-12,64.24,64.9,64.14,64.78,24511,64.78,1.60
2022-12-09,63.62,64.04,62.96,63.76,26010,63.76,-0.67
2022-12-08,64.06,64.34,63.81,64.19,21071,64.19,-0.11
2022-12-07,64.98,65,64.06,64.26,17209,64.26,-1.74
2022-12-06,65.1,65.67,64.92,65.4,28868,65.4,-0.52
2022-12-05,64.08,65.75,64,65.74,29154,65.74,3.53
2022-12-02,64.3,64.56,63.38,63.5,23125,63.5,0.70
2022-12-01,63.34,63.7,63,63.06,57050,63.06,-3.87
2022-11-30,66.54,67.54,65.6,65.6,43408,65.6,-2.45
2022-11-29,67.24,67.34,66.58,67.25,23079,67.24,-0.96
2022-11-28,67.16,67.92,67.02,67.9,31701,67.9,1.53
2022-11-25,67.1,67.16,66.66,66.88,16751,66.88,-0.06
2022-11-23,68.02,68.1,66.76,66.92,30882,66.92,-1.27
2022-11-22,67.5,68,67.28,67.78,35246,67.78,0.03
2022-11-21,67.38,68.24,67.35,67.76,27167,67.76,1.04
2022-11-18,66.52,67.12,66.3,67.06,30425,67.06,1.45
2022-11-17,66.22,66.4,65.96,66.1,86785,66.1,1.60
2022-11-16,64.86,65.24,64.64,65.06,20453,65.06,0.46
2022-11-15,64.9,65.5,64.16,64.76,90488,64.76,-0.71
2022-11-14,65.84,65.84,64.98,65.22,28624,65.22,-0.49
2022-11-11,66.04,66.48,65.53,65.54,44661,65.54,-1.38
2022-11-10,67.7,67.92,66.4,66.46,61694,66.46,-5.92
2022-11-09,70.02,70.79,69.22,70.64,43043,70.64,0.94
2022-11-08,73.18,73.18,69.57,69.98,161460,69.98,-4.50
2022-11-07,72.88,73.28,72.62,73.28,37334,73.28,0.85
2022-11-04,74.22,74.49,72.6,72.66,89803,72.66,-6.25
2022-11-03,78.68,78.73,77.33,77.5,65699,77.5,0.75
2022-11-02,75.06,77,73.9,76.92,38053,76.92,1.50
2022-11-01,75.42,76.28,75.3,75.78,44194,75.78,-1.99
2022-10-31,77.08,77.34,76.38,77.32,34842,77.32,1.63
2022-10-28,76.28,76.6,75.79,76.08,31302,76.08,2.09
2022-10-27,74.58,75,74.25,74.52,26178,74.52,0.35
2022-10-26,74.42,74.42,73.52,74.26,29343,74.26,-1.30
2022-10-25,75.3,75.36,74.5,75.24,35720,75.24,-0.42
2022-10-24,75.74,76.07,75.27,75.56,26200,75.56,0.67
2022-10-21,77.28,77.3,74.86,75.06,48609,75.06,-3.47
2022-10-20,77.34,77.96,76,77.76,28501,77.76,0.34
2022-10-19,77.12,77.66,76.81,77.5,30572,77.5,2.73
2022-10-18,75.08,75.98,75,75.44,25868,75.44,-0.32
2022-10-17,74.22,75.78,73.82,75.68,34299,75.68,-0.63
2022-10-14,75.12,76.38,75.06,76.16,61390,76.16,2.59
2022-10-13,75.68,76.17,73.56,74.24,71190,74.24,1.37
2022-10-12,73.68,73.93,73.02,73.24,32832,73.24,-1.08
2022-10-11,73.78,74.22,72.48,74.04,60481,74.04,0.33
2022-10-10,73.38,74.08,73.07,73.8,62920,73.8,3.10
2022-10-07,71.08,71.76,70.68,71.58,51631,71.58,2.32
2022-10-06,70.12,70.54,69.8,69.96,45070,69.96,0.29
2022-10-05,70.24,71.02,69.6,69.76,44861,69.76,0.96
2022-10-04,70.38,70.62,68.74,69.1,85702,69.1,-2.81
2022-10-03,73.94,74.1,71.02,71.1,126621,71.1,-4.69
2022-09-30,74.36,74.74,73.4,74.6,33891,74.6,0.00
2022-09-29,75.2,76.1,74.32,74.6,42861,74.6,0.00
2022-09-28,76.18,76.42,74.49,74.6,143488,74.6,-4.26
2022-09-27,77.18,77.99,76.72,77.92,52673,77.92,-0.37
2022-09-26,76.32,78.5,76.06,78.21,76817,78.2,2.24
2022-09-23,75.6,76.84,75.59,76.5,116998,76.5,3.57
2022-09-22,73.36,74.22,73.2,73.86,197883,73.86,0.11
2022-09-21,73.58,75.48,72.42,73.78,89785,73.78,-0.97
2022-09-20,74.46,74.96,74.34,74.5,32698,74.5,1.28
2022-09-19,74.68,74.72,73.56,73.56,76219,73.56,-0.23
2022-09-16,74.9,75.2,73.04,73.73,84322,73.72,-1.11
2022-09-15,72.88,74.84,72.34,74.56,65322,74.56,3.84
2022-09-14,71.14,71.98,70.92,71.8,42162,71.8,0.81
2022-09-13,71.3,71.34,70.7,71.22,42609,71.22,2.68
2022-09-12,68.96,69.38,68.54,69.36,24352,69.36,-0.94
2022-09-09,70.24,70.46,69.76,70.02,103930,70.02,-1.07
2022-09-08,70.34,71.1,70.1,70.78,36003,70.78,1.17
2022-09-07,71.6,71.64,69.78,69.96,32865,69.96,-2.04
2022-09-06,70.7,71.48,70.63,71.42,52886,71.42,1.16
2022-09-02,70.58,70.68,69.94,70.6,27193,70.6,-1.73
2022-09-01,71.62,72.38,71.48,71.84,67345,71.84,1.77
2022-08-31,70.38,70.64,69.54,70.59,32117,70.59,1.58
2022-08-30,68.82,69.62,68.82,69.49,14354,69.49,1.74
2022-08-29,68.36,68.43,67.79,68.3,14300,68.3,-0.09
2022-08-26,67.26,68.55,66.96,68.36,24530,68.36,2.34
2022-08-25,66.66,67.12,66.6,66.8,19972,66.8,-0.54
2022-08-24,67.9,67.9,66.82,67.16,22272,67.16,-0.65
2022-08-23,68.28,68.34,67.06,67.6,22129,67.6,-1.34
2022-08-22,68.5,68.69,68.19,68.52,38912,68.52,1.45
2022-08-19,66.78,67.66,66.78,67.54,36362,67.54,1.38
2022-08-18,66.04,66.82,65.84,66.62,26434,66.62,0.66
2022-08-17,65.54,66.52,65.54,66.18,25427,66.18,1.22
2022-08-16,65.41,65.52,65.22,65.38,92281,65.38,0.49
2022-08-15,64.86,65.29,64.8,65.06,42095,65.06,2.62
2022-08-12,64,64.14,63.38,63.4,16178,63.4,-1.86
2022-08-11,64.2,64.6,63.64,64.6,25246,64.6,0.53
2022-08-10,63.82,64.38,63.4,64.26,27748,64.26,0.53
2022-08-09,63.76,64.14,63.56,63.92,46921,63.92,-0.59
2022-08-08,64.84,64.92,64.24,64.3,37709,64.3,-1.71
2022-08-05,65.7,65.71,65,65.42,35873,65.42,2.22
2022-08-04,65.26,65.42,63.88,64,38095,64,-3.21
2022-08-03,65.86,66.92,65.86,66.12,36259,66.12,-0.51
2022-08-02,65.22,66.48,64.6,66.46,35800,66.46,1.16
2022-08-01,65.7,66.15,65.51,65.7,22496,65.7,-0.96
2022-07-29,66.68,67.01,65.96,66.34,90864,66.34,-0.81
2022-07-28,67.06,67.44,66.75,66.88,26735,66.88,-2.39
2022-07-27,69.96,70.3,68,68.52,22050,68.52,-2.03
2022-07-26,69.8,69.96,69.6,69.94,5752,69.94,0.26
2022-07-25,69.42,70.09,69.42,69.76,7523,69.76,0.46
2022-07-22,69.5,69.66,68.3,69.44,36138,69.44,-0.46
2022-07-21,71.56,71.56,69.7,69.76,35177,69.76,-2.83
2022-07-20,70.36,71.79,70.28,71.79,20170,71.78,1.83
2022-07-19,70.56,70.64,70.24,70.5,13324,70.5,-0.48
2022-07-18,69.9,70.9,69.64,70.84,27125,70.84,-0.03
2022-07-15,70.8,71.42,70.7,70.86,12925,70.86,0.40
2022-07-14,70.84,71.44,70.14,70.58,33019,70.58,2.80
2022-07-13,69.94,69.94,67.74,68.66,33904,68.66,-0.98
2022-07-12,68.96,69.38,68.68,69.34,35455,69.34,0.78
2022-07-11,68.32,68.9,67.95,68.8,11097,68.8,1.09
2022-07-08,68,68.37,67.18,68.06,19460,68.06,0.03
2022-07-07,67.94,68.18,67.42,68.04,29196,68.04,-0.29
2022-07-06,66.44,68.71,66.29,68.24,93178,68.24,3.21
2022-07-05,64.1,66.26,64.06,66.12,116277,66.12,4.54
2022-07-01,64.22,64.24,63.04,63.25,56690,63.25,0.11
2022-06-30,62.36,63.3,62.1,63.18,55340,63.18,1.31
2022-06-29,61.56,62.58,61.5,62.36,41923,62.36,0.13
2022-06-28,62.34,62.34,61.99,62.28,25720,62.28,0.29
2022-06-27,61.54,62.16,61.54,62.1,30455,62.1,0.23
2022-06-24,61.8,62.04,61.42,61.96,37500,61.96,0.23
2022-06-23,61,62.04,60.36,61.82,53573,61.82,1.28
2022-06-22,60.82,61.12,60.32,61.04,35798,61.04,-0.75
2022-06-21,61.18,61.56,60.7,61.5,20439,61.5,0.79
2022-06-17,60.38,61.18,60.36,61.02,33929,61.02,1.60
2022-06-16,61.64,61.9,60,60.06,57899,60.06,-2.28
2022-06-15,61.74,62.71,60.72,61.46,112179,61.46,-2.61
2022-06-14,62.34,63.38,62.34,63.11,53530,63.11,1.58
2022-06-13,61.26,62.34,61.22,62.13,65954,62.13,5.56
2022-06-10,61.54,61.8,58.63,58.86,72604,58.86,-2.84
2022-06-09,60.38,61.06,60.38,60.58,94501,60.58,0.56
2022-06-08,60.15,60.26,59.76,60.24,7286,60.24,0.10
2022-06-07,60.72,60.78,60.1,60.18,18880,60.18,-1.18
2022-06-06,60.2,60.97,60.16,60.9,10756,60.9,0.89
2022-06-03,59.64,60.54,59.5,60.36,37041,60.36,2.13
2022-06-02,59.56,59.66,59.06,59.1,15453,59.1,-2.44
2022-06-01,60.66,61.2,60.42,60.58,35019,60.58,-1.40
2022-05-31,60.34,61.44,60.16,61.44,34700,61.44,2.06
2022-05-27,59.72,60.26,59.72,60.2,19259,60.2,-0.07
2022-05-26,60.83,60.83,60.14,60.24,9925,60.24,0.42
2022-05-25,60.16,60.88,59.96,59.99,33191,59.99,1.20
2022-05-24,59.74,59.79,59.08,59.28,16974,59.28,-1.50
2022-05-23,59.98,60.53,59.88,60.18,28074,60.18,-0.82
2022-05-20,61.06,61.48,60.62,60.68,26052,60.68,-0.26
2022-05-19,61.06,61.54,60.38,60.84,140097,60.84,-2.90
2022-05-18,62.94,63,62.12,62.66,28928,62.66,-0.06
2022-05-17,61.9,62.84,61.84,62.7,40552,62.7,1.26
2022-05-16,63.4,63.4,61.9,61.92,34228,61.92,-1.89
2022-05-13,63.44,63.63,62.6,63.11,44924,63.11,1.56
2022-05-12,60.74,62.28,60.54,62.14,65038,62.14,3.36
2022-05-11,60.42,60.54,59.91,60.12,79364,60.12,-1.92
2022-05-10,59.56,61.32,59.56,61.3,62585,61.3,1.86
2022-05-09,59.22,60.2,59.22,60.18,66119,60.18,3.10
2022-05-06,58.48,58.77,57.7,58.37,13033,58.37,-0.36
2022-05-05,56.96,58.9,56.96,58.58,29904,58.58,0.69
2022-05-04,59.22,59.56,57.82,58.18,24824,58.18,-1.95
2022-05-03,59.54,59.54,58.6,59.34,134580,59.34,-0.45
2022-05-02,59.72,60.1,59.04,59.61,57430,59.61,3.71
2022-04-29,56.78,57.6,56.51,57.48,25973,57.48,-0.17
2022-04-28,58.22,58.38,57.58,57.58,15549,57.58,-1.13
2022-04-27,57.86,58.46,57.86,58.24,22796,58.24,1.64
2022-04-26,56.88,57.54,56.72,57.3,16496,57.3,-0.35
2022-04-25,57.48,57.86,57.28,57.5,43003,57.5,3.60
2022-04-22,55.28,55.78,54.78,55.5,45055,55.5,1.95
2022-04-21,54.62,55.14,54.28,54.44,56736,54.44,0.74
2022-04-20,54.64,54.64,54.04,54.04,81624,54.04,-0.95
2022-04-19,53.78,54.8,53.48,54.56,37793,54.56,3.10
2022-04-18,52.06,53,52,52.92,29852,52.92,-0.71
2022-04-14,53.12,53.88,53.04,53.3,90941,53.3,0.72
2022-04-13,52.88,53.13,52.72,52.92,16872,52.92,-0.86
2022-04-12,53.24,53.86,52.88,53.38,41406,53.38,-1.62
2022-04-11,53.7,54.9,53.64,54.26,19045,54.26,-0.99
2022-04-08,55.32,55.32,54.6,54.8,24008,54.8,-1.30
2022-04-07,55.62,55.74,55.22,55.52,19769,55.52,-0.75
2022-04-06,55.7,56.54,55.6,55.94,17915,55.94,-0.52
2022-04-05,55.06,56.26,54.78,56.23,32303,56.23,1.39
2022-04-04,55.52,55.92,55.22,55.46,11152,55.46,-1.07
2022-04-01,56,56.32,55.5,56.06,34233,56.06,1.54
2022-03-31,55.11,55.28,54.54,55.21,10961,55.21,-0.38
2022-03-30,55.62,55.62,55.21,55.42,12043,55.42,-1.55
2022-03-29,57.6,57.78,56.16,56.29,40545,56.29,-0.12
2022-03-28,55.56,56.46,54.98,56.36,38519,56.36,3.79
2022-03-25,54.7,54.84,53.9,54.3,32469,54.3,0.82
2022-03-24,54.36,54.66,53.62,53.86,110902,53.86,-1.55
2022-03-23,55.68,55.96,54.66,54.71,40705,54.7,-2.79
2022-03-22,56.02,56.82,56.02,56.28,30686,56.28,1.63
2022-03-21,56.26,56.26,55.12,55.38,110797,55.38,-1.84
2022-03-18,55.94,56.47,55.34,56.42,64619,56.42,1.88
2022-03-17,55.16,55.42,54.58,55.38,46384,55.38,-0.89
2022-03-16,56.44,57.78,55.84,55.88,55118,55.88,-1.20
2022-03-15,56.4,57,55.77,56.56,75284,56.56,3.82
2022-03-14,53.96,54.6,53.92,54.48,133773,54.48,3.34
2022-03-11,53.58,53.74,52.45,52.72,90725,52.72,1.27
2022-03-10,51.74,52.77,51.48,52.06,243949,52.06,-0.65
2022-03-09,52.36,53.02,51.77,52.4,111886,52.4,6.18
2022-03-08,51.16,51.16,48.28,49.35,115863,49.35,-5.69
2022-03-07,53.54,53.6,52.26,52.33,35018,52.33,-2.98
2022-03-04,54.98,55.3,53.83,53.94,38849,53.94,-3.28
2022-03-03,56.36,56.62,55.54,55.77,33010,55.77,-1.22
2022-03-02,56.28,57.04,56.06,56.46,52051,56.46,2.06
2022-03-01,57,57,55.32,55.32,52679,55.32,-3.86
2022-02-28,57.12,58.7,57.04,57.54,60691,57.54,-2.01
2022-02-25,58.84,59.18,58.62,58.72,45358,58.72,0.72
2022-02-24,54.88,59.4,54.88,58.3,71122,58.3,1.07
2022-02-23,58.24,58.24,57.56,57.68,49830,57.68,-0.93
2022-02-22,58.08,58.59,57.76,58.22,22389,58.22,-0.31
2022-02-18,58.45,58.78,58.36,58.4,48457,58.4,0.24
2022-02-17,58.7,58.9,58.12,58.26,88575,58.26,-2.90
2022-02-16,61,61,60,60,24405,60,-2.09
2022-02-15,61.26,61.72,61.12,61.28,26566,61.28,1.96
2022-02-14,60.8,60.86,59.92,60.1,53196,60.1,-1.15
2022-02-11,63.02,63.02,60.52,60.8,49313,60.8,-3.74
2022-02-10,63.2,63.2,62.2,63.16,29144,63.16,0.67
2022-02-09,63.12,63.24,62.58,62.74,16943,62.74,-0.63
2022-02-08,63.6,63.65,63.1,63.14,8537,63.14,-0.66
2022-02-07,64.1,64.21,63.56,63.56,68052,63.56,-1.59
2022-02-04,65.22,65.22,64.46,64.59,10671,64.59,-0.20
2022-02-03,65,65.9,64.6,64.72,26688,64.72,0.19
2022-02-02,64.98,65.1,64.32,64.6,24521,64.6,-0.71
2022-02-01,64.7,65.24,64.6,65.06,24278,65.06,-0.21
2022-01-31,65.38,65.6,65.16,65.2,12635,65.2,-1.21
2022-01-28,66.36,66.46,65.82,66,20997,66,0.73
2022-01-27,65.22,65.72,64.46,65.52,85833,65.52,2.57
2022-01-26,62.58,64,62.46,63.88,36525,63.88,3.37
2022-01-25,62.38,62.38,61.48,61.8,20000,61.8,-0.74
2022-01-24,62.38,63.08,62.14,62.26,35797,62.26,-1.08
2022-01-21,62.18,63.12,62.18,62.94,11270,62.94,0.67
2022-01-20,62.06,62.52,61.84,62.52,21713,62.52,0.55
2022-01-19,63.54,63.56,62.14,62.18,47873,62.18,-3.24
2022-01-18,64.1,64.52,63.86,64.26,6298,64.26,0.25
2022-01-14,63.8,64.22,63.54,64.1,7819,64.1,0.53
2022-01-13,63.76,64.33,63.72,63.76,15542,63.76,0.63
2022-01-12,63.72,63.84,63.28,63.36,13714,63.36,-0.50
2022-01-11,65.04,65.04,63.68,63.68,21602,63.68,-2.38
2022-01-10,65.98,65.98,65.22,65.23,11237,65.23,-0.56
2022-01-07,66.06,66.34,65.46,65.6,18609,65.6,-0.91
2022-01-06,66.08,66.32,65.69,66.2,17382,66.2,2.45
2022-01-05,63.5,64.67,63.29,64.62,7783,64.62,0.56
2022-01-04,64.82,64.84,64.2,64.26,11826,64.26,-1.53
2022-01-03,64.9,65.48,64.87,65.26,17313,65.26,3.06
2021-12-31,63.62,63.92,63.32,63.32,5745,63.32,-1.40
2021-12-30,65,65,64.19,64.22,23969,64.22,-1.41
2021-12-29,66.1,66.1,65.06,65.14,20065,65.14,0.12
2021-12-28,64.54,65.06,64.35,65.06,5627,65.06,0.77
2021-12-27,64.76,64.9,64.42,64.56,16066,64.56,-0.31
2021-12-23,65.23,65.45,64.66,64.76,7929,64.76,-0.43
2021-12-22,66.06,66.3,65.04,65.04,9029,65.04,-1.96
2021-12-21,65.88,66.56,65.84,66.34,19352,66.34,0.06
2021-12-20,65.72,66.32,65.66,66.3,11118,66.3,0.85
2021-12-17,65.02,65.74,64.74,65.74,16118,65.74,0.34
2021-12-16,66.44,66.44,65.52,65.52,111094,65.52,-2.53
2021-12-15,68.1,69.1,67.1,67.22,45896,67.22,-0.83
2021-12-14,67.92,67.92,67.26,67.78,28717,67.78,1.83
2021-12-13,66.66,66.73,66.4,66.56,8166,66.56,-0.51
2021-12-10,66.72,67.12,66.6,66.9,9213,66.9,-0.82
2021-12-09,66.9,67.58,66.9,67.45,12406,67.45,1.22
2021-12-08,66.92,67.04,66.56,66.64,7227,66.64,-0.07
2021-12-07,67.12,67.16,66.48,66.69,17832,66.68,-0.67
2021-12-06,67.26,67.34,66.77,67.14,4182,67.14,0.39
2021-12-03,67.84,68.06,66.72,66.88,21353,66.88,-1.62
2021-12-02,67.5,68.48,67.5,67.98,28988,67.98,1.10
2021-12-01,66.66,67.29,66.34,67.24,24137,67.24,-0.77
2021-11-30,65.93,67.76,64.95,67.76,44982,67.76,1.33
2021-11-29,66.68,67.02,66.46,66.87,94019,66.87,0.28
2021-11-26,65.22,67.02,65.2,66.68,39413,66.68,0.36
2021-11-24,66.86,67.02,66.24,66.44,13583,66.44,0.32
2021-11-23,66.3,66.88,66.11,66.23,24946,66.23,1.64
2021-11-22,64.32,65.4,64.02,65.16,40497,65.16,4.51
2021-11-19,61.56,62.52,61.26,62.35,53128,62.35,1.58
2021-11-18,61.34,61.62,61.15,61.38,22686,61.38,0.61
2021-11-17,61.2,61.35,60.9,61.01,23924,61,-1.85
2021-11-16,61.4,62.19,61.12,62.16,44145,62.16,1.52
2021-11-15,61.28,61.54,60.94,61.23,19647,61.22,0.31
2021-11-12,61.66,61.72,60.88,61.04,27631,61.04,-0.36
2021-11-11,61.34,61.56,61.18,61.26,36538,61.26,-1.23
2021-11-10,61.6,62.64,60.9,62.02,79846,62.02,-2.19
2021-11-09,63.82,64.27,63.41,63.41,31119,63.41,-0.94
2021-11-08,64.08,64.32,63.82,64.01,110992,64.01,-0.82
2021-11-05,65.68,66.05,64.46,64.54,39393,64.54,-2.60
2021-11-04,66.38,66.5,65.88,66.26,42690,66.26,-2.37
2021-11-03,68.3,69.05,67.7,67.87,32264,67.86,1.60
2021-11-02,66.52,66.92,66.52,66.8,93569,66.8,0.50
2021-11-01,66.6,66.66,66.22,66.47,10070,66.47,-1.12
2021-10-29,67.57,68,67.13,67.22,21434,67.22,1.83
2021-10-28,65.3,66.5,65.16,66.01,23723,66.01,-0.11
2021-10-27,66.34,67.08,66,66.08,30558,66.08,-0.60
2021-10-26,66.24,67.28,66.24,66.48,53939,66.48,1.53
2021-10-25,65.66,65.72,65.26,65.48,17851,65.48,-1.47
2021-10-22,65.62,67.28,64.95,66.46,136338,66.46,-1.03
2021-10-21,67.32,67.61,67.1,67.15,5395,67.14,0.01
2021-10-20,67.7,67.74,66.94,67.14,17525,67.14,-1.76
2021-10-19,67.48,68.48,67.44,68.34,19519,68.34,-0.60
2021-10-18,68.4,68.75,68.3,68.75,17366,68.75,0.42
2021-10-15,68.38,68.61,67.94,68.46,49256,68.46,3.23
2021-10-14,66.16,66.48,66.14,66.32,26852,66.32,-0.57
2021-10-13,68.64,68.64,66.44,66.7,75173,66.7,-3.54
2021-10-12,69.24,69.44,68.58,69.15,8971,69.15,-0.96
2021-10-11,69.7,69.82,69.33,69.82,7749,69.82,0.34
2021-10-08,67.74,69.58,67.7,69.58,32024,69.58,-0.09
2021-10-07,69.72,69.72,69.1,69.64,16771,69.64,1.04
2021-10-06,69.62,69.62,68.9,68.92,113922,68.92,-0.46
2021-10-05,69.84,70.16,69.04,69.24,28050,69.24,0.93
2021-10-04,70.02,70.16,68.47,68.6,37313,68.6,-1.07
2021-10-01,69.42,69.9,68.98,69.34,26855,69.34,-0.43
2021-09-30,71.02,71.28,68.92,69.64,54215,69.64,-3.63
2021-09-29,71.16,72.52,71.14,72.26,36399,72.26,0.89
2021-09-28,71.04,71.86,70.98,71.62,38976,71.62,1.99
2021-09-27,70.04,70.28,69.64,70.22,21361,70.22,-0.45
2021-09-24,70.78,71,69.96,70.54,16467,70.54,0.23
2021-09-23,69.94,70.54,69.83,70.38,42292,70.38,2.25
2021-09-22,68.44,69.06,67.36,68.83,41291,68.82,0.78
2021-09-21,68.44,68.72,67.8,68.3,52961,68.3,-1.27
2021-09-20,69.86,69.94,68.88,69.18,43507,69.18,-1.54
2021-09-17,70.18,70.54,69.92,70.26,23549,70.26,0.34
2021-09-16,69.72,70.68,69.7,70.02,54637,70.02,4.55
2021-09-15,66.58,67.12,66.56,66.97,10651,66.96,1.38
2021-09-14,66.62,67.09,65.86,66.06,46281,66.06,-1.46
2021-09-13,67.18,67.26,66.68,67.04,30904,67.04,-0.65
2021-09-10,66.92,67.48,66.8,67.48,13438,67.48,0.97
2021-09-09,66.6,67.74,66.56,66.83,51470,66.82,-0.73
2021-09-08,66.82,67.84,66.77,67.32,112236,67.32,0.48
2021-09-07,65.6,67,65.48,67,43543,67,3.88
2021-09-03,64.8,65.08,64.13,64.5,23392,64.5,-2.09
2021-09-02,65.86,66.22,65.62,65.88,29366,65.88,0.55
2021-09-01,65.4,65.84,65.4,65.52,11605,65.52,0.03
2021-08-31,65.88,66.26,65.42,65.5,33302,65.5,-0.49
2021-08-30,65.54,66.04,65.48,65.82,26126,65.82,0.92
2021-08-27,67.36,67.68,65.22,65.22,54655,65.22,-2.95
2021-08-26,67.66,67.9,66.88,67.2,25459,67.2,-0.30
2021-08-25,67.12,68,67.06,67.4,35754,67.4,1.51
2021-08-24,66.18,66.53,65.98,66.4,116360,66.4,-0.05
2021-08-23,66.32,66.84,66.22,66.43,52102,66.42,-2.44
2021-08-20,68,68.36,67.8,68.09,20526,68.09,-0.16
2021-08-19,67.62,68.52,67.62,68.2,45805,68.2,0.65
2021-08-18,67.72,68.48,67.54,67.76,80532,67.76,-0.16
2021-08-17,67.68,68.22,67.36,67.87,23903,67.87,0.16
2021-08-16,68.2,68.2,67.6,67.76,19713,67.76,-0.99
2021-08-13,69.58,69.7,68.38,68.44,30513,68.44,-2.84
2021-08-12,70.84,71.38,70.42,70.44,16446,70.44,-0.13
2021-08-11,71.24,71.66,70.34,70.53,106252,70.53,-2.77
2021-08-10,72.7,73.44,72.26,72.54,22804,72.54,0.03
2021-08-09,71.46,72.94,71.3,72.52,60577,72.52,3.42
2021-08-06,69.16,70.12,69.12,70.12,167892,70.12,5.10
2021-08-05,66.44,67.2,66.44,66.72,56157,66.72,0.85
2021-08-04,64.72,66.5,64.64,66.16,35861,66.16,-0.09
2021-08-03,66.26,66.36,65.92,66.22,10933,66.22,0.36
2021-08-02,66.13,66.46,65.6,65.98,5446,65.98,-0.02
2021-07-30,65.2,66.26,65.12,65.99,19612,65.98,1.71
2021-07-29,65.22,65.22,64.6,64.88,146574,64.88,-2.20
2021-07-28,67.26,67.51,66.34,66.34,26875,66.34,-1.04
2021-07-27,67,67.38,66.82,67.04,56323,67.04,-0.31
2021-07-26,66.96,67.3,66.77,67.25,24594,67.25,0.43
2021-07-23,67,67.3,66.7,66.96,29786,66.96,0.63
2021-07-22,67.02,67.3,66.48,66.54,38294,66.54,-0.30
2021-07-21,67.14,67.3,66.64,66.74,130786,66.74,0.63
2021-07-20,65.4,66.68,65.22,66.32,66278,66.32,0.27
2021-07-19,66.2,66.62,65.9,66.14,40357,66.14,-0.15
2021-07-16,65.36,66.36,65.12,66.24,39566,66.24,1.92
2021-07-15,65.14,65.58,64.88,64.99,25917,64.99,-0.08
2021-07-14,65.1,65.62,65.04,65.04,135320,65.04,-2.11
2021-07-13,66.27,66.62,65.96,66.44,32907,66.44,-0.30
2021-07-12,66.9,67.68,66.54,66.64,35467,66.64,0.27
2021-07-09,66.82,66.91,66.22,66.46,14648,66.46,-0.73
2021-07-08,66.06,67.5,66.06,66.95,161898,66.95,0.19
2021-07-07,66.88,67.24,66.6,66.82,23446,66.82,-0.86
2021-07-06,66.46,67.76,66.14,67.4,47717,67.4,-0.97
2021-07-02,67.98,68.74,67.74,68.06,152327,68.06,-1.31
2021-07-01,68.57,69.64,68.56,68.96,25476,68.96,-0.61
2021-06-30,70.44,70.62,69.14,69.38,22520,69.38,-1.10
2021-06-29,70.6,70.88,69.8,70.15,40049,70.15,2.05
2021-06-28,68.77,68.9,68.5,68.74,16472,68.74,-0.04
2021-06-25,68.18,68.94,68.02,68.77,16388,68.76,-0.54
2021-06-24,68.38,69.16,68.26,69.14,14198,69.14,0.06
2021-06-23,68.42,69.22,67.56,69.1,43906,69.1,0.12
2021-06-22,68.96,69.22,68.5,69.02,24420,69.02,0.76
2021-06-21,68.8,69.16,68.28,68.5,33108,68.5,-2.34
2021-06-18,69.14,70.14,68.76,70.14,32991,70.14,1.23
2021-06-17,68.54,69.62,68.16,69.29,207520,69.28,5.75
2021-06-16,63.42,65.54,62.28,65.52,84783,65.52,3.41
2021-06-15,62.84,63.76,62.73,63.36,26973,63.36,0.75
2021-06-14,63.96,64.12,62.64,62.89,38935,62.88,1.16
2021-06-11,61.7,62.28,61.58,62.17,27716,62.16,2.39
2021-06-10,61.44,61.58,60.66,60.72,29932,60.72,-0.88
2021-06-09,61,61.36,60.71,61.26,9829,61.26,0.29
2021-06-08,61.08,61.64,60.88,61.08,26864,61.08,0.79
2021-06-07,61.32,61.4,60.6,60.6,16280,60.6,-0.95
2021-06-04,61.52,61.52,60.88,61.18,28432,61.18,-2.24
2021-06-03,62.16,62.96,62.16,62.58,82798,62.58,4.01
2021-06-02,60.43,60.66,60.17,60.17,10910,60.17,-0.97
2021-06-01,60.18,61.2,60.18,60.76,45561,60.76,0.46
2021-05-28,61.03,61.12,60.44,60.48,14329,60.48,-0.64
2021-05-27,61.12,61.5,60.8,60.87,16179,60.87,-0.21
2021-05-26,60.48,61.33,60.31,61,53965,61,0.43
2021-05-25,61.96,62.06,60.74,60.74,40464,60.74,-1.78
2021-05-24,62,62.2,61.74,61.84,14755,61.84,-0.42
2021-05-21,61.68,62.7,61.5,62.1,48907,62.1,-0.19
2021-05-20,62.68,62.77,61.84,62.22,16736,62.22,-0.86
2021-05-19,62.76,63.28,61.42,62.76,89613,62.76,-0.13
2021-05-18,62.72,63.2,62.7,62.84,54205,62.84,-0.29
2021-05-17,64.14,64.14,62.86,63.02,49658,63.02,-2.57
2021-05-14,65.08,65.28,64.68,64.68,39252,64.68,-1.73
2021-05-13,66.44,66.44,65.74,65.82,32795,65.82,-0.81
2021-05-12,65.6,66.4,65.4,66.36,87370,66.36,1.97
2021-05-11,66.3,66.44,65.07,65.08,40984,65.08,0.00
2021-05-10,64.58,65.3,64.54,65.08,40815,65.08,-0.55
2021-05-07,65.52,65.88,64.8,65.44,89223,65.44,-1.98
2021-05-06,68.44,68.44,66.56,66.76,52374,66.76,-3.30
2021-05-05,69.56,69.56,69.04,69.04,12278,69.04,-0.92
2021-05-04,68.72,70.24,68.16,69.68,42537,69.68,1.53
2021-05-03,68.8,68.9,68.16,68.63,26890,68.63,-2.74
2021-04-30,70.3,70.78,70.3,70.56,21074,70.56,0.71
2021-04-29,70.6,71.48,70.04,70.06,43047,70.06,0.88
2021-04-28,70.44,70.58,69.4,69.45,27285,69.45,-0.63
2021-04-27,69.7,69.94,69.28,69.89,15531,69.89,0.53
2021-04-26,69.6,69.92,69.48,69.52,11080,69.52,-0.46
2021-04-23,69.02,70.34,69.02,69.84,17429,69.84,0.78
2021-04-22,69.28,69.78,69.04,69.3,10190,69.3,1.23
2021-04-21,69.26,69.26,68.21,68.46,26552,68.46,-1.89
2021-04-20,70.58,70.58,69.6,69.78,21742,69.78,-0.84
2021-04-19,70.3,70.48,69.96,70.37,18647,70.37,0.67
2021-04-16,70.06,70.18,69.54,69.9,40054,69.9,-1.30
2021-04-15,71.94,71.96,70.44,70.82,29461,70.82,-3.30
2021-04-14,73.12,73.54,72.92,73.24,11474,73.24,0.99
2021-04-13,72.76,72.93,72.22,72.52,21297,72.52,-1.52
2021-04-12,73.26,74.04,73.21,73.64,10230,73.64,1.32
2021-04-09,73.2,73.42,72.44,72.68,20478,72.68,1.48
2021-04-08,71.94,71.94,71.48,71.62,20937,71.62,-2.17
2021-04-07,73.16,73.41,72.78,73.21,16974,73.2,0.59
2021-04-06,73.2,73.2,72.54,72.78,144399,72.78,-1.66
2021-04-05,74.34,74.46,73.55,74.01,12364,74.01,0.12
2021-04-01,74.32,74.56,73.84,73.92,47373,73.92,-2.45
2021-03-31,77.8,77.8,75.2,75.78,71103,75.78,-3.05
2021-03-30,77.98,78.27,77.8,78.16,22318,78.16,3.28
2021-03-29,74.6,76.08,74.6,75.68,32310,75.68,2.44
2021-03-26,74.36,74.37,73.52,73.88,25728,73.88,-0.67
2021-03-25,73.16,74.6,72.73,74.38,38103,74.38,0.98
2021-03-24,73.94,74.04,73.38,73.66,17323,73.66,-0.79
2021-03-23,73.83,74.56,73.72,74.25,169184,74.24,1.46
2021-03-22,73.9,73.96,73.12,73.18,24734,73.18,0.27
2021-03-19,73.64,73.84,72.88,72.98,59474,72.98,-1.03
2021-03-18,75.02,75.12,73.58,73.74,47114,73.74,1.32
2021-03-17,74.08,74.6,72.27,72.78,94782,72.78,-1.48
2021-03-16,73.96,74.3,73.12,73.87,34171,73.86,-0.09
2021-03-15,73.98,74.6,73.78,73.94,152658,73.94,-0.91
2021-03-12,76.56,76.7,74.56,74.62,46655,74.62,-0.05
2021-03-11,74.74,75.06,74.36,74.66,23797,74.66,0.23
2021-03-10,75.1,75.48,74.48,74.49,49923,74.49,-1.10
2021-03-09,75.4,75.71,74.94,75.32,60972,75.32,-4.42
2021-03-08,77.66,79.13,77.6,78.8,30860,78.8,2.20
2021-03-05,76.7,77.6,76.53,77.1,46193,77.1,-0.16
2021-03-04,75.76,77.84,75.04,77.22,45922,77.22,2.14
2021-03-03,75.78,76.72,74.8,75.6,41292,75.6,2.11
2021-03-02,74.46,75.04,73.61,74.04,35294,74.04,-1.15
2021-03-01,73.64,75.18,73.28,74.9,47339,74.9,0.48
2021-02-26,71.92,75.32,71.86,74.54,209367,74.54,4.78
2021-02-25,70.28,71.32,69.76,71.14,60988,71.14,3.76
2021-02-24,69.66,70,68.46,68.56,83270,68.56,0.26
2021-02-23,68.2,69.14,67.98,68.38,40456,68.38,0.40
2021-02-22,68.98,69.02,67.86,68.11,163658,68.1,-3.06
2021-02-19,70.46,70.65,69.59,70.26,39278,70.26,-0.85
2021-02-18,70.36,71.3,70.12,70.86,29983,70.86,0.03
2021-02-17,70.42,71.24,70.04,70.84,112042,70.84,2.31
2021-02-16,69.42,69.64,67.86,69.24,72530,69.24,2.94
2021-02-12,67.68,67.9,66.58,67.26,46813,67.26,0.48
2021-02-11,65.88,67.22,65.66,66.94,37354,66.94,1.79
2021-02-10,65.42,66.12,65.38,65.76,39902,65.76,-0.69
2021-02-09,65.73,66.44,65.58,66.22,19721,66.22,-0.57
2021-02-08,66.3,66.6,65.94,66.6,32726,66.6,-2.12
2021-02-05,68.88,68.88,67.75,68.04,42697,68.04,-2.02
2021-02-04,69.4,70.08,69.36,69.44,57532,69.44,4.36
2021-02-03,66.16,66.78,66,66.54,152165,66.54,0.27
2021-02-02,66.06,66.65,66.06,66.36,42607,66.36,2.69
2021-02-01,64.06,64.75,63.9,64.62,28158,64.62,-1.91
2021-01-29,64.18,65.88,64.14,65.88,41504,65.88,0.06
2021-01-28,64.7,66.44,64.34,65.84,47482,65.84,-0.15
2021-01-27,65.82,66.66,65.4,65.94,26893,65.94,1.07
2021-01-26,65.02,65.36,64.77,65.24,11277,65.24,0.49
2021-01-25,64.28,65.44,64.24,64.92,32547,64.92,-0.12
2021-01-22,65.72,66.02,64.76,65,25229,65,1.59
2021-01-21,64.06,64.43,63.85,63.98,26983,63.98,0.13
2021-01-20,64.58,64.98,63.88,63.9,40934,63.9,-3.31
2021-01-19,65.88,66.54,65.86,66.09,29088,66.08,-1.48
2021-01-15,65.9,67.26,65.82,67.08,43188,67.08,2.41
2021-01-14,65.44,65.98,64.98,65.5,52024,65.5,0.03
2021-01-13,65.2,65.6,64.64,65.48,32936,65.48,0.83
2021-01-12,65.74,66.2,64.8,64.94,25347,64.94,-1.07
2021-01-11,66.5,66.54,65.28,65.64,34030,65.64,0.21
2021-01-08,63.18,66.79,63.14,65.5,68827,65.5,6.78
2021-01-07,61.22,61.66,61.06,61.34,23967,61.34,0.56
2021-01-06,59.98,62.02,59.98,61,66301,61,3.25
2021-01-05,59.1,59.7,58.88,59.08,26735,59.08,-0.51
2021-01-04,59.56,60.2,59.34,59.38,62925,59.38,-4.67
2020-12-31,62.38,62.94,62.28,62.29,20937,62.28,-0.65
2020-12-30,63.4,63.44,62.7,62.7,10398,62.7,-1.57
2020-12-29,63.62,64.1,63.16,63.7,32009,63.7,-0.58
2020-12-28,62.84,64.14,62.5,64.07,16172,64.06,0.57
2020-12-24,64.26,64.26,63.66,63.71,5477,63.7,-0.64
2020-12-23,64.46,64.46,63.7,64.12,28441,64.12,-1.34
2020-12-22,63.68,65,63.68,64.99,50247,64.99,1.80
2020-12-21,63.64,63.92,63.21,63.84,23222,63.84,0.63
2020-12-18,63.34,63.6,63.12,63.44,25201,63.44,0.25
2020-12-17,62.96,63.39,62.42,63.28,38766,63.28,-2.29
2020-12-16,65.4,66.12,64.72,64.76,38379,64.76,-1.13
2020-12-15,65.86,66.17,65.48,65.5,32131,65.5,-2.91
2020-12-14,67.16,67.76,66.72,67.46,34406,67.46,1.26
2020-12-11,66.92,66.94,66.02,66.62,27886,66.62,-0.51
2020-12-10,66.34,67.28,65.88,66.96,37500,66.96,0.30
2020-12-09,65.64,67.6,65.56,66.76,65358,66.76,3.58
2020-12-08,64.48,65.02,64.14,64.45,32422,64.45,-0.85
2020-12-07,66.72,66.76,64.58,65,55720,65,-2.93
2020-12-04,66.62,67.54,66.22,66.96,37528,66.96,0.60
2020-12-03,66.68,67.92,66.56,66.56,153455,66.56,-1.54
2020-12-02,68.38,68.68,67.42,67.6,57505,67.6,-1.49
2020-12-01,69.02,69.36,68.4,68.62,35598,68.62,-4.32
2020-11-30,71.74,72.28,71.24,71.72,31052,71.72,1.16
2020-11-27,71.54,71.62,70.84,70.9,23952,70.9,2.35
2020-11-25,68.96,69.46,68.5,69.27,14794,69.26,-0.01
2020-11-24,69.52,69.8,69.22,69.28,44195,69.28,3.11
2020-11-23,65.06,67.55,65.04,67.19,38762,67.19,3.96
2020-11-20,64.3,64.72,64.2,64.63,12977,64.63,-0.78
2020-11-19,65.8,65.84,65.08,65.14,25179,65.14,0.43
2020-11-18,64.24,64.92,63.9,64.86,25590,64.86,1.31
2020-11-17,63.7,64.26,63.44,64.02,11102,64.02,0.63
2020-11-16,63.54,63.76,63.08,63.62,12912,63.62,0.06
2020-11-13,63.18,63.78,63.1,63.58,22055,63.58,-1.27
2020-11-12,64.44,64.58,63.86,64.4,32260,64.4,-1.35
2020-11-11,65.54,65.66,65.12,65.28,187984,65.28,0.93
2020-11-10,63.98,64.7,63.82,64.68,30304,64.68,-0.65
2020-11-09,64.42,66.28,64.42,65.1,74126,65.1,8.83
2020-11-06,59.72,60.54,59.66,59.82,26706,59.82,-0.40
2020-11-05,61.42,61.42,59.8,60.06,33988,60.06,-4.67
2020-11-04,62.92,63.72,62.69,63,20279,63,0.19
2020-11-03,62.84,63.18,62.56,62.88,146970,62.88,-1.23
2020-11-02,64,64.22,63.64,63.66,14849,63.66,-1.91
2020-10-30,64.18,65.14,64.04,64.9,15950,64.9,-0.89
2020-10-29,65.84,65.92,65,65.48,35976,65.48,0.80
2020-10-28,64.76,65.4,64.46,64.96,165470,64.96,3.39
2020-10-27,63.12,63.12,62.6,62.83,8074,62.83,-0.60
2020-10-26,63.12,63.44,62.78,63.21,14835,63.21,0.08
2020-10-23,62.76,63.72,62.74,63.16,15084,63.16,0.19
2020-10-22,63.06,63.7,62.98,63.04,21511,63.04,2.17
2020-10-21,61.82,61.96,61.28,61.7,16074,61.7,-1.50
2020-10-20,63.24,63.4,62.41,62.64,11069,62.64,-1.04
2020-10-19,62.72,63.32,62.68,63.3,16783,63.3,-0.06
2020-10-16,62.92,63.44,62.79,63.34,11146,63.34,0.76
2020-10-15,63.86,63.86,62.72,62.86,21175,62.86,-0.76
2020-10-14,62.78,63.34,62.46,63.34,17838,63.34,-0.72
2020-10-13,63.24,64.2,63.24,63.8,32714,63.8,3.30
2020-10-12,61.74,61.94,61.58,61.76,24916,61.76,0.65
2020-10-09,62.1,62.18,61.31,61.36,51283,61.36,-3.82
2020-10-08,63.56,64.62,63.36,63.8,13291,63.8,-0.90
2020-10-07,64.44,64.92,64.22,64.38,45353,64.38,0.06
2020-10-06,62.1,64.34,61.98,64.34,36748,64.34,2.78
2020-10-05,62.98,62.98,62.12,62.6,25461,62.6,-1.07
2020-10-02,63.18,63.52,62.78,63.28,32186,63.28,0.30
2020-10-01,63.24,63.61,62.58,63.09,164968,63.09,-2.00
2020-09-30,63.92,64.5,63.28,64.38,37737,64.38,1.19
2020-09-29,64.32,64.46,63.5,63.62,40886,63.62,-1.88
2020-09-28,65.4,65.95,64.6,64.84,55345,64.84,-1.97
2020-09-25,66.54,66.92,65.88,66.14,22332,66.14,0.61
2020-09-24,66.58,67,65.18,65.74,90897,65.74,-0.78
2020-09-23,64.74,66.74,64.48,66.26,92552,66.26,4.45
2020-09-22,62.7,63.8,62.44,63.44,31919,63.44,1.02
2020-09-21,62.62,64.74,62.38,62.8,224801,62.8,4.04
2020-09-18,60.36,60.68,59.7,60.36,22394,60.36,-0.20
2020-09-17,61.2,61.5,60.44,60.48,34587,60.48,0.97
2020-09-16,59.08,60.18,59.04,59.9,43329,59.9,-0.40
2020-09-15,59.42,60.44,59.3,60.14,36412,60.14,0.59
2020-09-14,59.98,60.06,59.47,59.79,37927,59.78,-1.76
2020-09-11,60.36,61.1,60.08,60.86,28290,60.86,0.07
2020-09-10,59.6,60.9,59.36,60.82,92554,60.82,0.63
2020-09-09,60.78,61,60.32,60.44,168088,60.44,-1.95
2020-09-08,62.98,63.18,61.04,61.64,231760,61.64,0.33
2020-09-04,62,62.6,61.16,61.44,82297,61.44,-0.57
2020-09-03,61.06,62.32,60.76,61.79,77585,61.79,1.43
2020-09-02,60.14,61.6,60.14,60.92,58188,60.92,2.73
2020-09-01,58.02,59.74,58.02,59.3,54663,59.3,-0.37
2020-08-31,59.42,59.78,58.96,59.52,43466,59.52,-0.33
2020-08-28,60,60.3,58.96,59.72,53199,59.72,-3.55
2020-08-27,59.26,63.16,59.2,61.92,99985,61.92,2.31
2020-08-26,62.7,62.7,60.36,60.52,80432,60.52,-2.45
2020-08-25,62.2,63.04,62.04,62.04,94770,62.04,-0.16
2020-08-24,60.96,62.38,60.9,62.14,53440,62.14,1.17
2020-08-21,61.54,62.56,60.98,61.42,63545,61.42,1.49
2020-08-20,62.08,62.32,60.36,60.52,80274,60.52,-1.40
2020-08-19,58.26,61.64,58.07,61.38,105037,61.38,6.64
2020-08-18,57.08,59.12,56.9,57.56,61497,57.56,-1.84
2020-08-17,59.76,59.8,58.32,58.64,61991,58.64,-4.37
2020-08-14,60.78,61.94,60.53,61.32,45637,61.32,0.95
2020-08-13,61.8,62.08,59.86,60.74,61389,60.74,-4.00
2020-08-12,61.18,63.34,60.82,63.27,73223,63.26,0.65
2020-08-11,60.72,63.24,60.58,62.86,134974,62.86,10.67
2020-08-10,56.24,57.2,55.34,56.8,48343,56.8,0.64
2020-08-07,55.5,57.4,55.33,56.44,102063,56.44,3.12
2020-08-06,54.76,55.46,54.36,54.73,57214,54.73,-2.23
2020-08-05,55.88,56.46,54.98,55.98,64322,55.98,-1.86
2020-08-04,59.5,59.65,57.04,57.04,81337,57.04,-4.07
2020-08-03,59.92,60.56,59.4,59.46,43563,59.46,-0.10
2020-07-31,60.3,60.47,59.3,59.52,71789,59.52,-2.04
2020-07-30,61,61.9,60.44,60.76,67726,60.76,1.38
2020-07-29,60.52,61.64,59.22,59.93,102494,59.92,-1.40
2020-07-28,61.8,62.04,60.54,60.78,33088,60.78,-1.17
2020-07-27,61.62,62.05,60.96,61.5,44719,61.5,-3.27
2020-07-24,63.36,64,63.3,63.58,73051,63.58,-1.79
2020-07-23,65.38,65.68,63.68,64.74,51503,64.74,-1.70
2020-07-22,66.98,67.14,65.6,65.86,37319,65.86,-2.95
2020-07-21,68.36,68.4,67.66,67.86,29652,67.86,-2.72
2020-07-20,70.02,70.32,69.72,69.76,13452,69.76,-0.68
2020-07-17,70.44,70.54,70.16,70.24,8785,70.24,-1.82
2020-07-16,70.38,71.54,70.26,71.54,17767,71.54,2.46
2020-07-15,70.38,70.47,69.66,69.82,11637,69.82,-0.23
2020-07-14,70.72,70.8,69.74,69.98,17481,69.98,-0.68
2020-07-13,69.46,70.54,69.46,70.46,13779,70.46,-0.25
2020-07-10,69.88,71.08,69.8,70.64,18566,70.64,0.71
2020-07-09,69.38,70.75,69.18,70.14,24631,70.14,0.95
2020-07-08,69.1,69.56,68.72,69.48,21831,69.48,-0.98
2020-07-07,71.86,71.86,70.09,70.17,30157,70.17,-1.50
2020-07-06,71.18,71.84,71.06,71.24,17291,71.24,-0.90
2020-07-02,72.78,72.84,71.74,71.89,8798,71.88,-0.61
2020-07-01,72.24,73.34,72.14,72.33,17929,72.33,1.67
2020-06-30,72.5,72.5,70.64,71.14,24366,71.14,-1.60
2020-06-29,72.33,72.58,72,72.3,4642,72.3,0.19
2020-06-26,74.1,74.65,72.16,72.16,21033,72.16,-1.47
2020-06-25,73.14,73.66,73.12,73.24,8583,73.24,0.38
2020-06-24,73.03,73.3,71.82,72.96,26448,72.96,1.08
2020-06-23,72.84,72.84,72.15,72.18,21315,72.18,-2.18
2020-06-22,73.32,73.96,72.66,73.79,16032,73.79,-1.06
2020-06-19,75.9,75.9,74.18,74.58,21199,74.58,-2.79
2020-06-18,76.72,77.34,76.72,76.72,2273,76.72,0.52
2020-06-17,76.98,77.01,76.14,76.32,2704,76.32,-0.30
2020-06-16,76.98,77.34,76.26,76.55,3542,76.54,-0.12
2020-06-15,78.76,79.04,76.56,76.64,24723,76.64,0.42
2020-06-12,75.56,76.46,75.14,76.32,18112,76.32,-0.39
2020-06-11,75.6,76.84,74.79,76.62,18078,76.62,1.56
2020-06-10,76.84,78.22,75.31,75.44,96914,75.44,-3.16
2020-06-09,77.74,78.06,77.14,77.9,13737,77.9,-1.68
2020-06-08,80.46,80.8,79,79.23,98486,79.23,-2.35
2020-06-05,81.02,82.32,80.9,81.14,45346,81.14,4.13
2020-06-04,78.14,79.54,77.49,77.92,28380,77.92,-2.64
2020-06-03,79.24,80.76,78.62,80.03,39230,80.03,4.06
2020-06-02,75.28,77.41,75.16,76.91,10618,76.9,1.76
2020-06-01,76.3,76.38,75.32,75.58,16029,75.58,-0.63
2020-05-29,76.2,76.54,75.32,76.06,11575,76.06,-1.53
2020-05-28,76.62,77.85,76.46,77.24,40515,77.24,-0.59
2020-05-27,79.94,80.04,77.66,77.7,12760,77.7,-0.15
2020-05-26,76.06,78.12,76.06,77.82,18700,77.82,3.07
2020-05-22,75.84,75.94,75.26,75.5,4084,75.5,-1.44
2020-05-21,75.34,77.34,75.34,76.6,13495,76.6,2.87
2020-05-20,74.96,75.06,74.24,74.46,27062,74.46,-0.48
2020-05-19,75.56,75.66,74.72,74.82,6789,74.82,-1.94
2020-05-18,74.72,76.38,74.71,76.3,17929,76.3,2.31
2020-05-15,74.8,75.54,74,74.58,15746,74.58,-1.62
2020-05-14,77.3,77.3,75.38,75.81,8141,75.8,-1.97
2020-05-13,78.04,78.4,77.33,77.33,11107,77.32,-2.13
2020-05-12,78.82,79.36,77.88,79.01,10264,79,-0.60
2020-05-11,78.7,79.92,78.42,79.49,9566,79.48,1.16
2020-05-08,77.5,78.88,76.92,78.58,10904,78.58,1.84
2020-05-07,79.82,79.82,76.58,77.16,19591,77.16,-4.01
2020-05-06,80.26,81.08,79.56,80.38,18029,80.38,2.85
2020-05-05,79.04,79.52,78.02,78.15,7670,78.14,-0.40
2020-05-04,78.5,78.84,78,78.46,13703,78.46,-0.51
2020-05-01,80.92,81.02,78.48,78.86,26401,78.86,-1.33
2020-04-30,78.66,80.84,77.92,79.92,18885,79.92,3.79
2020-04-29,78.5,78.7,76.8,77,16031,77,-1.08
2020-04-28,77.38,78.86,77.32,77.84,12432,77.84,0.83
2020-04-27,76.54,77.76,76.54,77.2,19622,77.2,1.58
2020-04-24,74.9,77.14,74.82,76,11557,76,0.90
2020-04-23,75.8,76.04,74.16,75.32,84947,75.32,-1.44
2020-04-22,77.4,77.46,76,76.42,36000,76.42,-4.45
2020-04-21,81.9,82.18,79.41,79.98,94700,79.98,0.98
2020-04-20,79.98,80.16,78.32,79.2,25005,79.2,-1.59
2020-04-17,78.54,80.76,78.4,80.48,30684,80.48,4.57
2020-04-16,76.16,78,74.73,76.96,13636,76.96,1.29
2020-04-15,75.8,76.88,75.26,75.98,30361,75.98,0.85
2020-04-14,74.26,75.89,72.42,75.34,12809,75.34,1.02
2020-04-13,76.96,76.96,73.91,74.58,13065,74.58,-3.42
2020-04-09,77.68,78.4,75.43,77.22,31181,77.22,-6.63
2020-04-08,81.56,82.72,81.2,82.7,8820,82.7,0.46
2020-04-07,81.44,83.2,81.16,82.32,19523,82.32,3.03
2020-04-06,83.42,83.62,79.24,79.9,31736,79.9,-7.09
2020-04-03,86.64,87.42,85.76,86,16516,86,-1.35
2020-04-02,88.72,89.34,86.45,87.18,73128,87.18,-4.67
2020-04-01,93,94.12,90.72,91.45,12335,91.45,-1.20
2020-03-31,89.12,92.56,88.63,92.56,20832,92.56,6.03
2020-03-30,87.22,88.48,86.42,87.3,11401,87.3,1.02
2020-03-27,86.66,87.25,85.44,86.42,10227,86.42,0.21
2020-03-26,84.5,87.85,83.73,86.24,23358,86.24,-1.53
2020-03-25,87.58,89.24,86.36,87.58,27462,87.58,2.55
2020-03-24,84,88.66,82.54,85.4,43637,85.4,-12.05
2020-03-23,103.2,103.2,96.17,97.1,26635,97.1,-9.79
2020-03-20,106.4,109.14,105.62,107.64,18041,107.64,-2.66
2020-03-19,109.2,111,107.26,110.58,25770,110.58,3.13
2020-03-18,105.94,110.64,104.88,107.22,35422,107.22,4.32
2020-03-17,108.44,108.92,99.82,102.78,46584,102.78,-3.00
2020-03-16,112.4,113.47,104.57,105.96,43439,105.96,1.81
2020-03-13,96.4,105.82,94.35,104.08,43227,104.08,6.03
2020-03-12,93.72,99.08,93.72,98.16,99840,98.16,7.96
2020-03-11,88.34,91.32,88.1,90.92,16406,90.92,0.75
2020-03-10,88.42,90.26,88.32,90.24,27874,90.24,4.37
2020-03-09,85.9,91.29,85.9,86.46,14178,86.46,-0.62
2020-03-06,86.02,89.74,85.1,87,29416,87,0.03
2020-03-05,88.66,88.84,86.92,86.97,63098,86.97,-4.20
2020-03-04,90.58,91.2,90,90.78,6628,90.78,-0.25
2020-03-03,95.16,95.16,89.8,91.01,17769,91,-6.28
2020-03-02,96.16,97.28,95.33,97.11,14083,97.11,-0.97
2020-02-28,93.4,99.9,93.4,98.06,136282,98.06,6.91
2020-02-27,89.94,91.92,89.44,91.72,22122,91.72,-0.07
2020-02-26,92,92.94,90.4,91.78,25144,91.78,-0.74
2020-02-25,90.46,92.98,89.4,92.46,60382,92.46,3.46
2020-02-24,86.86,90.1,86.7,89.37,38968,89.37,-1.80
2020-02-21,91.46,91.6,90.42,91.01,21238,91.01,-3.06
2020-02-20,94.44,94.44,93.46,93.88,8612,93.88,-0.90
2020-02-19,95.63,95.76,94.6,94.73,5154,94.72,-1.14
2020-02-18,97.14,97.44,95.6,95.82,15093,95.82,-2.50
2020-02-14,98.39,98.45,98.11,98.28,1937,98.28,-0.87
2020-02-13,99.48,99.48,98.86,99.14,5676,99.14,-1.13
2020-02-12,100.64,100.64,100.01,100.27,2088,100.27,0.17
2020-02-11,99.58,100.76,99.58,100.1,13522,100.1,0.71
2020-02-10,99.38,99.5,98.97,99.39,3150,99.39,-0.36
2020-02-07,99.76,100.23,99.34,99.75,2060,99.75,-0.56
2020-02-06,100.58,100.82,100.14,100.31,12001,100.31,-1.10
2020-02-05,101.82,102.04,100.2,101.43,7426,101.42,-0.30
2020-02-04,100.94,102.48,100.94,101.74,19643,101.74,2.75
2020-02-03,98.7,99.7,98.58,99.02,7493,99.02,1.39
2020-01-31,98.3,98.43,97.42,97.66,12804,97.66,-1.21
2020-01-30,98.6,99.26,97.86,98.86,18338,98.86,-0.02
2020-01-29,99.9,99.98,98.8,98.88,6653,98.88,-1.01
2020-01-28,99.06,100.06,98.79,99.89,13633,99.89,1.82
2020-01-27,97.76,98.74,97.76,98.1,9300,98.1,-1.40
2020-01-24,100.9,100.9,99,99.49,19942,99.49,-1.14
2020-01-23,101.26,101.26,99.94,100.64,20998,100.64,-0.45
2020-01-22,101.26,101.42,101.1,101.1,4346,101.1,-0.03
2020-01-21,102.5,102.64,101.08,101.13,10519,101.12,-0.15
2020-01-17,101.5,101.68,100.72,101.28,23911,101.28,-0.49
2020-01-16,101.84,102.42,101.58,101.78,9841,101.78,0.40
2020-01-15,101.82,102.3,101.14,101.37,14476,101.37,-1.16
2020-01-14,102.94,103.28,102.46,102.56,19471,102.56,0.31
2020-01-13,101.62,102.34,101.62,102.24,14711,102.24,1.42
2020-01-10,101.74,101.74,100.7,100.81,22975,100.81,-1.19
2020-01-09,101.94,102.68,101.57,102.02,19691,102.02,1.27
2020-01-08,98.62,101.72,98.56,100.74,59525,100.74,1.51
2020-01-07,99.78,99.85,99.1,99.24,13782,99.24,-0.72
2020-01-06,98.6,100.58,98.57,99.96,32430,99.96,-2.15
2020-01-03,102.26,102.64,101.66,102.16,17258,102.16,-2.69
2020-01-02,105.06,105.7,104.58,104.98,11306,104.98,-1.35
2019-12-31,105.8,106.52,105.5,106.42,10341,106.42,-0.36
2019-12-30,106.9,106.9,106.64,106.8,10068,106.8,-0.35
2019-12-27,107.16,107.24,106.66,107.18,2497,107.18,0.21
2019-12-26,107.38,107.5,106.94,106.96,7117,106.96,-1.60
2019-12-24,109.61,109.62,108.7,108.7,2460,108.7,-2.01
2019-12-23,111.34,111.44,110.86,110.93,5650,110.92,-1.10
2019-12-20,111.92,112.32,111.72,112.16,4610,112.16,0.28
2019-12-19,112.44,112.46,111.62,111.85,3423,111.85,-0.48
2019-12-18,112.16,112.54,112.06,112.39,1528,112.39,0.04
2019-12-17,112.28,112.44,111.98,112.34,1675,112.34,0.12
2019-12-16,111.96,112.56,111.86,112.21,44671,112.21,-0.04
2019-12-13,113,113.84,112.05,112.26,4327,112.26,-0.90
2019-12-12,111,114.02,110.98,113.28,19649,113.28,0.75
2019-12-11,113.66,113.7,111.94,112.44,9299,112.44,-1.43
2019-12-10,113.76,114.46,113.68,114.07,5443,114.06,-0.53
2019-12-09,114.56,114.8,114.34,114.68,2132,114.68,-0.04
2019-12-06,114.34,114.9,114.34,114.73,48760,114.72,2.18
2019-12-05,112.42,112.42,111.7,112.28,8958,112.28,-0.04
2019-12-04,112.02,112.82,112.02,112.33,4240,112.32,0.33
2019-12-03,112.04,112.04,111.5,111.96,7508,111.96,-1.86
2019-12-02,114.9,114.9,113.76,114.08,6660,114.08,0.11
2019-11-29,115.33,115.33,113.56,113.95,3161,113.94,-1.22
2019-11-27,115.44,115.49,115.12,115.36,1992,115.36,1.08
2019-11-26,115.4,116.08,114.1,114.13,8941,114.13,-1.07
2019-11-25,114.9,115.37,114.5,115.37,9247,115.36,1.10
2019-11-22,113.08,114.11,113.08,114.11,4306,114.11,0.29
2019-11-21,112.98,114.02,112.12,113.78,8460,113.78,1.10
2019-11-20,113.3,113.34,112.2,112.54,15004,112.54,-0.04
2019-11-19,113.42,113.42,112.18,112.58,16751,112.58,-0.09
2019-11-18,112.98,113.2,112.36,112.68,14324,112.68,-0.74
2019-11-15,113.74,113.74,113.14,113.52,11052,113.52,0.59
2019-11-14,113.04,113.66,112.18,112.85,13866,112.85,-0.90
2019-11-13,114,114.3,113.42,113.87,25947,113.87,-0.67
2019-11-12,115.32,116.64,114.56,114.64,24062,114.64,-0.45
2019-11-11,114.26,116.24,114.07,115.16,16042,115.16,0.47
2019-11-08,114.27,114.62,113.36,114.62,26444,114.62,1.31
2019-11-07,110.4,114.18,110.24,113.14,30209,113.14,3.13
2019-11-06,110.4,110.42,109.3,109.71,6885,109.71,-0.95
2019-11-05,109.48,111.46,108.24,110.76,22177,110.76,3.32
2019-11-04,107,107.78,106.74,107.2,12968,107.2,0.60
2019-11-01,106.89,107.32,106.2,106.56,10087,106.56,-0.28
2019-10-31,107.52,107.52,106.45,106.86,9141,106.86,-2.02
2019-10-30,109.82,111.16,109.06,109.06,9660,109.06,-0.98
2019-10-29,110.56,110.86,109.66,110.14,5252,110.14,0.51
2019-10-28,108.62,109.92,108.62,109.58,4086,109.58,1.73
2019-10-25,106.16,108.35,106.16,107.72,9188,107.72,-0.37
2019-10-24,108.58,108.69,107.94,108.12,10068,108.12,-1.42
2019-10-23,109.3,109.68,109.08,109.68,2441,109.68,-0.50
2019-10-22,110.36,110.84,110.06,110.23,4218,110.22,-0.57
2019-10-21,109.72,111.04,109.42,110.86,8204,110.86,1.17
2019-10-18,109.74,109.84,109.51,109.58,6959,109.58,0.05
2019-10-17,109.38,109.68,108.87,109.53,4634,109.53,-0.23
2019-10-16,110,110.56,109.64,109.78,6731,109.78,-1.19
2019-10-15,110.04,111.34,110.04,111.1,7567,111.1,1.51
2019-10-14,109.74,109.8,109.14,109.45,4034,109.45,-0.81
2019-10-11,110.46,112.06,110.2,110.34,38319,110.34,1.08
2019-10-10,107.96,109.34,107.96,109.16,11512,109.16,1.72
2019-10-09,106.56,107.76,106.56,107.31,6883,107.31,0.05
2019-10-08,107.2,108.24,106.8,107.26,26227,107.26,-1.78
2019-10-07,108.44,109.75,107.64,109.2,15152,109.2,1.71
2019-10-04,107.96,108.36,106.8,107.36,11132,107.36,0.04
2019-10-03,108.22,108.22,105.4,107.32,27114,107.32,-0.85
2019-10-02,109,109.5,107.44,108.24,37760,108.24,-2.35
2019-10-01,113.46,113.83,109.96,110.84,21258,110.84,-1.05
2019-09-30,110.8,113.46,110.19,112.02,24740,112.02,3.03
2019-09-27,109.82,110.12,107.9,108.73,21319,108.72,1.11
2019-09-26,107.06,107.78,106.54,107.54,11088,107.54,0.00
2019-09-25,104.4,108.06,104.2,107.54,31973,107.54,3.80
2019-09-24,105.66,105.88,103.36,103.6,12082,103.6,-1.20
2019-09-23,105.72,105.72,104.56,104.86,12639,104.86,-1.10
2019-09-20,108.02,108.2,105.92,106.03,11017,106.03,-2.33
2019-09-19,108.06,108.78,107.84,108.56,9437,108.56,-0.64
2019-09-18,107.6,110.64,105.92,109.26,23375,109.26,1.21
2019-09-17,107.76,108.34,107.32,107.95,9348,107.95,-0.37
2019-09-16,108.08,108.92,107.52,108.35,19685,108.34,-1.64
2019-09-13,107.82,110.34,107.46,110.16,18274,110.16,1.58
2019-09-12,106.32,109,105.78,108.45,33908,108.45,-0.28
2019-09-11,109.98,109.98,108.52,108.75,13772,108.75,-1.28
2019-09-10,108.68,110.18,108.14,110.16,17562,110.16,1.75
2019-09-09,106.78,108.54,106.68,108.27,26706,108.27,0.81
2019-09-06,104.96,107.54,104.46,107.4,35591,107.4,1.65
2019-09-05,103.18,107.26,103.18,105.66,54968,105.66,4.79
2019-09-04,102.28,102.3,100.57,100.83,16140,100.83,-1.25
2019-09-03,103.26,103.5,101.58,102.11,12586,102.1,-2.80
2019-08-30,104.78,105.86,104.06,105.05,13205,105.04,0.61
2019-08-29,102.6,105.54,102.58,104.41,28795,104.4,1.45
2019-08-28,102.56,103.54,102.23,102.92,15203,102.92,0.51
2019-08-27,104.1,104.1,102.2,102.4,9531,102.4,-1.77
2019-08-26,104,104.59,103.2,104.24,12884,104.24,-0.10
2019-08-23,107.84,108.08,104.14,104.34,16946,104.34,-3.89
2019-08-22,108.62,108.78,107.92,108.56,13937,108.56,0.48
2019-08-21,108.1,108.38,107.46,108.04,8954,108.04,0.74
2019-08-20,108,108.11,107.25,107.25,10021,107.25,-1.55
2019-08-19,108.64,109.22,107.92,108.94,12554,108.94,2.39
2019-08-16,106.42,107.7,105.9,106.4,16039,106.4,1.26
2019-08-15,106.12,106.28,104.66,105.08,17391,105.08,-1.24
2019-08-14,106.16,107.52,104.95,106.4,26688,106.4,-1.36
2019-08-13,105.8,113.48,105.78,107.87,58157,107.87,1.21
2019-08-12,108.02,108.02,105.5,106.58,25583,106.56,-1.75
2019-08-09,108.84,109,107.4,108.48,11352,108.48,0.71
2019-08-08,109.04,109.34,106.9,107.72,37563,107.72,-1.08
2019-08-07,108.64,108.98,106.72,108.9,43100,108.9,-3.08
2019-08-06,113.3,113.66,112.26,112.36,8509,112.36,-1.61
2019-08-05,114.02,115.2,112.74,114.2,17514,114.2,-2.68
2019-08-02,118.38,118.4,116.28,117.34,37622,117.34,0.77
2019-08-01,123.84,123.84,116.44,116.44,41211,116.44,-4.70
2019-07-31,119.06,122.5,118.62,122.18,101855,122.18,2.62
2019-07-30,119.42,120.05,118.82,119.06,23799,119.06,-0.68
2019-07-29,120.54,121.5,119.52,119.88,21691,119.88,-1.24
2019-07-26,120.36,121.38,120.36,121.38,9125,121.38,-0.38
2019-07-25,120.3,122.28,120.3,121.84,33425,121.84,1.48
2019-07-24,119.7,120.64,119.26,120.06,20366,120.06,-1.11
2019-07-23,119.98,121.42,119.12,121.41,37940,121.41,1.19
2019-07-22,119.68,120.1,119.26,119.98,13709,119.98,0.15
2019-07-19,118.08,120.42,117.1,119.8,44075,119.8,3.03
2019-07-18,120.92,121.26,115.98,116.28,54991,116.28,-2.81
2019-07-17,122.42,122.64,119.6,119.64,23059,119.64,-3.14
2019-07-16,122.26,123.98,121.86,123.52,14058,123.52,1.70
2019-07-15,121.72,122.7,121.46,121.46,5173,121.46,0.05
2019-07-12,122.6,123.05,121.18,121.4,10773,121.4,-1.16
2019-07-11,121.4,123.24,121.19,122.83,15489,122.82,1.68
2019-07-10,122.47,123.46,120.8,120.8,18407,120.8,-3.08
2019-07-09,125.2,125.76,124.24,124.64,19739,124.64,-0.65
2019-07-08,123.8,125.46,123.8,125.46,9320,125.46,1.29
2019-07-05,125.18,126.32,123.7,123.86,33231,123.86,2.30
2019-07-03,121.2,121.86,120.34,121.08,14655,121.08,-0.44
2019-07-02,125.56,125.7,121.3,121.62,41114,121.62,-4.12
2019-07-01,125.16,127,124.82,126.84,34465,126.84,3.80
2019-06-28,122.3,123.12,121.98,122.2,12869,122.2,-0.38
2019-06-27,123.58,123.78,122.6,122.66,33053,122.66,0.16
2019-06-26,122.44,123.3,121.52,122.46,23203,122.46,1.90
2019-06-25,119.02,121.96,117.82,120.18,51306,120.18,-0.40
2019-06-24,122.76,123.18,120.58,120.66,29301,120.66,-2.87
2019-06-21,124.66,125.96,123.98,124.22,31749,124.22,-1.32
2019-06-20,127.56,127.84,125.34,125.88,23136,125.88,-5.43
2019-06-19,135.22,135.38,132.44,133.11,20585,133.11,-1.18
2019-06-18,133.5,135.96,133.21,134.7,31642,134.7,-0.94
2019-06-17,135.36,136.38,135.36,135.98,7847,135.98,0.20
2019-06-14,134.34,136.06,133.46,135.71,24423,135.71,-0.01
2019-06-13,136.88,136.92,135.3,135.73,8359,135.72,-1.19
2019-06-12,137.86,137.86,136.54,137.37,7306,137.36,-0.91
2019-06-11,139.22,139.22,138.4,138.63,7049,138.63,0.25
2019-06-10,138.14,138.9,138.1,138.29,9482,138.29,1.92
2019-06-07,135.16,136.04,134.22,135.68,16142,135.68,-1.09
2019-06-06,137.08,137.31,135.96,137.18,10041,137.18,-0.62
2019-06-05,136.32,138.44,136.02,138.04,20892,138.04,-0.33
2019-06-04,139.3,139.77,138.14,138.5,10069,138.5,-0.14
2019-06-03,141.06,141.42,138.28,138.7,69741,138.7,-2.95
2019-05-31,145,145,142.82,142.92,10073,142.92,-2.74
2019-05-30,148.84,148.96,146.84,146.94,10632,146.94,-1.28
2019-05-29,148.24,149.06,148.24,148.84,5481,148.84,-0.17
2019-05-28,149.02,149.6,149.02,149.09,4010,149.08,0.91
2019-05-24,148.06,148.62,147.72,147.74,8375,147.74,-0.18
2019-05-23,148.88,148.92,147.16,148,20814,148,-1.57
2019-05-22,150.28,150.4,149.83,150.36,4485,150.36,0.21
2019-05-21,151.12,151.2,150.04,150.04,57044,150.04,0.52
2019-05-20,149.68,149.8,149.1,149.27,5343,149.26,0.07
2019-05-17,148.22,149.94,148.22,149.16,11635,149.16,1.39
2019-05-16,145.76,147.66,145.76,147.12,8924,147.12,1.52
2019-05-15,144.22,145.2,144.08,144.92,9667,144.92,0.10
2019-05-14,144.48,145.46,144.44,144.78,11538,144.78,0.39
2019-05-13,144.32,145.06,143.8,144.22,35295,144.22,-2.08
2019-05-10,147.3,147.48,146.54,147.29,9533,147.29,-0.30
2019-05-09,148.36,148.58,146.82,147.74,8257,147.74,-0.39
2019-05-08,146.86,148.54,146.86,148.32,9399,148.32,0.54
2019-05-07,148,148.26,147.11,147.53,48479,147.52,-0.63
2019-05-06,149.06,149.12,148.02,148.47,2473,148.46,-0.30
2019-05-03,149.18,149.26,147.97,148.92,47850,148.92,-1.18
2019-05-02,151.48,151.72,150.4,150.7,55366,150.7,0.76
2019-05-01,147.74,150.06,146.74,149.56,33688,149.56,1.37
2019-04-30,148.26,148.26,147.42,147.54,5373,147.54,-0.60
2019-04-29,148.3,148.75,148.3,148.43,6465,148.43,0.91
2019-04-26,147.36,147.36,144.58,147.09,48535,147.09,-1.31
2019-04-25,148.66,149.24,147.88,149.04,15389,149.04,-0.21
2019-04-24,150.44,150.44,148.72,149.35,10619,149.35,-0.72
2019-04-23,151.44,151.62,150.22,150.43,16360,150.43,0.58
2019-04-22,149.36,149.9,149.36,149.56,27746,149.56,-0.06
2019-04-18,149.88,150.12,149.34,149.65,3783,149.65,-0.05
2019-04-17,149.38,149.94,149.32,149.72,6534,149.72,0.48
2019-04-16,149.44,149.84,148.94,149,15972,149,1.76
2019-04-15,147.44,147.65,146.08,146.42,6461,146.42,0.43
2019-04-12,145.52,145.8,144.86,145.8,6338,145.8,0.21
2019-04-11,144.12,145.84,143.82,145.49,13879,145.48,2.60
2019-04-10,142.24,142.42,141.54,141.81,4422,141.8,-0.63
2019-04-09,142.54,142.84,142.42,142.71,3800,142.7,-0.98
2019-04-08,143,144.18,143,144.12,4953,144.12,-0.89
2019-04-05,145.82,146.22,145.22,145.41,11864,145.41,0.23
2019-04-04,147.44,147.56,145.06,145.07,6830,145.07,-0.44
2019-04-03,145.92,146.1,145.46,145.71,5631,145.71,0.18
2019-04-02,145.98,145.98,145.42,145.45,9953,145.45,-0.62
2019-04-01,144.34,146.36,144.28,146.36,9798,146.36,0.79
2019-03-29,143.7,145.22,143.58,145.22,10913,145.22,-0.13
2019-03-28,144.76,145.84,144.52,145.41,33267,145.41,2.91
2019-03-27,139.82,141.54,139.69,141.3,5459,141.3,0.99
2019-03-26,139.56,140.4,139.56,139.91,14657,139.9,1.01
2019-03-25,139.34,139.4,138.12,138.51,13087,138.51,-1.45
2019-03-22,140.84,141.08,140.14,140.55,8737,140.54,-0.56
2019-03-21,139.72,142.42,139.72,141.34,8014,141.34,0.84
2019-03-20,141.64,143.66,139.54,140.16,22323,140.16,-1.19
2019-03-19,141.16,141.96,141.1,141.85,5844,141.85,-0.55
2019-03-18,142.1,142.96,142.04,142.63,2971,142.63,-0.18
2019-03-15,142.74,142.92,142.04,142.89,5176,142.89,-0.91
2019-03-14,144.4,144.7,144,144.2,12904,144.2,2.30
2019-03-13,141.46,141.66,140.77,140.96,6429,140.96,-1.39
2019-03-12,143.98,144.06,142.82,142.94,4700,142.94,-1.25
2019-03-11,144.36,145.28,144.34,144.75,5820,144.74,1.08
2019-03-08,143.48,144.2,143.08,143.2,30190,143.2,-2.22
2019-03-07,146.74,146.96,146.14,146.45,5372,146.45,0.36
2019-03-06,146.42,146.8,145.92,145.92,8937,145.92,0.14
2019-03-05,146.56,147.34,145.72,145.72,12756,145.72,-0.18
2019-03-04,146.14,146.9,145.46,145.98,22838,145.98,0.48
2019-03-01,141.68,145.28,140.66,145.28,26602,145.28,3.53
2019-02-28,138.97,140.32,138.94,140.32,37938,140.32,1.21
2019-02-27,137.94,139.32,137.8,138.64,16706,138.64,1.32
2019-02-26,137.34,137.8,136.74,136.83,12012,136.82,-0.26
2019-02-25,136.28,137.5,136.28,137.18,3100,137.18,0.20
2019-02-22,136.86,137.06,135.94,136.9,16513,136.9,-0.64
2019-02-21,135.65,137.78,135.56,137.78,9592,137.78,2.31
2019-02-20,133.78,134.88,133.3,134.67,7550,134.67,0.23
2019-02-19,135.84,135.94,134.24,134.36,13948,134.36,-2.79
2019-02-15,138.98,139.84,138.18,138.22,10656,138.22,-1.50
2019-02-14,140.86,141.44,140.02,140.33,8201,140.32,-0.99
2019-02-13,140.38,141.86,139.06,141.74,13317,141.74,0.84
2019-02-12,140.3,140.98,140.24,140.56,3294,140.56,-0.32
2019-02-11,142,142,140.74,141.01,5898,141,0.89
2019-02-08,139.98,140.09,139.54,139.77,4311,139.77,-0.65
2019-02-07,140.66,141.3,140.35,140.69,6672,140.69,-0.42
2019-02-06,140.06,141.42,139.92,141.29,7471,141.29,1.24
2019-02-05,139.5,139.88,139.42,139.56,4687,139.56,-0.34
2019-02-04,140.12,140.17,139.52,140.04,28735,140.04,0.89
2019-02-01,138.08,139.06,137.78,138.8,8814,138.8,0.20
2019-01-31,137.54,138.54,137.38,138.52,15936,138.52,-0.07
2019-01-30,140.36,140.66,137.72,138.62,90568,138.62,-1.12
2019-01-29,140.66,141.14,140.1,140.19,4639,140.19,-1.12
2019-01-28,142.86,142.86,141.68,141.78,11670,141.78,-0.59
2019-01-25,144.44,144.46,142.48,142.62,21053,142.62,-2.97
2019-01-24,146.54,147.18,146.42,146.99,10855,146.98,0.42
2019-01-23,147.34,147.34,145.86,146.37,11526,146.36,0.20
2019-01-22,146.6,147.1,146,146.08,9646,146.08,-0.52
2019-01-18,146.46,146.94,145.84,146.84,9807,146.84,1.73
2019-01-17,144.48,144.9,144.14,144.34,4873,144.34,0.31
2019-01-16,144.42,144.42,143.5,143.9,13730,143.9,-0.68
2019-01-15,143.84,145.24,143.56,144.88,18583,144.88,0.49
2019-01-14,143.82,144.48,143.82,144.17,5120,144.17,-0.52
2019-01-11,144.84,145.08,144.4,144.93,7924,144.92,-0.25
2019-01-10,144.2,145.3,143.92,145.3,9255,145.3,1.13
2019-01-09,145.06,145.06,143.5,143.67,6009,143.66,-1.22
2019-01-08,146.24,146.3,145.22,145.45,3141,145.45,0.53
2019-01-07,143.9,145.58,143.76,144.69,45537,144.68,-0.33
2019-01-04,145.8,145.8,145.17,145.17,2011,145.17,1.46
2019-01-03,144.5,144.52,143.08,143.08,2427,143.08,-1.47
2019-01-02,144.68,146.44,144.68,145.22,1067,145.22,-0.32
2018-12-31,146.26,146.26,145.52,145.68,7345,145.68,-0.19
2018-12-28,146.36,146.74,145.94,145.96,6718,145.96,-0.10
2018-12-27,147.04,147.88,146.1,146.1,4359,146.1,-2.63
2018-12-26,146.92,150.04,146.66,150.04,3625,150.04,1.00
2018-12-24,149.72,149.72,148.5,148.55,6933,148.55,-2.15
2018-12-21,150.48,151.87,150.48,151.82,4493,151.82,0.88
2018-12-20,150.63,151.58,149.6,150.49,6308,150.49,-2.98
2018-12-19,152.1,155.12,151.44,155.12,4205,155.12,1.20
2018-12-18,154,154,153.28,153.28,781,153.28,-0.45
2018-12-17,155.1,155.28,153.82,153.98,844,153.98,-1.17
2018-12-14,157.06,157.06,155.42,155.81,946,155.8,0.77
2018-12-13,155.26,155.26,154.61,154.62,1820,154.62,0.46
2018-12-12,153.66,154.24,153.56,153.91,1137,153.91,-0.43
2018-12-11,153.86,154.8,153.86,154.57,1120,154.56,0.17
2018-12-10,154.22,154.82,153.6,154.3,3976,154.3,0.69
2018-12-07,154.44,154.44,152.72,153.24,4342,153.24,-1.86
2018-12-06,154.71,156.15,154.26,156.15,3250,156.15,0.24
2018-12-04,155.06,155.84,154.9,155.78,2363,155.78,-1.07
2018-12-03,156.74,157.46,156.02,157.46,699,157.46,-1.49
2018-11-30,160.58,160.96,159.84,159.84,4385,159.84,0.38
2018-11-29,158.56,159.24,158.56,159.24,333,159.24,-0.39
2018-11-28,161.72,162.63,158.66,159.86,2419,159.86,-1.15
2018-11-27,159.88,162.42,159.68,161.72,5937,161.72,1.28
2018-11-26,159.1,159.86,159.1,159.68,1346,159.68,0.13
2018-11-23,159.42,159.48,159.42,159.48,238,159.48,0.55
2018-11-21,158.88,158.88,157.78,158.6,829,158.6,-0.88
2018-11-20,159.98,160.08,159.98,160,643,160,0.39
2018-11-19,159.58,160.1,159.12,159.38,1285,159.38,-0.18
2018-11-16,158.46,160.1,158.46,159.66,1773,159.66,-1.37
2018-11-15,161.7,161.98,161.52,161.88,2858,161.88,-0.36
2018-11-14,164.88,165.26,161.26,162.46,7047,162.46,-1.55
2018-11-13,164.96,165.38,157.86,165.02,3982,165.02,-0.04
2018-11-12,164.16,165.08,164.02,165.08,4014,165.08,1.50
2018-11-09,162.5,163.48,162,162.64,2820,162.64,2.10
2018-11-08,158.88,159.3,158.8,159.3,3381,159.3,0.71
2018-11-07,157.68,158.38,157.68,158.18,1251,158.18,-0.19
2018-11-06,157.42,158.56,157.42,158.48,1627,158.48,0.78
2018-11-05,157.5,157.74,156.76,157.26,2086,157.26,0.33
2018-11-02,156.54,156.98,155.18,156.75,2899,156.75,0.22
2018-11-01,157.56,157.8,156.26,156.4,4645,156.4,-2.97
2018-10-31,161.4,161.93,161.04,161.18,12720,161.18,1.77
2018-10-30,158.64,158.66,158.38,158.38,1287,158.38,0.55
2018-10-29,157.1,158.68,156.96,157.52,8124,157.52,0.81
2018-10-26,155.98,156.46,154.04,156.26,4163,156.26,-0.61
2018-10-25,156.76,157.6,156.76,157.22,2365,157.22,0.40
2018-10-24,157.16,157.64,156.6,156.6,1626,156.6,-0.43
2018-10-23,154.9,157.28,154.82,157.28,3450,157.28,-1.29
2018-10-22,159.48,160.28,159.18,159.34,9913,159.34,0.63
2018-10-19,157.68,158.34,157.68,158.34,1516,158.34,-0.01
2018-10-18,158.72,158.84,157.02,158.36,16756,158.36,-0.36
2018-10-17,158.52,159.3,156.96,158.94,5980,158.94,0.29
2018-10-16,156.8,158.48,156.76,158.48,4098,158.48,0.10
2018-10-15,158.12,158.32,157.18,158.32,10267,158.32,-1.17
2018-10-12,159.28,160.48,158.94,160.2,10105,160.2,0.65
2018-10-11,163.16,163.32,158.12,159.16,48449,159.16,-4.73
2018-10-10,168.84,168.84,166.8,167.06,1447,167.06,-0.48
2018-10-09,169.56,169.8,167.84,167.86,2254,167.86,-0.45
2018-10-08,168.84,169.5,168.6,168.62,2593,168.62,2.57
2018-10-05,164.44,165.04,163.88,164.4,1208,164.4,-0.52
2018-10-04,164.28,165.86,163,165.26,3430,165.26,-0.25
2018-10-03,164.36,165.7,163.82,165.68,1477,165.68,0.85
2018-10-02,164.6,165.46,163.02,164.28,5405,164.28,-2.29
2018-10-01,168.66,169.2,168.07,168.13,7711,168.12,0.38
2018-09-28,169.02,169.08,166.84,167.5,5201,167.5,-1.20
2018-09-27,169.54,170.1,168.84,169.53,5973,169.52,1.75
2018-09-26,166.64,167.48,165.82,166.61,6555,166.61,0.96
2018-09-25,164.43,165.17,164.22,165.02,2132,165.02,-0.23
2018-09-24,164.1,165.48,163.8,165.4,2600,165.4,-0.36
2018-09-21,166.86,167.3,165.02,166,13107,166,1.74
2018-09-20,163,164,162.54,163.16,5815,163.16,-0.56
2018-09-19,164.36,164.7,163.38,164.08,3006,164.08,-1.00
2018-09-18,164.52,165.81,164.51,165.73,1747,165.73,0.50
2018-09-17,164.74,164.94,163.7,164.9,1871,164.9,-1.01
2018-09-14,164.2,166.71,164.2,166.58,2767,166.58,1.31
2018-09-13,161.78,164.85,161.55,164.42,13425,164.42,0.54
2018-09-12,166.42,166.42,162.8,163.53,1999,163.52,-1.49
2018-09-11,167.97,168.36,165.62,166,2310,166,-0.30
2018-09-10,165.68,166.51,165.68,166.5,1704,166.5,0.31
2018-09-07,165.78,166.26,165,165.99,2464,165.98,0.48
2018-09-06,163,165.31,162.84,165.2,1711,165.2,-0.42
2018-09-05,165.74,166.1,165.34,165.9,3959,165.9,-0.57
2018-09-04,167.4,167.72,166.8,166.85,6422,166.85,1.11
2018-08-31,164.75,165.32,163.8,165.02,1438,165.02,0.13
2018-08-30,163.96,165.62,163.96,164.8,1799,164.8,0.84
2018-08-29,163.8,164.38,163.26,163.42,5697,163.42,-0.87
2018-08-28,161.22,164.86,161.22,164.86,1297,164.86,1.51
2018-08-27,162.66,163.04,161.28,162.41,4243,162.4,-0.57
2018-08-24,165.98,166,161.98,163.34,4890,163.34,-3.26
2018-08-23,167.44,169.11,167.23,168.84,6613,168.84,1.71
2018-08-22,165.32,166.5,165.32,166,4312,166,-0.34
2018-08-21,167.3,167.74,166.28,166.56,3964,166.56,-0.75
2018-08-20,168.26,168.97,167.82,167.82,3272,167.82,-0.77
2018-08-17,170.32,171.38,169.07,169.12,4218,169.12,-1.89
2018-08-16,171.32,172.4,169.48,172.38,7808,172.38,0.14
2018-08-15,169.26,172.42,168.9,172.14,9488,172.14,3.57
2018-08-14,166.14,166.93,165.24,166.2,4480,166.2,-0.24
2018-08-13,164.9,166.84,164.62,166.6,4988,166.6,2.94
2018-08-10,161.06,161.96,160.04,161.84,5175,161.84,0.12
2018-08-09,160.98,161.89,160.49,161.64,3033,161.64,-0.22
2018-08-08,161.46,162.38,161.46,162,4389,162,-0.02
2018-08-07,161.3,162.04,161.18,162.03,4683,162.02,-0.37
2018-08-06,162.28,162.72,161.79,162.63,3269,162.63,1.01
2018-08-03,160.6,161,159.47,161,8528,161,-0.74
2018-08-02,160.14,163.1,160.14,162.2,4448,162.2,1.19
2018-08-01,159.49,160.3,158.78,160.3,8980,160.3,1.46
2018-07-31,159.52,159.6,157.28,158,4718,158,-0.44
2018-07-30,158.7,158.89,157.85,158.7,3194,158.7,0.04
2018-07-27,158.46,158.64,157.56,158.64,2788,158.64,0.13
2018-07-26,157.2,158.64,156.76,158.43,3222,158.42,1.44
2018-07-25,156.09,156.88,156,156.18,6686,156.18,-1.10
2018-07-24,157.44,158.1,157.22,157.91,2659,157.9,-0.02
2018-07-23,157.28,158.68,157.28,157.94,12969,157.94,1.04
2018-07-20,156.72,157.08,155.4,156.32,8029,156.32,-1.37
2018-07-19,160,160.36,156.96,158.49,3061,158.49,1.04
2018-07-18,157.94,158.48,156.71,156.86,5560,156.86,-0.09
2018-07-17,156,157.58,155.68,157,11035,157,1.90
2018-07-16,153.98,154.4,153.26,154.07,1462,154.07,0.33
2018-07-13,153.54,153.9,153.18,153.57,4331,153.56,0.85
2018-07-12,152.6,152.6,151.94,152.28,5774,152.28,-0.63
2018-07-11,151.23,153.34,150.96,153.24,6434,153.24,2.27
2018-07-10,150.26,150.53,149.84,149.84,1967,149.84,0.48
2018-07-09,148.18,149.46,147.8,149.12,5247,149.12,-0.74
2018-07-06,149.4,150.42,149.37,150.23,4241,150.23,0.34
2018-07-05,150.02,150.3,149.13,149.72,16136,149.72,-0.58
2018-07-03,151.4,151.4,149.62,150.6,4389,150.6,-1.95
2018-07-02,151.74,153.59,151.56,153.59,3829,153.58,1.87
2018-06-29,151.18,151.71,150.24,150.77,3049,150.77,-0.68
2018-06-28,150.82,151.92,150.79,151.8,2825,151.8,0.74
2018-06-27,150,150.8,149.32,150.68,4870,150.68,0.99
2018-06-26,149.64,149.64,148.27,149.2,5819,149.2,1.14
2018-06-25,147.42,147.52,147.1,147.52,2156,147.52,0.64
2018-06-22,146.64,146.98,145.92,146.58,4006,146.58,0.19
2018-06-21,147.28,147.93,146.3,146.3,10776,146.3,-0.12
2018-06-20,145.28,146.76,145.28,146.48,4763,146.48,0.98
2018-06-19,145.32,145.82,144.72,145.06,4548,145.06,0.44
2018-06-18,143.78,144.42,143.58,144.42,16090,144.42,0.26
2018-06-15,141.94,144.96,141.94,144.04,22021,144.04,3.55
2018-06-14,138.58,139.48,138.58,139.1,7369,139.1,-0.32
2018-06-13,140.64,141.08,139.44,139.55,6986,139.54,-0.68
2018-06-12,140.12,140.77,139.6,140.5,6703,140.5,0.54
2018-06-11,139.8,139.8,139.08,139.75,5280,139.75,-0.22
2018-06-08,139.78,140.12,139.74,140.06,10919,140.06,0.03
2018-06-07,140,140.46,139.82,140.02,3289,140.02,-0.03
2018-06-06,139.58,140.76,139.58,140.06,8352,140.06,-0.06
2018-06-05,140.95,141.31,139.62,140.15,4358,140.15,-0.81
2018-06-04,140.14,141.58,140.14,141.3,2107,141.3,0.14
2018-06-01,140.88,141.24,140.24,141.1,4028,141.1,0.99
2018-05-31,139.22,139.72,138.52,139.72,5918,139.72,0.34
2018-05-30,139.34,139.46,138.84,139.24,4194,139.24,0.06
2018-05-29,140.2,140.52,138.62,139.16,14852,139.16,-0.10
2018-05-25,138.32,139.36,138.32,139.3,4891,139.3,0.65
2018-05-24,139.76,139.8,137.92,138.4,38411,138.4,-1.83
2018-05-23,141.76,142,140.8,140.98,5168,140.98,-0.55
2018-05-22,140.68,141.76,140.44,141.76,5802,141.76,0.43
2018-05-21,141.88,142.44,141.08,141.16,8074,141.16,0.13
2018-05-18,141.67,141.9,140.54,140.98,6028,140.98,-0.36
2018-05-17,141.66,142.12,141.28,141.49,3129,141.48,0.01
2018-05-16,141.26,142.22,140.84,141.48,5367,141.48,0.30
2018-05-15,140.38,141.98,140.3,141.06,7216,141.06,3.25
2018-05-14,135.26,137.1,134.96,136.62,4275,136.62,0.88
2018-05-11,134.4,135.95,134.22,135.43,4041,135.43,0.11
2018-05-10,135.12,135.88,134.74,135.28,12847,135.28,-1.15
2018-05-09,136.72,137.24,136,136.86,3158,136.86,0.34
2018-05-08,137.34,138.3,135.74,136.4,12581,136.4,-0.01
2018-05-07,136.82,137.02,136.22,136.42,43338,136.42,0.10
2018-05-04,137.34,137.93,136.28,136.29,3207,136.29,-0.37
2018-05-03,136.16,137.02,135.76,136.79,2084,136.78,-1.29
2018-05-02,137.87,138.88,136.58,138.58,10913,138.58,0.20
2018-05-01,137.86,138.8,137.86,138.3,8407,138.3,1.49
2018-04-30,136.76,137.16,135.02,136.27,6609,136.27,1.33
2018-04-27,134.8,135.17,134.24,134.48,14896,134.48,-0.90
2018-04-26,134.59,136.09,134.59,135.7,52889,135.7,0.85
2018-04-25,134.98,135.26,134.51,134.56,3647,134.56,1.32
2018-04-24,134.02,134.08,129.58,132.81,9505,132.8,-1.23
2018-04-23,134.16,134.78,133.9,134.46,10008,134.46,1.57
2018-04-20,131.84,132.38,131.34,132.38,7296,132.38,1.90
2018-04-19,129.88,130.94,129.66,129.91,14893,129.91,0.37
2018-04-18,128.3,129.62,128.14,129.43,14455,129.43,-0.22
2018-04-17,131.12,131.3,129.63,129.72,6089,129.72,-0.22
2018-04-16,129.8,130,129.08,130,2724,130,-0.18
2018-04-13,130.8,130.96,129.84,130.23,9962,130.22,-1.42
2018-04-12,130.59,132.38,130.59,132.1,6458,132.1,2.27
2018-04-11,129.36,129.58,126.16,129.17,61252,129.16,-1.31
2018-04-10,131.04,132.14,130.8,130.88,5883,130.88,-0.44
2018-04-09,132.5,132.84,131.38,131.46,4661,131.46,-0.75
2018-04-06,131.92,132.88,131.92,132.46,5050,132.46,-0.97
2018-04-05,134.36,134.4,133.2,133.76,5461,133.76,1.04
2018-04-04,130.2,132.5,129.76,132.38,9635,132.38,-0.11
2018-04-03,132.4,133.2,132.08,132.52,8903,132.52,1.63
2018-04-02,132.38,132.38,130,130.4,8215,130.4,-2.66
2018-03-29,134.5,134.56,133.82,133.96,5558,133.96,0.14
2018-03-28,132.44,134.19,132.24,133.77,6241,133.76,2.74
2018-03-27,130.82,131,130,130.2,7246,130.2,1.34
2018-03-26,128.94,129.03,127.89,128.48,10619,128.48,-1.09
2018-03-23,129.46,130.02,128.6,129.9,7560,129.9,-2.51
2018-03-22,133.14,134,132.7,133.25,44448,133.25,0.63
2018-03-21,134.68,135.34,132,132.42,16323,132.42,-3.43
2018-03-20,136.78,137.62,136.54,137.13,36143,137.13,1.10
2018-03-19,136.38,136.92,135.1,135.64,46220,135.64,-0.65
2018-03-16,135.8,137.1,135.62,136.53,28902,136.53,0.61
2018-03-15,135.2,135.88,134.76,135.7,13977,135.7,1.37
2018-03-14,134.44,134.72,133.82,133.86,3153,133.86,0.10
2018-03-13,133.91,134.98,133.2,133.73,44815,133.72,-0.31
2018-03-12,135.2,135.52,134.1,134.14,6940,134.14,-0.06
2018-03-09,136,136,133.87,134.22,25156,134.22,-0.12
2018-03-08,133.92,135.12,133.92,134.38,21650,134.38,0.19
2018-03-07,132.78,134.46,132.5,134.13,53539,134.13,1.44
2018-03-06,132.8,132.86,131.11,132.22,17590,132.22,-2.13
2018-03-05,134.54,135.16,134.46,135.1,5789,135.1,0.38
2018-03-02,133.7,135.32,133.7,134.59,5715,134.59,-0.69
2018-03-01,137.42,138.42,134.78,135.52,18403,135.52,0.00
2018-02-28,135.28,135.74,134.4,135.52,8624,135.52,0.10
2018-02-27,133.2,136.24,133.2,135.38,11101,135.38,2.37
2018-02-26,132.3,132.78,131.6,132.25,12809,132.25,-0.55
2018-02-23,133.18,133.46,132.98,132.98,2344,132.98,0.23
2018-02-22,133.48,133.5,132.58,132.68,6699,132.68,-1.09
2018-02-21,132.54,134.66,131.78,134.14,52405,134.14,1.10
2018-02-20,130.54,133.38,130.52,132.68,20762,132.68,2.47
2018-02-16,128.3,129.9,127.84,129.48,22719,129.48,0.87
2018-02-15,128.14,129.5,127.94,128.36,13654,128.36,-0.16
2018-02-14,132.48,132.48,127.94,128.56,28625,128.56,-3.34
2018-02-13,134.08,134.32,133,133,54042,133,-1.04
2018-02-12,135.1,135.22,133.8,134.4,17778,134.4,-1.23
2018-02-09,136.3,136.68,135.2,136.08,17110,136.08,0.47
2018-02-08,135.66,136.8,134.44,135.44,11626,135.44,-0.37
2018-02-07,134.54,136.4,133.98,135.94,18691,135.94,1.06
2018-02-06,132.08,134.9,132.08,134.52,45382,134.52,2.19
2018-02-05,131.46,132.5,130.82,131.64,65066,131.64,-0.65
2018-02-02,131.82,133.2,131.52,132.5,21884,132.5,2.84
2018-02-01,130.64,130.9,128.84,128.84,12565,128.84,-0.64
2018-01-31,130.18,132.22,129.5,129.67,12586,129.67,-1.32
2018-01-30,129.26,131.66,129.26,131.4,24950,131.4,0.72
2018-01-29,130.18,131.33,129.64,130.46,8992,130.46,1.12
2018-01-26,128.7,129.14,128.12,129.02,9720,129.02,-0.20
2018-01-25,127.8,129.79,126.24,129.28,10830,129.28,1.45
2018-01-24,128.44,128.7,126.72,127.43,15953,127.42,-2.61
2018-01-23,132.54,132.54,130.58,130.85,21876,130.85,-0.77
2018-01-22,132.4,132.62,131.7,131.86,16636,131.86,-0.32
2018-01-19,132.06,132.56,131.84,132.28,14908,132.28,-0.94
2018-01-18,133.06,133.92,132.51,133.54,14132,133.54,0.39
2018-01-17,131.7,133.26,130.85,133.02,7074,133.02,1.60
2018-01-16,131.88,132.5,130.76,130.93,55861,130.92,-0.19
2018-01-12,133.28,133.47,130.82,131.18,52817,131.18,-2.43
2018-01-11,134.6,134.8,134,134.45,5841,134.44,-0.60
2018-01-10,135.14,135.58,134.8,135.26,11223,135.26,-0.58
2018-01-09,136.56,137.16,135.84,136.05,15583,136.05,0.93
2018-01-08,134.76,135.44,134.72,134.8,12121,134.8,0.12
2018-01-05,135.54,135.66,134.52,134.64,5345,134.64,0.19
2018-01-04,135.3,136,133.52,134.38,31678,134.38,-1.06
2018-01-03,135,137.18,135,135.82,19199,135.82,0.58
2018-01-02,135.84,136.58,134.9,135.04,25542,135.04,-2.30
2017-12-29,138.18,138.9,137.36,138.22,17240,138.22,-1.29
2017-12-28,140.82,140.96,139.78,140.02,12580,140.02,-0.99
2017-12-27,141.8,142.4,139.4,141.42,9800,141.42,-0.70
2017-12-26,142.68,142.94,142.32,142.41,7287,142.4,-1.31
2017-12-22,145.04,145.34,143.92,144.3,11844,144.3,-1.25
2017-12-21,146.76,146.78,145.74,146.12,26864,146.12,-0.29
2017-12-20,146.96,147.16,145.68,146.54,15229,146.54,-0.61
2017-12-19,147.76,148.16,147.08,147.44,17355,147.44,0.07
2017-12-18,147.5,147.9,146.64,147.33,6710,147.33,-0.88
2017-12-15,148.22,149.48,147.9,148.64,5019,148.64,-0.62
2017-12-14,149.04,150.28,148.52,149.56,8048,149.56,0.50
2017-12-13,151.64,152.18,148.44,148.82,43870,148.82,-1.92
2017-12-12,152.6,153.52,151.74,151.74,9703,151.74,-0.28
2017-12-11,151.44,152.7,150.37,152.16,13600,152.16,1.06
2017-12-08,150.3,151.02,149.7,150.57,5521,150.57,-0.09
2017-12-07,149.42,151.53,148.6,150.7,6760,150.7,2.62
2017-12-06,147.06,147.28,146.08,146.85,18329,146.84,0.40
2017-12-05,145.86,147.56,145.64,146.26,31567,146.26,1.46
2017-12-04,144.3,144.88,144,144.16,5437,144.16,0.69
2017-12-01,144.23,144.8,141.18,143.17,33133,143.16,-0.74
2017-11-30,143.56,145.27,142.98,144.24,7668,144.24,1.54
2017-11-29,141.98,142.84,141.72,142.05,10765,142.05,1.42
2017-11-28,139.8,140.68,139.3,140.06,5427,140.06,-0.13
2017-11-27,138.8,140.51,138.8,140.24,4302,140.24,-0.82
2017-11-24,141.2,141.63,141.06,141.4,2426,141.4,0.30
2017-11-22,141.68,141.74,140.29,140.98,3047,140.98,-1.41
2017-11-21,143.52,143.52,142.44,143,5325,143,-0.41
2017-11-20,141.64,144.3,141.58,143.59,38806,143.58,2.52
2017-11-17,142.02,142.4,139.6,140.06,10318,140.06,-2.34
2017-11-16,143.42,143.86,142.97,143.42,15355,143.42,-0.07
2017-11-15,142.46,143.66,142.46,143.52,1573,143.52,0.48
2017-11-14,145.06,145.38,142.46,142.84,8585,142.84,-0.56
2017-11-13,143.72,143.92,143.21,143.65,31398,143.64,-0.08
2017-11-10,142.14,144.35,141.94,143.76,5554,143.76,1.51
2017-11-09,142.18,142.74,141.34,141.62,3338,141.62,-0.78
2017-11-08,142.26,143.12,141.48,142.74,5464,142.74,-0.94
2017-11-07,143.2,144.48,143.2,144.1,6275,144.1,0.90
2017-11-06,144.84,145.6,142.48,142.82,10701,142.82,-1.77
2017-11-03,143.67,146.08,143.67,145.4,5013,145.4,1.07
2017-11-02,143.57,143.92,142.2,143.86,4331,143.86,-0.08
2017-11-01,144.44,144.89,143.48,143.98,33831,143.98,-0.76
2017-10-31,144.96,145.76,144.94,145.08,5221,145.08,0.80
2017-10-30,144.76,144.81,143.58,143.93,5456,143.92,-0.55
2017-10-27,146.06,146.31,139.76,144.72,5893,144.72,-0.89
2017-10-26,144.24,146.38,144.1,146.02,11353,146.02,1.71
2017-10-25,144.04,144.66,143.09,143.56,5910,143.56,-0.04
2017-10-24,144,144.5,142.92,143.62,8595,143.62,0.84
2017-10-23,144.52,144.96,142.35,142.42,28090,142.42,-0.53
2017-10-20,142.72,143.44,142.36,143.18,9721,143.18,1.50
2017-10-19,141.62,141.77,140.92,141.06,5109,141.06,-1.23
2017-10-18,142.6,143.28,142.59,142.82,46246,142.82,0.69
2017-10-17,141.98,142.67,141.54,141.84,9401,141.84,1.31
2017-10-16,138.14,140.5,137.6,140,7989,140,1.48
2017-10-13,138.38,138.98,137.8,137.96,10510,137.96,-1.60
2017-10-12,140.2,140.72,139.88,140.21,3309,140.21,0.03
2017-10-11,140.98,142,140.05,140.17,3629,140.16,-0.84
2017-10-10,140.8,141.44,139.66,141.36,7005,141.36,-0.45
2017-10-09,142.8,143.25,141.56,142,22695,142,-1.61
2017-10-06,146.44,147.86,143.96,144.32,33217,144.32,-1.20
2017-10-05,144.48,146.07,144.4,146.07,6396,146.07,1.30
2017-10-04,144.02,145.21,143.74,144.2,8228,144.2,-0.57
2017-10-03,145.4,145.74,144.34,145.02,13112,145.02,-0.11
2017-10-02,144.12,145.3,143.86,145.18,10686,145.18,1.45
2017-09-29,141.64,143.14,141.64,143.1,2732,143.1,0.89
2017-09-28,142.02,142.82,141.46,141.84,7559,141.84,-0.46
2017-09-27,142.18,142.54,141.37,142.5,7086,142.5,2.00
2017-09-26,138.82,140.04,138.42,139.7,4404,139.7,2.33
2017-09-25,140.9,140.9,136.4,136.52,13888,136.52,-2.14
2017-09-22,139.88,140.24,139.28,139.5,4787,139.5,-0.94
2017-09-21,140.96,141.32,140,140.82,9821,140.82,1.50
2017-09-20,136.36,139.66,135.94,138.74,11013,138.74,1.69
2017-09-19,137,137.98,136.44,136.44,21769,136.44,-0.57
2017-09-18,136.64,137.78,136.23,137.22,21952,137.22,1.90
2017-09-15,133.88,134.89,133.88,134.66,17444,134.66,1.02
2017-09-14,134.42,134.42,132.79,133.3,4957,133.3,-0.89
2017-09-13,133.41,134.76,133.41,134.5,50009,134.5,1.61
2017-09-12,133.6,133.78,132.3,132.37,8148,132.36,-0.70
2017-09-11,132.24,133.46,131.6,133.3,22409,133.3,2.87
2017-09-08,128.95,130.1,128.95,129.58,12848,129.58,0.33
2017-09-07,130.66,130.66,128.64,129.16,13984,129.16,-2.21
2017-09-06,130.96,132.32,130.6,132.08,6187,132.08,1.20
2017-09-05,132.34,132.34,129.92,130.52,16804,130.52,-2.19
2017-09-01,133.48,135.02,133.44,133.44,6885,133.44,-0.34
2017-08-31,136.9,136.9,133.82,133.9,52705,133.9,-2.48
2017-08-30,137.28,137.46,136.3,137.3,11631,137.3,0.15
2017-08-29,133.96,137.6,133.8,137.1,19808,137.1,0.41
2017-08-28,139.78,139.78,136.1,136.54,22729,136.54,-3.21
2017-08-25,141.1,144.12,140.6,141.07,26901,141.07,-0.75
2017-08-24,141.4,142.44,141.4,142.14,3203,142.14,0.55
2017-08-23,141.54,142.31,141.36,141.36,2376,141.36,-0.84
2017-08-22,141.6,142.56,141.46,142.56,4915,142.56,1.08
2017-08-21,141.66,141.66,140.58,141.04,9621,141.04,-0.72
2017-08-18,139.72,142.54,139.53,142.06,14533,142.06,0.28
2017-08-17,142.24,142.92,141.61,141.66,5327,141.66,-0.98
2017-08-16,146,146.16,142.93,143.06,5762,143.06,-1.32
2017-08-15,146.3,146.38,144.44,144.98,11669,144.98,1.24
2017-08-14,142.8,143.58,142.4,143.2,13840,143.2,1.45
2017-08-11,142.42,142.78,141,141.16,5402,141.16,-0.80
2017-08-10,142.06,142.74,141.8,142.3,36412,142.3,-1.47
2017-08-09,145.04,145.79,143.9,144.42,52086,144.42,-2.47
2017-08-08,147.74,150.06,147.06,148.08,13818,148.08,-0.62
2017-08-07,149.16,149.26,148.28,149,54416,149,0.31
2017-08-04,147.66,149.88,147.66,148.54,37771,148.54,1.59
2017-08-03,146.98,146.98,145.7,146.22,8050,146.22,-0.25
2017-08-02,146.94,146.94,145.18,146.58,4181,146.58,0.40
2017-08-01,146,146.1,144.9,146,4534,146,0.11
2017-07-31,146.36,146.36,145.76,145.84,2123,145.84,-0.07
2017-07-28,147.1,147.1,145.32,145.94,28246,145.94,-1.37
2017-07-27,147.22,149.22,147.22,147.96,4899,147.96,-0.01
2017-07-26,151.6,151.6,147.21,147.98,12885,147.98,-1.69
2017-07-25,149.68,150.7,149.47,150.52,2955,150.52,0.70
2017-07-24,148.72,149.76,148.72,149.48,11528,149.48,0.00
2017-07-21,150.26,150.9,149.08,149.48,9762,149.48,-1.80
2017-07-20,152.56,153.77,151.12,152.22,5714,152.22,-0.27
2017-07-19,152.46,153,152.04,152.63,2478,152.63,-0.10
2017-07-18,152.56,153.08,152.01,152.78,6632,152.78,-1.20
2017-07-17,154.12,154.78,154.04,154.64,3038,154.64,-0.87
2017-07-14,155.12,156.32,154.77,156,7976,156,-1.61
2017-07-13,158.14,159.18,158.14,158.56,2152,158.56,0.25
2017-07-12,157.6,158.62,157.32,158.16,7599,158.16,-0.60
2017-07-11,160.16,161.31,158.84,159.12,25574,159.12,-0.33
2017-07-10,160.72,161.28,159,159.64,11302,159.64,-0.24
2017-07-07,158.68,161,158.67,160.02,7193,160.02,2.07
2017-07-06,156.92,157.4,156.7,156.78,2830,156.78,0.05
2017-07-05,158.26,158.38,152.4,156.7,17569,156.7,-0.94
2017-07-03,156.6,158.26,156.08,158.18,28958,158.18,3.55
2017-06-30,152.76,152.88,152.14,152.75,4948,152.74,0.49
2017-06-29,152.6,152.8,151.21,152,6495,152,0.98
2017-06-28,150.3,151.58,150.3,150.52,7965,150.52,-0.11
2017-06-27,150.88,151.46,150.3,150.68,4267,150.68,-0.91
2017-06-26,152.24,152.46,151.62,152.06,22787,152.06,1.93
2017-06-23,148.84,149.54,148.66,149.18,13155,149.18,-1.27
2017-06-22,150,151.16,149.72,151.1,5671,151.1,-0.14
2017-06-21,152.82,152.82,151.22,151.31,4675,151.31,-0.86
2017-06-20,152.14,152.73,151.74,152.62,9367,152.62,0.54
2017-06-19,151.1,152.06,150.74,151.8,18648,151.8,1.35
2017-06-16,149.62,150,148.82,149.78,9800,149.78,0.11
2017-06-15,149.84,150.24,149.29,149.62,17176,149.62,0.79
2017-06-14,144.14,148.89,143.82,148.44,9265,148.44,0.99
2017-06-13,148.34,148.4,146.48,146.98,8362,146.98,0.02
2017-06-12,147.42,147.6,146.34,146.95,4275,146.94,0.07
2017-06-09,146.96,147.48,145.88,146.84,38002,146.84,1.76
2017-06-08,143.32,145.8,143.3,144.3,17588,144.3,1.26
2017-06-07,141.42,143.22,140.9,142.5,9044,142.5,1.16
2017-06-06,140.9,141.64,140.5,140.86,12184,140.86,-2.18
2017-06-05,143.42,144.07,143.42,144,6437,144,-0.29
2017-06-02,145.16,145.22,144.24,144.42,10822,144.42,-1.57
2017-06-01,148.08,148.08,146.58,146.72,16326,146.72,0.11
2017-05-31,147.58,147.6,145.44,146.56,6993,146.56,-0.83
2017-05-30,147.7,148.28,147.2,147.78,6826,147.78,0.61
2017-05-26,147.06,147.11,146.02,146.88,7559,146.88,-1.71
2017-05-25,149.34,150.15,149.18,149.44,6821,149.44,0.31
2017-05-24,150.38,151,148.92,148.98,5281,148.98,-0.98
2017-05-23,147.8,150.65,147.8,150.46,3552,150.46,1.29
2017-05-22,148.94,149.33,147.36,148.54,16490,148.54,-0.71
2017-05-19,149.68,150.56,149.44,149.6,5885,149.6,-0.99
2017-05-18,148.78,151.76,148.78,151.1,10256,151.1,1.61
2017-05-17,149.64,150.25,148.22,148.7,23058,148.7,-3.67
2017-05-16,154.82,154.9,153.68,154.36,4827,154.36,-0.86
2017-05-15,154.54,156,154.5,155.7,14945,155.7,-0.54
2017-05-12,155.88,156.88,155.58,156.54,9930,156.54,-0.65
2017-05-11,158,158.46,156.34,157.56,9456,157.56,-0.63
2017-05-10,157.48,159.13,157.42,158.56,7883,158.56,0.06
2017-05-09,158.2,159.96,158.2,158.46,21066,158.46,1.12
2017-05-08,156.06,156.94,155.84,156.7,10884,156.7,0.36
2017-05-05,156.28,156.98,155.74,156.14,35570,156.14,-0.24
2017-05-04,156.52,157.08,155.54,156.52,41944,156.52,1.98
2017-05-03,150.46,153.85,150.34,153.48,15230,153.48,2.72
2017-05-02,150.24,150.4,149.22,149.42,13187,149.42,-0.04
2017-05-01,147.86,150.08,146.74,149.48,49058,149.48,1.88
2017-04-28,147.7,147.84,146.72,146.72,61328,146.72,-0.64
2017-04-27,147.52,148.54,147.26,147.66,9802,147.66,0.79
2017-04-26,148.08,148.64,146.3,146.5,15615,146.5,-1.07
2017-04-25,147.58,148.34,146.7,148.08,25821,148.08,2.12
2017-04-24,146.54,147.04,144.92,145,31432,145,1.26
2017-04-21,143.66,144.28,142.6,143.19,9454,143.19,-0.62
2017-04-20,144.54,144.87,143.18,144.08,10055,144.08,-0.37
2017-04-19,143.36,145.42,143.34,144.62,38072,144.62,1.85
2017-04-18,143.02,144.3,141.46,142,21199,142,-0.98
2017-04-17,142.44,143.83,141.5,143.4,16402,143.4,0.60
2017-04-13,142.7,143.58,142.34,142.54,35229,142.54,-0.90
2017-04-12,145.24,145.8,143.4,143.84,12951,143.84,-1.45
2017-04-11,147.96,147.96,145.34,145.96,42396,145.96,-2.84
2017-04-10,151.44,151.52,149.76,150.23,38094,150.23,-0.07
2017-04-07,148.08,150.9,147.32,150.34,22313,150.34,-0.42
2017-04-06,151.36,151.36,150.46,150.98,4366,150.98,0.67
2017-04-05,152.48,152.93,149.94,149.98,10368,149.98,-0.01
2017-04-04,150.02,150.44,149.6,150,5853,150,-0.52
2017-04-03,152.1,152.14,150.68,150.78,17048,150.78,-0.71
2017-03-31,152.4,152.82,151.38,151.86,15476,151.86,-0.67
2017-03-30,152.14,153.16,151.52,152.88,8535,152.88,1.46
2017-03-29,150.86,151.22,150.38,150.68,9578,150.68,-0.48
2017-03-28,149.88,152,149.5,151.4,14856,151.4,0.77
2017-03-27,149.48,150.76,148.8,150.24,17866,150.24,-1.09
2017-03-24,152.94,153.06,151.15,151.9,10339,151.9,-0.39
2017-03-23,151.34,153.28,150.89,152.5,10353,152.5,0.32
2017-03-22,152.36,152.38,151.2,152.02,15993,152.02,-0.46
2017-03-21,154.68,154.68,152.42,152.72,11891,152.72,-1.65
2017-03-20,155.84,156.16,155.18,155.29,16920,155.29,-0.99
2017-03-17,156.6,156.84,156.06,156.84,21168,156.84,-0.38
2017-03-16,155.9,157.54,155.88,157.44,31782,157.44,-1.01
2017-03-15,164.68,165.5,159.04,159.04,45580,159.04,-3.64
2017-03-14,163.9,165.44,162.77,165.04,33898,165.04,0.92
2017-03-13,163.56,163.92,162.96,163.54,8511,163.54,-0.05
2017-03-10,164.5,165.1,163.58,163.62,21425,163.62,-0.43
2017-03-09,163.14,164.48,162.7,164.33,33876,164.33,1.18
2017-03-08,162.66,163.74,161.84,162.42,24260,162.42,1.18
2017-03-07,159.82,161.04,159.48,160.52,20699,160.52,1.56
2017-03-06,156.38,158.3,156.24,158.06,28525,158.06,1.45
2017-03-03,157.3,158.7,155.22,155.8,14415,155.8,0.05
2017-03-02,155.24,156.46,153.86,155.72,27572,155.72,2.44
2017-03-01,154.86,154.86,151.92,152.01,18824,152.01,0.31
2017-02-28,150.44,152.48,150.06,151.54,8919,151.54,-0.07
2017-02-27,150.18,151.84,148.78,151.64,11466,151.64,0.89
2017-02-24,150.06,151.48,150,150.3,9168,150.3,-1.33
2017-02-23,152.86,152.86,151.64,152.32,39596,152.32,-1.65
2017-02-22,154.97,156.62,154.58,154.88,9261,154.88,-0.33
2017-02-21,157.2,157.8,154.87,155.4,11217,155.4,-0.03
2017-02-17,154.12,155.66,153.89,155.44,12007,155.44,0.57
2017-02-16,155.06,155.11,154,154.56,13644,154.56,-1.06
2017-02-15,159.28,159.51,155.94,156.22,23114,156.22,-0.91
2017-02-14,156.36,159.16,156.03,157.66,13527,157.66,-0.24
2017-02-13,158.12,159.48,157.9,158.04,7603,158.04,1.22
2017-02-10,158.54,158.54,155.2,156.14,18749,156.14,-0.48
2017-02-09,153.96,157.06,153.46,156.9,22880,156.9,1.58
2017-02-08,154.4,155.2,153.46,154.46,15212,154.46,-1.25
2017-02-07,156.64,157.09,155.62,156.42,9250,156.42,0.46
2017-02-06,157.72,158.04,155.6,155.7,19039,155.7,-2.60
2017-02-03,160.9,161.22,159.2,159.86,5279,159.86,-0.54
2017-02-02,159.76,161.24,158.94,160.72,8311,160.72,-1.12
2017-02-01,164.38,165.72,162.28,162.54,12034,162.54,0.30
2017-01-31,162.82,162.96,161.2,162.06,10996,162.06,-2.74
2017-01-30,167.98,167.98,165.72,166.63,11410,166.62,-0.92
2017-01-27,169.26,169.7,167.86,168.18,4721,168.18,-0.12
2017-01-26,168.52,169.66,168.11,168.38,13485,168.38,1.69
2017-01-25,166.34,167.38,165.24,165.58,15646,165.58,1.64
2017-01-24,162,163.76,160.98,162.91,8352,162.91,0.92
2017-01-23,162.4,162.88,160.55,161.42,23397,161.42,-1.22
2017-01-20,164.46,165.4,161.48,163.42,16244,163.42,-0.41
2017-01-19,166.02,166.88,163.86,164.1,20960,164.1,-0.04
2017-01-18,161.78,164.9,161.36,164.16,15313,164.16,1.62
2017-01-17,161.56,162.48,161.2,161.54,17695,161.54,-2.86
2017-01-13,168.24,169.4,166.06,166.3,8951,166.3,-0.49
2017-01-12,165.4,167.76,164.42,167.12,16452,167.12,-0.92
2017-01-11,170.52,172.82,166.88,168.68,15727,168.68,-0.64
2017-01-10,170.36,171.22,168.94,169.76,19138,169.76,-0.93
2017-01-09,172,172.9,170.4,171.36,16063,171.36,-1.53
2017-01-06,173.9,174.64,172.38,174.02,32371,174.02,1.34
2017-01-05,172.68,173.15,170.7,171.72,25586,171.72,-2.96
2017-01-04,176.16,177.85,175.87,176.96,16249,176.96,-0.76
2017-01-03,180.9,181.72,176.06,178.32,39000,178.32,-1.52
2016-12-30,178.48,181.16,177.82,181.08,15703,181.08,1.13
2016-12-29,182.6,182.6,178.2,179.06,26299,179.06,-2.50
2016-12-28,185.1,185.6,183.58,183.66,5992,183.66,-0.54
2016-12-27,184.4,185.73,184.27,184.66,8026,184.66,-1.25
2016-12-23,187.12,187.4,186,187,6366,187,-0.60
2016-12-22,187.7,188.48,186.44,188.12,14382,188.12,0.46
2016-12-21,185.32,187.54,185.32,187.26,9428,187.26,-0.04
2016-12-20,187.94,189.28,186.8,187.34,23944,187.34,1.34
2016-12-19,185.04,185.52,183.62,184.86,10319,184.86,-0.90
2016-12-16,187.02,188.6,184.06,186.54,23335,186.54,-1.28
2016-12-15,187.62,190.14,187.02,188.96,28846,188.96,2.57
2016-12-14,177.32,185.18,177.28,184.22,26561,184.22,2.73
2016-12-13,178.94,180.36,178.24,179.32,15963,179.32,0.66
2016-12-12,178.82,179.64,177.01,178.14,17315,178.14,-0.65
2016-12-09,176.72,179.82,176.72,179.31,13880,179.3,2.10
2016-12-08,174.98,176,174.88,175.63,3745,175.62,0.49
2016-12-07,173.74,174.88,172.8,174.78,11530,174.78,-0.81
2016-12-06,175.24,176.82,174.08,176.2,7481,176.2,0.26
2016-12-05,177,179.82,174.16,175.74,16920,175.74,0.65
2016-12-02,174.48,175.04,173.78,174.6,13687,174.6,-0.63
2016-12-01,177.04,178.78,174.42,175.7,22419,175.7,0.22
2016-11-30,172.36,176,172.34,175.32,19280,175.32,2.77
2016-11-29,172.58,172.58,170.36,170.6,8420,170.6,0.89
2016-11-28,171,172.2,169.04,169.1,36467,169.1,-2.12
2016-11-25,170.54,173.4,170.2,172.77,10034,172.77,1.15
2016-11-23,169,172.36,169,170.8,30840,170.8,4.12
2016-11-22,163.68,165.38,163.68,164.04,5101,164.04,-0.16
2016-11-21,164,165.1,163.2,164.31,11055,164.3,-0.67
2016-11-18,164.18,166.1,163.97,165.42,10365,165.42,1.50
2016-11-17,160.68,164.51,159.92,162.98,20868,162.98,1.15
2016-11-16,159.96,161.34,159.8,161.12,9441,161.12,0.64
2016-11-15,162.16,162.2,159.42,160.1,17505,160.1,-1.69
2016-11-14,162.94,165.04,160.36,162.86,34479,162.86,1.46
2016-11-11,154,162.7,153.98,160.52,37248,160.52,4.51
2016-11-10,149.04,154.52,149.04,153.6,24095,153.6,2.95
2016-11-09,142.46,150.24,142.34,149.2,36435,149.2,0.24
2016-11-08,147.64,149.58,146.1,148.84,8561,148.84,0.81
2016-11-07,146.52,148.33,146.12,147.64,17840,147.64,3.62
2016-11-04,142.3,143.24,142.22,142.48,16587,142.48,-0.22
2016-11-03,144.7,144.98,142.7,142.8,8851,142.8,-0.94
2016-11-02,144.04,144.4,141.6,144.16,15866,144.16,-1.53
2016-11-01,146.5,146.74,145.52,146.4,12169,146.4,-1.40
2016-10-31,149.41,149.98,148.48,148.48,5097,148.48,-0.44
2016-10-28,150.24,151.1,147.47,149.14,13460,149.14,-1.02
2016-10-27,150.6,151.3,150.44,150.68,4520,150.68,-0.48
2016-10-26,149.8,151.68,149.62,151.4,11894,151.4,1.27
2016-10-25,151.04,151.06,149,149.5,22637,149.5,-1.61
2016-10-24,150.16,152.79,150.1,151.94,12932,151.94,0.49
2016-10-21,150.94,151.94,150.94,151.2,6335,151.2,-0.08
2016-10-20,149.7,151.76,149.4,151.32,11972,151.32,0.41
2016-10-19,150.58,150.95,149.8,150.7,16529,150.7,-1.00
2016-10-18,153,153.86,151.78,152.22,21323,152.22,-1.32
2016-10-17,153.94,154.54,153.5,154.25,12093,154.25,-0.25
2016-10-14,154.88,155.12,153.42,154.64,12487,154.64,1.06
2016-10-13,153.16,153.94,152.36,153.02,37192,153.02,-0.66
2016-10-12,153.76,155.08,153.38,154.04,82144,154.04,-0.21
2016-10-11,153.42,154.59,152.94,154.36,13495,154.36,0.89
2016-10-10,152.64,153.52,152.4,153,18244,153,-0.66
2016-10-07,151.98,157.24,151.94,154.02,40017,154.02,-0.26
2016-10-06,153.98,155.31,153.42,154.42,40242,154.42,1.99
2016-10-05,149.8,152.38,149.51,151.4,56366,151.4,0.38
2016-10-04,145.72,151.23,145.48,150.82,102002,150.82,6.89
2016-10-03,141.2,141.9,140.86,141.1,14725,141.1,0.52
2016-09-30,138.42,141.24,138.23,140.37,7156,140.37,0.75
2016-09-29,140.4,140.46,138.62,139.32,20499,139.32,0.13
2016-09-28,139.18,140.26,138.82,139.14,6547,139.14,0.75
2016-09-27,137.56,138.58,137.56,138.1,11321,138.1,1.28
2016-09-26,135.06,136.35,135.06,136.35,12889,136.34,0.05
2016-09-23,135.9,136.36,135.6,136.28,10535,136.28,0.12
2016-09-22,135.94,136.38,134.66,136.12,18182,136.12,-0.76
2016-09-21,138.76,139.12,136.58,137.16,14283,137.16,-2.78
2016-09-20,141.56,141.56,140.7,141.08,6983,141.08,-0.07
2016-09-19,140.46,141.24,140.38,141.18,9904,141.18,-0.61
2016-09-16,142.26,142.73,141.5,142.04,13155,142.04,0.67
2016-09-15,139.47,142.42,139.47,141.1,17642,141.1,1.16
2016-09-14,139.98,139.98,138.36,139.48,15761,139.48,-0.49
2016-09-13,138.52,140.84,138.52,140.16,15180,140.16,1.39
2016-09-12,139.18,139.65,137.76,138.24,19347,138.24,0.32
2016-09-09,137.2,137.96,136.44,137.8,18272,137.8,1.17
2016-09-08,135.26,136.6,134.14,136.2,7345,136.2,1.08
2016-09-07,133.82,135.3,133.58,134.75,11121,134.74,0.63
2016-09-06,136.78,137.06,133.32,133.9,38948,133.9,-3.56
2016-09-02,139.32,140.74,138.72,138.85,24306,138.84,-1.89
2016-09-01,143.2,143.2,140.98,141.52,17149,141.52,-0.73
2016-08-31,142.96,142.96,141.91,142.56,22905,142.56,0.39
2016-08-30,140.6,142.64,140.06,142,25708,142,1.89
2016-08-29,140.08,140.08,139,139.36,15025,139.36,-0.33
2016-08-26,138.2,140.46,135.32,139.82,28895,139.82,0.14
2016-08-25,140.26,140.26,139.46,139.62,14482,139.62,0.31
2016-08-24,138,139.36,138,139.19,32652,139.19,2.18
2016-08-23,135.54,136.5,135.28,136.22,11177,136.22,-0.10
2016-08-22,136.7,136.98,135.96,136.35,16754,136.34,0.38
2016-08-19,135.34,136.04,134.76,135.84,13341,135.84,1.98
2016-08-18,134.06,134.4,133.02,133.2,12587,133.2,-1.44
2016-08-17,135.62,136.4,134.05,135.14,16079,135.14,0.22
2016-08-16,135.3,135.53,133.6,134.84,10352,134.84,-0.82
2016-08-15,136.7,136.7,135.12,135.96,6849,135.96,-0.76
2016-08-12,133.5,137.36,133.3,137,17651,137,0.46
2016-08-11,134.74,137.02,133.32,136.37,22275,136.37,1.42
2016-08-10,133.6,135.2,132.94,134.46,12157,134.46,-1.03
2016-08-09,136.06,136.3,135.28,135.86,12588,135.86,-0.85
2016-08-08,137.4,137.4,136.26,137.02,17989,137.02,0.28
2016-08-05,134.86,137,134.8,136.64,24008,136.64,3.53
2016-08-04,131.98,132.04,131.18,131.98,7217,131.98,-0.30
2016-08-03,132.22,133.26,131.92,132.38,9748,132.38,0.95
2016-08-02,131.78,131.96,130.46,131.14,24066,131.14,-1.71
2016-08-01,134.74,134.86,133.2,133.42,14205,133.42,0.08
2016-07-29,135.4,135.9,133.1,133.32,24003,133.32,-2.88
2016-07-28,135.94,137.83,135.7,137.28,17282,137.28,0.88
2016-07-27,138.98,140,135.99,136.08,23808,136.08,-3.38
2016-07-26,141.52,141.52,140.18,140.84,13407,140.84,-0.69
2016-07-25,142,142.36,140.06,141.82,87971,141.82,1.59
2016-07-22,139.78,140.6,139.46,139.6,11081,139.6,1.53
2016-07-21,141.76,141.76,137.5,137.5,28339,137.5,-3.13
2016-07-20,142,142.08,140.24,141.95,23854,141.94,2.91
2016-07-19,139.6,139.6,137.51,137.93,35307,137.93,-0.43
2016-07-18,138.54,139.22,137.02,138.52,92812,138.52,-0.13
2016-07-15,140.4,140.4,137.9,138.7,11333,138.7,1.02
2016-07-14,140,140.29,137.12,137.3,19867,137.3,0.99
2016-07-13,136.02,136.86,135.3,135.96,12250,135.96,-1.41
2016-07-12,135.3,138.1,135.26,137.9,17186,137.9,3.17
2016-07-11,133.56,133.96,132.56,133.66,8257,133.66,1.81
2016-07-08,132.58,134.18,131.14,131.28,11730,131.28,-0.85
2016-07-07,132.48,134.3,131.88,132.4,14344,132.4,0.62
2016-07-06,131.04,132.32,129.82,131.59,16948,131.59,-1.25
2016-07-05,134.84,135.45,133.02,133.26,14494,133.26,-1.58
2016-07-01,136.98,137.64,135.4,135.4,30983,135.4,-3.29
2016-06-30,141.24,141.7,140,140,13352,140,-0.89
2016-06-29,140.94,141.4,139.1,141.26,13265,141.26,-0.73
2016-06-28,142.24,143,141.06,142.3,17529,142.3,2.05
2016-06-27,140.42,141.28,138.5,139.44,20328,139.44,-1.02
2016-06-24,138.7,143.2,138.46,140.88,38432,140.88,-9.59
2016-06-23,155,155.84,153.42,155.82,7634,155.82,1.39
2016-06-22,154.36,154.38,153.1,153.68,26567,153.68,-0.30
2016-06-21,152.34,154.14,151.59,154.14,8027,154.14,3.99
2016-06-20,150.1,151.04,147.78,148.22,10101,148.22,1.33
2016-06-17,148.68,149.28,146.04,146.28,9685,146.28,-2.75
2016-06-16,143.64,150.44,142.66,150.42,24564,150.42,1.91
2016-06-15,150.02,150.33,144.58,147.6,9208,147.6,-1.44
2016-06-14,148.88,150.88,148.88,149.76,12745,149.76,-0.06
2016-06-13,149.78,151.3,149.34,149.85,23128,149.84,-1.62
2016-06-10,152.26,153.7,151.72,152.32,12015,152.32,-0.74
2016-06-09,154.86,155.44,153.06,153.46,9833,153.46,-1.18
2016-06-08,156.14,156.14,154.6,155.3,11491,155.3,-2.93
2016-06-07,160.32,161.74,159.69,159.98,8966,159.98,0.19
2016-06-06,160,160.4,158.93,159.68,8461,159.68,-0.22
2016-06-03,162,162.22,159.82,160.04,30217,160.04,-5.42
2016-06-02,168.6,169.64,168.26,169.22,6785,169.22,0.82
2016-06-01,168.4,170.66,167.52,167.84,20054,167.84,0.20
2016-05-31,169.76,169.76,167.18,167.5,21333,167.5,-1.18
2016-05-27,167.36,170.3,167.18,169.5,22640,169.5,1.61
2016-05-26,164,166.9,163.34,166.82,8885,166.82,0.64
2016-05-25,166.8,167.3,165.42,165.76,21720,165.76,0.67
2016-05-24,161.86,164.8,161.86,164.66,12365,164.66,3.64
2016-05-23,160.36,160.6,158.34,158.88,7108,158.88,0.44
2016-05-20,157.26,159.13,156.66,158.18,6656,158.18,0.14
2016-05-19,159.48,160.68,157.06,157.96,19273,157.96,0.32
2016-05-18,154.1,157.7,152.94,157.46,14804,157.46,3.65
2016-05-17,153.36,153.36,151.26,151.92,4340,151.92,-0.76
2016-05-16,150.06,153.9,150,153.08,15128,153.08,-0.21
2016-05-13,154.56,155.6,153.16,153.4,7210,153.4,-0.94
2016-05-12,152.86,155.24,151.34,154.86,7560,154.86,1.53
2016-05-11,155.62,155.62,152.24,152.52,11869,152.52,-1.68
2016-05-10,155.86,157.46,154.5,155.12,12339,155.12,-0.73
2016-05-09,154.4,156.4,154.4,156.26,10508,156.26,3.90
2016-05-06,151.1,151.2,148.6,150.4,10371,150.4,-1.53
2016-05-05,151.52,154.52,151.16,152.74,8550,152.74,0.35
2016-05-04,151.2,154.08,150.01,152.21,16663,152.21,1.11
2016-05-03,148.76,151.45,148.34,150.54,12884,150.54,0.43
2016-05-02,148.5,150.28,148.22,149.9,14607,149.9,0.82
2016-04-29,152,152.02,148.36,148.68,28527,148.68,-4.32
2016-04-28,158.9,158.96,154.76,155.4,24626,155.4,-3.59
2016-04-27,161.34,163.06,159.26,161.18,4543,161.18,-0.37
2016-04-26,161.72,162.78,161.6,161.78,5202,161.78,-0.77
2016-04-25,163.68,163.68,162,163.03,11091,163.03,-0.64
2016-04-22,161.68,165.66,161.14,164.08,8338,164.08,2.56
2016-04-21,157.3,160.92,157.1,159.98,20771,159.98,-0.71
2016-04-20,159.08,161.86,158.54,161.13,13863,161.13,1.07
2016-04-19,158.92,159.63,158.2,159.43,9375,159.42,-3.31
2016-04-18,162.3,165.07,162.02,164.89,10120,164.89,0.37
2016-04-15,165.88,166.36,163.56,164.29,11944,164.28,-1.50
2016-04-14,164,166.95,163.81,166.8,12923,166.8,3.01
2016-04-13,159.68,162.48,159.68,161.93,30541,161.93,2.23
2016-04-12,158.48,159.82,157.74,158.4,29708,158.4,-0.08
2016-04-11,160.04,160.38,157.8,158.52,64924,158.52,-2.63
2016-04-08,164.34,164.34,162.1,162.8,12325,162.8,0.07
2016-04-07,163.2,164.08,161.9,162.68,20825,162.68,-2.87
2016-04-06,168.18,169.32,166.5,167.48,9533,167.48,1.28
2016-04-05,164.94,167.1,164.6,165.36,28191,165.36,-2.67
2016-04-04,168.66,169.96,167.78,169.9,6172,169.9,1.40
2016-04-01,170,171.46,167.52,167.56,20362,167.56,0.90
2016-03-31,164.36,166.22,163.58,166.06,11690,166.06,-0.76
2016-03-30,165.4,167.34,164.61,167.34,18660,167.34,2.64
2016-03-29,167,168.11,162,163.03,18161,163.03,-3.50
2016-03-28,168.96,169.6,168.21,168.94,8925,168.94,-0.47
2016-03-24,168.14,169.74,167.93,169.74,22099,169.74,0.45
2016-03-23,169.14,170.76,167.52,168.98,71935,168.98,4.52
2016-03-22,160.96,162.5,159.44,161.68,14421,161.68,-1.03
2016-03-21,162.56,163.6,161.76,163.36,11052,163.36,1.63
2016-03-18,160.66,161.34,158.92,160.74,11134,160.74,0.34
2016-03-17,156.64,160.34,156.64,160.2,19894,160.2,1.38
2016-03-16,168.14,168.14,157.86,158.02,16982,158.02,-5.05
2016-03-15,167.2,168.2,165.74,166.42,16761,166.42,0.04
2016-03-14,160,167.32,159.72,166.35,16498,166.35,2.56
2016-03-11,157.78,162.2,157.64,162.2,17465,162.2,3.44
2016-03-10,159.82,160.1,156.12,156.81,17829,156.81,-2.99
2016-03-09,163.7,164,159.24,161.64,33624,161.64,1.19
2016-03-08,156.06,160.12,154.84,159.74,77026,159.74,1.54
2016-03-07,158.04,159.64,156.65,157.32,8582,157.32,-1.24
2016-03-04,158.76,159.74,155.1,159.3,26350,159.3,0.18
2016-03-03,165,165,157.8,159.02,28870,159.02,-3.66
2016-03-02,166.42,166.5,164.52,165.06,17161,165.06,-1.28
2016-03-01,164.58,168.36,164.58,167.2,7694,167.2,1.43
2016-02-29,168.72,168.72,164.8,164.84,11402,164.84,-2.82
2016-02-26,169.14,172.94,168.04,169.62,11161,169.62,1.46
2016-02-25,167.84,168.48,164.38,167.18,8637,167.18,-0.44
2016-02-24,164.2,168.53,161.98,167.92,22654,167.92,-0.97
2016-02-23,171.44,171.72,169.36,169.57,12630,169.57,-2.88
2016-02-22,175,175,172.94,174.6,6566,174.6,3.51
2016-02-19,169.68,170.32,167.56,168.68,4139,168.68,1.60
2016-02-18,175.3,175.3,165.56,166.02,16539,166.02,-5.01
2016-02-17,175.18,176.2,172.9,174.78,17399,174.78,-1.34
2016-02-16,174.14,177.58,172.68,177.16,34045,177.16,6.27
2016-02-12,168.12,168.12,166,166.7,15563,166.7,1.21
2016-02-11,166.8,170.64,161,164.7,32267,164.7,-8.10
2016-02-10,181.1,183.57,179.22,179.22,8316,179.22,-1.16
2016-02-09,179.24,182.12,179,181.32,12647,181.32,-0.14
2016-02-08,182.3,182.82,178.46,181.58,16602,181.58,-2.69
2016-02-05,195.82,196.18,186.38,186.59,8607,186.58,-3.29
2016-02-04,193.98,195.42,192.32,192.94,10359,192.94,-2.75
2016-02-03,202,202,197.6,198.4,8275,198.4,-1.96
2016-02-02,202.9,205.12,202.32,202.37,4860,202.36,-0.26
2016-02-01,204.04,204.12,202.66,202.9,3369,202.9,-2.12
2016-01-29,208.02,209.3,206.48,207.3,2896,207.3,-0.35
2016-01-28,208.28,208.76,207.66,208.02,5045,208.02,2.10
2016-01-27,206.98,208.08,202.94,203.74,6284,203.74,-0.96
2016-01-26,209.38,209.93,205.12,205.72,8170,205.72,-3.04
2016-01-25,211.58,212.16,209.65,212.16,16456,212.16,-1.07
2016-01-22,214.92,215.92,213.12,214.46,3791,214.46,0.29
2016-01-21,215.5,216.66,213.84,213.84,8686,213.84,0.09
2016-01-20,214.22,214.35,210.43,213.64,23143,213.64,-2.69
2016-01-19,218.88,220.78,217.2,219.54,8657,219.54,0.24
2016-01-15,216,219.26,215.68,219.02,6638,219.02,-1.93
2016-01-14,219.98,225.2,219.24,223.32,6774,223.32,3.11
2016-01-13,220,220,215.93,216.58,7908,216.58,-0.99
2016-01-12,218.88,221,217.1,218.74,10325,218.74,1.27
2016-01-11,213.5,216.64,213.36,216,10589,216,1.57
2016-01-08,213.7,215.6,212.6,212.66,14568,212.66,0.97
2016-01-07,212.58,214,210.26,210.62,31609,210.62,-2.73
2016-01-06,219.06,219.92,216.4,216.54,14260,216.54,-3.15
2016-01-05,223.46,224.36,222.62,223.58,9928,223.58,-0.49
2016-01-04,223.74,225.84,221.32,224.68,8980,224.68,-3.01
2015-12-31,230.9,231.8,230.3,231.66,5664,231.66,-0.02
2015-12-30,231.16,231.82,231,231.71,11932,231.7,1.63
2015-12-29,226.62,228.4,226.05,228,2027,228,-0.10
2015-12-28,227.36,228.34,226.74,228.22,6334,228.22,1.55
2015-12-24,224.84,225.38,224.73,224.73,868,224.72,-1.33
2015-12-23,227.2,228,227.2,227.76,2203,227.76,0.49
2015-12-22,224.69,226.66,224.25,226.64,4258,226.64,1.17
2015-12-21,225.32,225.34,222.74,224.02,23239,224.02,-2.48
2015-12-18,232.62,232.62,227.14,229.72,12577,229.72,-2.58
2015-12-17,232.44,237,232.44,235.8,10376,235.8,3.87
2015-12-16,227.02,231.62,225.28,227.02,8445,227.02,-2.36
2015-12-15,230.82,232.91,230.1,232.5,6988,232.5,0.73
2015-12-14,227.16,231.44,227.16,230.82,8365,230.82,2.23
2015-12-11,230.68,230.68,224.14,225.78,7246,225.78,-0.76
2015-12-10,228.36,228.36,227.49,227.5,1156,227.5,0.02
2015-12-09,223.7,227.8,222.96,227.46,5403,227.46,0.43
2015-12-08,225.98,227.48,225.8,226.48,7691,226.48,-0.53
2015-12-07,225.3,228,224.26,227.68,7844,227.68,2.85
2015-12-04,227.4,227.66,220.76,221.38,20415,221.38,-4.59
2015-12-03,234.6,235.96,230.43,232.02,8314,232.02,-1.92
2015-12-02,233.82,237.7,233.82,236.56,17887,236.56,3.06
2015-12-01,229.66,231.4,229.16,229.54,5286,229.54,-0.81
2015-11-30,233.46,233.6,229.3,231.42,7271,231.42,-1.23
2015-11-27,235.64,235.64,233.5,234.3,8995,234.3,2.28
2015-11-25,229.42,230,228.16,229.08,2538,229.08,0.93
2015-11-24,226.06,228.17,225.82,226.96,4724,226.96,-1.34
2015-11-23,229.38,230.8,228.2,230.04,8452,230.04,1.58
2015-11-20,223.92,226.86,223.92,226.46,8318,226.46,1.00
2015-11-19,226.56,226.56,223,224.22,8505,224.22,-2.49
2015-11-18,229.76,230.86,228.32,229.94,5660,229.94,0.08
2015-11-17,225.52,231.28,225.52,229.75,14210,229.74,2.47
2015-11-16,222.9,224.56,222.66,224.22,4207,224.22,-0.39
2015-11-13,224.76,225.22,224.49,225.1,3344,225.1,0.72
2015-11-12,226.7,227,221.5,223.48,7271,223.48,0.04
2015-11-11,222.66,223.96,222.44,223.4,3303,223.4,0.48
2015-11-10,222.28,223.34,220.6,222.33,8663,222.33,0.81
2015-11-09,221.5,222,220.46,220.54,9527,220.54,-0.79
2015-11-06,222.06,222.92,221.53,222.3,19651,222.3,2.82
2015-11-05,214.52,216.52,214.44,216.2,6950,216.2,0.63
2015-11-04,210.58,215.12,210.54,214.85,13394,214.85,1.82
2015-11-03,207.78,212.2,207.78,211,15492,211,2.94
2015-11-02,205.1,205.36,204.1,204.98,5770,204.98,1.25
2015-10-30,201.48,202.8,201.36,202.44,17280,202.44,0.75
2015-10-29,198.9,201.07,197.98,200.94,15078,200.94,1.79
2015-10-28,190.78,198.48,189.04,197.4,23729,197.4,1.54
2015-10-27,195.42,195.42,194,194.4,1747,194.4,-0.54
2015-10-26,194,195.46,193.46,195.46,4785,195.46,0.05
2015-10-23,193.86,196.81,193.8,195.36,32776,195.36,0.37
2015-10-22,194.68,195.08,192.78,194.64,8879,194.64,0.13
2015-10-21,191.94,195.42,191.94,194.38,10144,194.38,1.72
2015-10-20,192,192,190.18,191.1,17618,191.1,-1.09
2015-10-19,191.38,193.64,191.04,193.2,5837,193.2,0.71
2015-10-16,189.48,191.94,188.8,191.83,29023,191.82,1.34
2015-10-15,189.32,190,187.2,189.29,7509,189.29,1.00
2015-10-14,191.7,192.38,186.96,187.42,15189,187.42,-3.44
2015-10-13,195.94,195.94,194.1,194.1,4870,194.1,-1.00
2015-10-12,194.8,196.56,194.36,196.07,9488,196.07,-0.73
2015-10-09,199.12,199.6,196.96,197.52,10578,197.52,-3.20
2015-10-08,204.24,204.24,199.98,204.04,4957,204.04,1.36
2015-10-07,201.58,203,200.7,201.3,6783,201.3,-0.16
2015-10-06,201.32,202,199.9,201.62,14604,201.62,-2.09
2015-10-05,204.42,206.2,203.9,205.92,5934,205.92,0.58
2015-10-02,206.42,206.56,203.68,204.74,7800,204.74,-4.15
2015-10-01,213.06,214.06,212.18,213.6,6323,213.6,0.16
2015-09-30,213.38,214.8,212.88,213.26,8480,213.26,2.30
2015-09-29,206.66,209.23,206.66,208.46,1405,208.46,0.50
2015-09-28,207.48,207.64,205.62,207.42,3932,207.42,2.60
2015-09-25,202,203.12,201.64,202.16,6598,202.16,1.07
2015-09-24,203.22,203.23,199.2,200.02,9932,200.02,-4.01
2015-09-23,207.12,208.38,207.12,208.38,5136,208.38,-0.85
2015-09-22,211.4,211.62,209.94,210.16,7146,210.16,1.30
2015-09-21,207.72,208.35,207.22,207.46,6431,207.46,1.17
2015-09-18,205.7,206.32,204.7,205.06,5745,205.06,-1.57
2015-09-17,214.02,214.02,206.99,208.34,10486,208.34,-2.15
2015-09-16,215.62,215.62,211.52,212.92,18977,212.92,-2.57
2015-09-15,218.86,219.12,218.04,218.54,1881,218.54,0.52
2015-09-14,218.9,218.9,216.74,217.42,2738,217.42,-0.13
2015-09-11,219.44,220.94,217.66,217.7,6767,217.7,0.42
2015-09-10,215.96,217.24,214.4,216.8,5018,216.8,-0.54
2015-09-09,215.52,220.26,215.52,217.98,8304,217.98,2.68
2015-09-08,211.96,212.93,210.8,212.3,5690,212.3,-0.05
2015-09-04,213.36,214.1,212.16,212.4,6703,212.4,0.54
2015-09-03,211.26,211.96,209.24,211.26,11270,211.26,1.49
2015-09-02,206.66,208.38,206,208.16,5598,208.16,1.17
2015-09-01,205.14,206.64,203.64,205.76,11181,205.76,-0.69
2015-08-31,209.76,210.22,207.14,207.2,4520,207.2,-0.42
2015-08-28,209.94,210.18,205.42,208.08,9743,208.08,-1.81
2015-08-27,212.78,214.08,210.66,211.92,10055,211.92,-0.08
2015-08-26,208.66,214.36,208.66,212.08,10258,212.08,2.65
2015-08-25,203.34,208.09,203.34,206.6,22537,206.6,2.16
2015-08-24,198.62,204.02,196.18,202.24,28578,202.24,1.19
2015-08-21,200.64,203.02,199.1,199.86,22952,199.86,-1.30
2015-08-20,204.7,204.94,201.5,202.5,34508,202.5,-3.44
2015-08-19,213.42,213.7,209.2,209.72,13425,209.72,-2.66
2015-08-18,217.06,218.28,214.96,215.44,4728,215.44,-0.02
2015-08-17,214.38,215.8,213.87,215.48,3658,215.48,-0.48
2015-08-14,216.3,217.6,214.36,216.52,7491,216.52,0.10
2015-08-13,215.24,217.1,215.24,216.3,5002,216.3,1.49
2015-08-12,215.7,216,212.53,213.12,20171,213.12,-2.74
2015-08-11,218.06,221.02,217.74,219.12,16458,219.12,-1.01
2015-08-10,224.56,224.56,218.82,221.36,24691,221.36,-1.95
2015-08-07,226.22,226.22,222.64,225.76,11673,225.76,-0.61
2015-08-06,228.3,228.3,225.6,227.14,9589,227.14,-1.00
2015-08-05,227.22,229.56,226.9,229.44,8393,229.44,0.72
2015-08-04,226.36,228.3,225.86,227.8,10085,227.8,-0.18
2015-08-03,225.74,228.56,225.6,228.2,15043,228.2,1.65
2015-07-31,222.98,225.92,221.46,224.5,13485,224.5,-1.53
2015-07-30,226.7,229.72,225.24,227.98,20164,227.98,1.78
2015-07-29,225.12,226.8,222.6,224,7422,224,-0.35
2015-07-28,224.7,225.32,223.8,224.78,21053,224.78,-0.47
2015-07-27,225.42,226,222.28,225.84,12083,225.84,0.94
2015-07-24,231.28,231.7,222.66,223.74,36721,223.74,-1.89
2015-07-23,225.64,228.4,223.71,228.04,11600,228.04,0.84
2015-07-22,228.12,228.72,225,226.14,23887,226.14,1.17
2015-07-21,222.08,224.16,220,223.52,24903,223.52,0.48
2015-07-20,216,222.86,216,222.45,50892,222.45,5.48
2015-07-17,208.8,211.72,208.8,210.9,14278,210.9,2.01
2015-07-16,207.26,207.43,205.91,206.74,3294,206.74,0.71
2015-07-15,205.3,207.12,205,205.28,22843,205.28,0.98
2015-07-14,202.58,203.74,202.1,203.28,6888,203.28,0.46
2015-07-13,204.76,204.76,201.8,202.34,9232,202.34,0.82
2015-07-10,201.48,201.74,200.4,200.7,1908,200.7,-0.17
2015-07-09,199.92,201.5,199.5,201.04,5421,201.04,-0.37
2015-07-08,201.22,202.04,200.22,201.78,6483,201.78,-0.54
2015-07-07,200.36,205.52,200.36,202.88,22170,202.88,2.27
2015-07-06,199.7,200.3,196.78,198.38,7941,198.38,-0.61
2015-07-02,199.8,200.74,199.5,199.6,7212,199.6,0.34
2015-07-01,198.5,199.22,197.16,198.92,6111,198.92,0.65
2015-06-30,196.79,199.46,195.62,197.64,8003,197.64,1.44
2015-06-29,195.98,197,194.78,194.84,5769,194.84,-0.86
2015-06-26,198,198.12,196.54,196.54,3089,196.54,-0.38
2015-06-25,197.24,197.52,197.04,197.28,2520,197.28,0.19
2015-06-24,197.68,197.68,196.64,196.9,4504,196.9,0.67
2015-06-23,194.98,196.04,194.98,195.58,4562,195.58,1.40
2015-06-22,192.46,194,192.46,192.88,20642,192.88,2.23
2015-06-19,188,189.1,187.36,188.68,8216,188.68,0.42
2015-06-18,191.58,191.58,186.94,187.9,10519,187.9,-2.85
2015-06-17,195.67,197.13,193.1,193.42,6065,193.42,-0.75
2015-06-16,195.4,196.46,194.44,194.88,8508,194.88,0.71
2015-06-15,194.9,195.39,192.2,193.5,13243,193.5,-1.00
2015-06-12,196.04,196.46,194.54,195.46,2560,195.46,0.17
2015-06-11,195.18,196.16,194.6,195.12,7775,195.12,0.87
2015-06-10,192.42,193.6,191.88,193.43,7856,193.43,-1.47
2015-06-09,195.86,196.6,195.18,196.32,1416,196.32,-0.76
2015-06-08,198.5,199.18,197.51,197.82,6953,197.82,-0.49
2015-06-05,201.04,201.16,198.34,198.8,12564,198.8,1.00
2015-06-04,195.74,198,195.74,196.84,6863,196.84,1.37
2015-06-03,192.32,194.9,192.14,194.18,5122,194.18,1.51
2015-06-02,191.96,192.08,191.09,191.3,6813,191.3,-0.86
2015-06-01,189.16,193.11,188,192.96,11649,192.96,0.00
2015-05-29,192.7,192.96,191.82,192.96,2517,192.96,-0.18
2015-05-28,194.1,195.78,192.78,193.3,8937,193.3,-0.19
2015-05-27,193.66,194.2,192.96,193.66,5218,193.66,0.19
2015-05-26,193.52,194.26,192.8,193.3,10761,193.3,2.86
2015-05-22,188.04,188.53,187.3,187.92,2641,187.92,0.13
2015-05-21,187.6,188.52,187.2,187.68,5389,187.68,0.72
2015-05-20,186,187.04,185.74,186.33,8577,186.32,-0.37
2015-05-19,184.88,187.76,184.6,187.02,6765,187.02,2.58
2015-05-18,181.02,182.6,180.8,182.31,4514,182.3,0.14
2015-05-15,184.12,185.12,181.78,182.06,6974,182.06,-0.54
2015-05-14,183.02,183.32,181.16,183.04,10243,183.04,-1.07
2015-05-13,187.9,187.9,184,185.02,15111,185.02,-3.74
2015-05-12,193.2,193.24,191.86,192.21,3266,192.21,-1.50
2015-05-11,193.2,196.26,193,195.14,4848,195.14,0.72
2015-05-08,191.76,195.18,191.76,193.74,3343,193.74,-0.97
2015-05-07,194.64,196.08,194.11,195.63,3677,195.63,1.55
2015-05-06,192.04,193.36,191.86,192.64,5756,192.64,0.15
2015-05-05,191.02,192.36,190.4,192.36,6554,192.36,-0.73
2015-05-04,195.34,195.34,192.62,193.78,3206,193.78,-1.78
2015-05-01,199.42,200,197.3,197.3,7682,197.3,0.72
2015-04-30,194.4,197.3,194.4,195.88,19057,195.88,3.47
2015-04-29,187.92,189.82,186.66,189.32,6063,189.32,1.35
2015-04-28,189.76,189.76,185.98,186.8,8357,186.8,-1.58
2015-04-27,194.7,195.7,188.44,189.8,18767,189.8,-4.03
2015-04-24,194.06,198.65,194.06,197.76,10533,197.76,2.62
2015-04-23,195.26,195.26,191.58,192.72,5993,192.72,-1.36
2015-04-22,191.78,195.54,189.23,195.38,10803,195.38,2.68
2015-04-21,191.66,191.78,190,190.28,2920,190.28,-1.21
2015-04-20,192.44,193.5,191.62,192.62,10984,192.62,1.39
2015-04-17,190.48,190.48,189.08,189.98,2981,189.98,-0.89
2015-04-16,189.8,192.54,189.45,191.68,3956,191.68,0.85
2015-04-15,192.4,193.1,189.62,190.06,6327,190.06,-1.72
2015-04-14,193,193.56,192.06,193.38,8641,193.38,1.26
2015-04-13,190.1,191.94,190.1,190.98,7973,190.98,1.23
2015-04-10,188.52,189.76,187.84,188.66,7839,188.66,-2.08
2015-04-09,192.66,193.56,192.28,192.66,5200,192.66,1.20
2015-04-08,188.8,191.5,188.34,190.38,9842,190.38,1.35
2015-04-07,187.38,188.25,186.88,187.84,2950,187.84,0.70
2015-04-06,184.3,186.78,183.6,186.54,14528,186.54,-2.27
2015-04-02,190.7,192.2,189.88,190.88,5678,190.88,0.53
2015-04-01,193.72,193.72,188.54,189.88,18896,189.88,-3.30
2015-03-31,196.18,197.8,194.67,196.36,9425,196.36,0.11
2015-03-30,196.22,196.86,195.38,196.14,12555,196.14,2.10
2015-03-27,191.84,192.94,191.1,192.1,7001,192.1,0.91
2015-03-26,189.94,191,189.3,190.36,16427,190.36,-1.27
2015-03-25,192.22,193.24,191.56,192.8,21277,192.8,-0.35
2015-03-24,194.08,195.6,193.34,193.48,8309,193.48,-0.63
2015-03-23,196.46,196.91,194.3,194.7,10128,194.7,-1.22
2015-03-20,200.76,200.76,195.6,197.1,34503,197.1,-2.21
2015-03-19,203.16,204.04,200.46,201.56,25875,201.56,0.03
2015-03-18,208.82,209.96,199.24,201.5,39831,201.5,-3.72
2015-03-17,210.68,211.16,205.78,209.28,10204,209.28,0.75
2015-03-16,206.8,208.96,206.02,207.72,18312,207.72,0.24
2015-03-13,206.06,208.22,205.72,207.22,7938,207.22,-0.16
2015-03-12,206,209.1,205.84,207.56,16310,207.56,0.02
2015-03-11,206,209.6,205.9,207.52,15270,207.52,1.15
2015-03-10,202.64,205.7,202,205.16,20263,205.16,0.92
2015-03-09,201.46,203.36,201.17,203.28,17423,203.28,-0.11
2015-03-06,199.06,204.08,198.92,203.5,47374,203.5,5.45
2015-03-05,191.72,193.4,189.84,192.98,6097,192.98,0.26
2015-03-04,191.04,192.98,191.02,192.48,4842,192.48,0.42
2015-03-03,189.5,191.87,188.32,191.68,6828,191.68,0.49
2015-03-02,188.04,190.96,187.78,190.74,9311,190.74,0.75
2015-02-27,187.08,189.32,186.66,189.32,14645,189.32,-0.21
2015-02-26,188.56,190.46,188.02,189.72,10295,189.72,-0.66
2015-02-25,190.54,192,190.26,190.98,4403,190.98,-0.73
2015-02-24,193.38,195.48,192,192.38,11876,192.38,0.20
2015-02-23,192.84,193.06,189.4,191.99,35308,191.99,-0.36
2015-02-20,189.62,193.46,188.94,192.68,14290,192.68,1.09
2015-02-19,189.34,190.7,188.5,190.6,5948,190.6,0.78
2015-02-18,190.44,193.36,188.86,189.12,17548,189.12,-0.52
2015-02-17,188.86,191.5,188.42,190.1,15086,190.1,3.28
2015-02-13,183.72,184.35,182.44,184.06,9349,184.06,-1.10
2015-02-12,184.9,186.55,184.7,186.1,7078,186.1,-0.46
2015-02-11,182.4,187.16,182.4,186.96,15019,186.96,2.31
2015-02-10,182.5,183.47,181,182.74,13543,182.74,1.17
2015-02-09,181.52,181.56,179.98,180.62,12093,180.62,-0.81
2015-02-06,180.76,184,179.8,182.09,33232,182.09,5.08
2015-02-05,175.58,176.3,173.28,173.28,10032,173.28,-0.08
2015-02-04,173.36,175.48,172,173.42,10203,173.42,-0.86
2015-02-03,173.28,176.34,173.28,174.92,11893,174.92,2.14
2015-02-02,173.4,173.4,169.4,171.26,47171,171.26,1.67
2015-01-30,175.26,175.52,168.44,168.44,26500,168.44,-4.57
2015-01-29,172.6,177.6,172.22,176.5,22646,176.5,4.39
2015-01-28,168.94,170.28,167.86,169.08,15833,169.08,1.59
2015-01-27,168.64,168.64,165.6,166.44,20364,166.44,-2.24
2015-01-26,169.4,171.34,169.24,170.26,21936,170.26,2.10
2015-01-23,165.98,168.4,165.98,166.76,19422,166.76,1.56
2015-01-22,164.62,166.76,163.18,164.2,32110,164.2,-1.56
2015-01-21,164.02,168.84,163.94,166.8,20065,166.8,-0.11
2015-01-20,168.64,168.64,165.88,166.98,26539,166.98,-2.65
2015-01-16,174.06,174.06,169.96,171.52,32009,171.52,-2.66
2015-01-15,179.34,179.34,174.42,176.2,32406,176.2,-4.87
2015-01-14,182.2,185.22,181.3,185.22,13976,185.22,0.26
2015-01-13,182.1,185,181.8,184.74,14731,184.74,0.69
2015-01-12,186.66,187.48,182.86,183.48,16742,183.48,-2.24
2015-01-09,190,190.26,187.68,187.68,5823,187.68,-2.15
2015-01-08,190.1,192.02,189.19,191.8,4788,191.8,0.83
2015-01-07,190.04,190.96,189.02,190.22,9142,190.22,1.12
2015-01-06,191.38,192.32,187,188.12,12297,188.12,-2.57
2015-01-05,196.04,196.81,191.68,193.08,11889,193.08,-3.14
2015-01-02,204.38,204.92,197.16,199.33,8470,199.33,