time,open,high,low,close,volume,adjClose,changesPercentage
2025-09-04,39.76,39.86,39.3,39.6,1884874,39.6,-0.80
2025-09-03,40.07,40.36,39.78,39.92,2829200,39.92,1.24
2025-09-02,38.39,39.5,38.23,39.43,4007526,39.43,4.62
2025-08-29,36.81,37.76,36.81,37.69,2092822,37.69,2.25
2025-08-28,36.51,36.88,36.45,36.86,1644334,36.86,1.65
2025-08-27,35.86,36.28,35.71,36.26,895600,36.26,0.72
2025-08-26,35.65,36.03,35.6,36,1252907,36,1.58
2025-08-25,35.38,35.67,35.38,35.44,401400,35.44,-0.37
2025-08-22,34.63,35.69,34.61,35.57,984109,35.57,2.01
2025-08-21,34.96,35.04,34.78,34.87,548500,34.87,-0.49
2025-08-20,34.9,35.08,34.85,35.04,929707,35.04,1.95
2025-08-19,34.73,34.86,34.35,34.37,637149,34.37,-1.12
2025-08-18,34.96,34.99,34.71,34.76,533924,34.76,-0.29
2025-08-15,34.9,35.02,34.78,34.86,540234,34.86,-0.06
2025-08-14,35.09,35.17,34.7,34.88,596214,34.88,-1.39
2025-08-13,35.33,35.66,35.21,35.37,841225,35.37,0.57
2025-08-12,35.14,35.39,34.75,35.17,1031523,35.17,-0.14
2025-08-11,35.31,35.58,35.17,35.22,1310327,35.22,-3.24
2025-08-08,36.9,37.28,36.16,36.4,2903800,36.4,-0.57
2025-08-07,36.43,36.62,35.98,36.61,1584200,36.61,1.92
2025-08-06,35.72,36.01,35.62,35.92,1078600,35.92,0.08
2025-08-05,35.72,36.14,35.7,35.89,1066400,35.89,0.14
2025-08-04,35.81,36.02,35.7,35.84,1035532,35.84,1.27
2025-08-01,35.3,35.49,35.03,35.39,1609500,35.39,3.94
2025-07-31,34.39,34.41,34,34.05,840201,34.05,1.37
2025-07-30,34.36,34.43,33.54,33.59,1354700,33.59,-3.45
2025-07-29,34.69,34.97,34.52,34.79,826600,34.79,0.38
2025-07-28,34.87,34.89,34.31,34.66,1170508,34.66,-1.25
2025-07-25,35.18,35.31,34.83,35.1,1503810,35.1,-2.12
2025-07-24,35.6,35.99,35.53,35.86,1425526,35.86,-1.46
2025-07-23,36.81,37.06,36.19,36.39,2439900,36.39,-2.54
2025-07-22,37,37.42,36.76,37.34,2056500,37.34,2.02
2025-07-21,36.27,36.72,36.23,36.6,2102224,36.6,3.42
2025-07-18,35.61,35.65,35.38,35.39,890200,35.39,0.51
2025-07-17,34.73,35.24,34.68,35.21,865400,35.21,-0.56
2025-07-16,35.16,36.07,34.82,35.41,1668205,35.41,1.08
2025-07-15,35.28,35.53,34.86,35.03,1026335,35.03,-0.96
2025-07-14,35.6,35.67,35.29,35.37,866448,35.37,-1.04
2025-07-11,35.62,35.96,35.55,35.74,1752800,35.74,2.23
2025-07-10,34.94,35.03,34.67,34.96,579669,34.96,0.55
2025-07-09,34.35,34.78,34.26,34.77,572816,34.77,0.81
2025-07-08,35,35.01,34.18,34.49,749642,34.49,-2.13
2025-07-07,34.69,35.31,34.58,35.24,796400,35.24,0.20
2025-07-03,35.13,35.26,34.93,35.17,628900,35.17,-1.46
2025-07-02,35.41,35.7,35.17,35.69,500200,35.69,1.22
2025-07-01,35.52,35.63,35.25,35.26,985500,35.26,1.73
2025-06-30,34.11,34.68,34.02,34.66,1061537,34.66,2.30
2025-06-27,33.54,34.11,33.52,33.88,1241300,33.88,-3.67
2025-06-26,34.92,35.26,34.71,35.17,737145,35.17,-0.17
2025-06-25,34.8,35.28,34.77,35.23,698700,35.23,0.63
2025-06-24,34.71,35.04,34.37,35.01,1659611,35.01,-3.23
2025-06-23,36,36.57,36,36.18,1296900,36.18,0.64
2025-06-20,35.76,36.14,35.75,35.95,766100,35.95,-0.19
2025-06-18,36.65,36.68,35.92,36.02,987200,36.02,-1.13
2025-06-17,36.6,36.68,36.02,36.43,1247436,36.43,0.08
2025-06-16,37.11,37.12,36.36,36.4,1411200,36.4,-2.86
2025-06-13,37.7,37.8,37.17,37.47,1611800,37.47,2.57
2025-06-12,36.4,36.75,36.3,36.53,1846584,36.53,2.47
2025-06-11,35.47,35.71,35.08,35.65,1337632,35.65,1.08
2025-06-10,35.63,35.7,35.09,35.27,1052016,35.27,0.37
2025-06-09,34.99,35.48,34.9,35.14,1023316,35.14,0.51
2025-06-06,35.81,35.87,34.91,34.96,1484908,34.96,-2.59
2025-06-05,36.4,36.59,35.55,35.89,1865292,35.89,-1.07
2025-06-04,35.96,36.53,35.79,36.28,1476088,36.28,1.28
2025-06-03,35.96,35.96,35.43,35.82,1666400,35.82,-1.73
2025-06-02,35.92,36.49,35.8,36.45,2575600,36.45,5.29
2025-05-30,34.63,34.74,34.14,34.62,1380768,34.62,-1.34
2025-05-29,35.13,35.39,34.85,35.09,1095200,35.09,1.15
2025-05-28,34.89,34.96,34.56,34.69,1210040,34.69,-0.46
2025-05-27,34.72,34.96,34.42,34.85,2432800,34.85,-3.57
2025-05-23,35.92,36.23,35.61,36.14,2066912,36.14,4.39
2025-05-22,35.07,35.09,34.37,34.62,1780000,34.62,-1.87
2025-05-21,34.97,35.41,34.78,35.28,2512000,35.28,1.47
2025-05-20,33.57,34.82,33.55,34.77,2760572,34.77,3.85
2025-05-19,33.48,33.63,33.17,33.48,1805600,33.48,2.60
2025-05-16,32.3,32.7,32.11,32.63,1800504,32.63,-2.45
2025-05-15,32.66,33.47,32.57,33.45,2188400,33.45,3.18
2025-05-14,32.51,32.81,32.14,32.42,2463312,32.42,-4.31
2025-05-13,33.77,34.05,33.41,33.88,1246000,33.88,0.86
2025-05-12,33.65,33.88,33.28,33.59,2361320,33.59,-5.65
2025-05-09,35.82,35.99,35.41,35.6,1388408,35.6,1.40
2025-05-08,36.32,36.52,34.75,35.11,2166400,35.11,-4.04
2025-05-07,36.91,37.2,36.41,36.59,2105600,36.59,-3.07
2025-05-06,37.18,37.78,36.79,37.75,3124000,37.75,5.62
2025-05-05,35.53,35.92,35.23,35.74,2299276,35.74,6.02
2025-05-02,34.2,34.37,33.46,33.71,1571268,33.71,0.30
2025-05-01,33.6,33.7,33.1,33.61,2172988,33.61,-4.22
2025-04-30,35.27,35.6,35.01,35.09,2230400,35.09,-1.24
2025-04-29,35.53,35.82,35.14,35.53,1479368,35.53,-2.15
2025-04-28,35.2,36.32,34.92,36.31,2047220,36.31,2.86
2025-04-25,34.6,35.47,34.43,35.3,1773216,35.3,-2.30
2025-04-24,35.87,36.23,35.35,36.13,2188000,36.13,2.88
2025-04-23,35.24,35.38,34.3,35.12,5034000,35.12,-4.82
2025-04-22,38.41,38.45,36.73,36.9,7051680,36.9,-2.77
2025-04-21,37.78,38.09,37.56,37.95,4183600,37.95,6.06
2025-04-17,35.81,36.03,34.94,35.78,2710100,35.78,-1.08
2025-04-16,35.51,36.28,35.33,36.17,3879200,36.17,6.54
2025-04-15,33.76,33.98,33.57,33.95,1428120,33.95,1.16
2025-04-14,33.41,33.66,33.18,33.56,2157600,33.56,-1.21
2025-04-11,33.98,34.28,33.71,33.97,4653600,33.97,3.69
2025-04-10,31.98,32.86,31.66,32.76,3971200,32.76,5.10
2025-04-09,30.54,31.34,30.25,31.17,4776800,31.17,7.41
2025-04-08,29.59,29.68,28.78,29.02,2189600,29.02,0.55
2025-04-07,29.87,30.13,28.48,28.86,3573200,28.86,-4.28
2025-04-04,30.92,31,29.64,30.15,4220840,30.15,-4.53
2025-04-03,30.71,32.23,30.64,31.58,3524800,31.58,-2.41
2025-04-02,32.26,32.6,32.1,32.36,2146020,32.36,0.90
2025-04-01,32.24,32.39,31.65,32.07,2258048,32.07,-0.34
2025-03-31,32.07,32.25,31.66,32.18,3370400,32.18,2.78
2025-03-28,31.25,31.47,31.06,31.31,2188400,31.31,1.03
2025-03-27,30.65,31.07,30.46,30.99,1184800,30.99,3.03
2025-03-26,30.23,30.23,29.99,30.08,557872,30.08,-0.07
2025-03-25,30.16,30.43,30.06,30.1,694720,30.1,0.77
2025-03-24,30.15,30.2,29.76,29.87,837000,29.87,-0.73
2025-03-21,30.29,30.45,29.65,30.09,1052588,30.09,-1.73
2025-03-20,30.32,30.66,30.3,30.62,651200,30.62,-0.29
2025-03-19,30.43,30.77,30.26,30.71,775336,30.71,0.92
2025-03-18,30.46,30.53,30.19,30.43,1164800,30.43,2.32
2025-03-17,29.47,29.77,29.46,29.74,659200,29.74,1.09
2025-03-14,29.73,29.73,29.33,29.42,843224,29.42,-0.24
2025-03-13,28.7,29.58,28.69,29.49,1553200,29.49,3.73
2025-03-12,27.96,28.59,27.93,28.43,762800,28.43,1.07
2025-03-11,27.97,28.2,27.96,28.13,962400,28.13,2.40
2025-03-10,27.79,27.98,27.36,27.47,1124800,27.47,-1.96
2025-03-07,28.11,28.4,27.84,28.02,934164,28.02,0.11
2025-03-06,27.97,28.25,27.97,27.99,621600,27.99,-0.96
2025-03-05,27.92,28.44,27.87,28.26,1023640,28.26,0.21
2025-03-04,28.19,28.25,27.84,28.2,1297384,28.2,1.95
2025-03-03,27.37,27.72,27.35,27.66,1293200,27.66,2.52
2025-02-28,26.86,27.02,26.59,26.98,1440176,26.98,-1.35
2025-02-27,27.69,27.81,27.26,27.35,1239508,27.35,-3.19
2025-02-26,27.8,28.28,27.74,28.25,608184,28.25,0.39
2025-02-25,28.77,28.79,27.63,28.14,1918800,28.14,-2.70
2025-02-24,28.76,28.94,28.54,28.92,1060852,28.92,1.15
2025-02-21,28.61,28.8,28.33,28.59,1076040,28.59,-0.28
2025-02-20,28.51,28.87,28.49,28.67,938000,28.67,0.10
2025-02-19,28.62,28.75,28.3,28.64,788000,28.64,0.03
2025-02-18,28.4,28.74,28.36,28.63,1059200,28.63,3.81
2025-02-14,28.54,28.57,27.45,27.58,1763600,27.58,-4.07
2025-02-13,28.37,28.76,28.35,28.75,748896,28.75,2.20
2025-02-12,28.08,28.35,27.88,28.13,677304,28.13,-0.07
2025-02-11,28.18,28.32,27.97,28.15,1032000,28.15,-0.60
2025-02-10,28.2,28.36,28.14,28.32,1111668,28.32,3.32
2025-02-07,27.58,27.84,27.21,27.41,1084628,27.41,0.44
2025-02-06,27.25,27.33,26.75,27.29,1218400,27.29,-0.07
2025-02-05,27.4,27.75,27.25,27.31,1563268,27.31,0.55
2025-02-04,27.03,27.2,26.91,27.16,986480,27.16,1.23
2025-02-03,26.77,27.1,26.63,26.83,1361660,26.83,1.86
2025-01-31,26.7,26.92,26.22,26.34,1507776,26.34,-1.09
2025-01-30,26.32,26.74,26.24,26.63,1146592,26.63,3.78
2025-01-29,25.74,25.79,25.49,25.66,1320640,25.66,-0.39
2025-01-28,25.52,25.79,25.47,25.76,696400,25.76,2.06
2025-01-27,25.45,25.51,25.05,25.24,1224800,25.24,-2.36
2025-01-24,25.9,26.18,25.84,25.85,1042852,25.85,1.17
2025-01-23,25.33,25.65,25.24,25.55,432036,25.55,-0.35
2025-01-22,25.62,25.75,25.51,25.64,540736,25.64,0.83
2025-01-21,25.19,25.54,25.18,25.43,1004400,25.43,1.19
2025-01-17,25.09,25.48,25.05,25.13,803932,25.13,-0.51
2025-01-16,25.22,25.44,25.17,25.26,1068000,25.26,1.94
2025-01-15,24.66,24.78,24.39,24.78,618800,24.78,2.23
2025-01-14,23.97,24.26,23.96,24.24,543608,24.24,0.66
2025-01-13,24.17,24.3,23.99,24.08,885352,24.08,-2.67
2025-01-10,24.94,25.06,24.68,24.74,1218780,24.74,2.70
2025-01-08,24.03,24.19,23.81,24.09,1492400,24.09,1.26
2025-01-07,23.95,24.01,23.63,23.79,561340,23.79,1.45
2025-01-06,23.29,23.58,23.23,23.45,606436,23.45,-0.47
2025-01-03,23.77,23.85,23.51,23.56,473828,23.56,-1.51
2025-01-02,23.74,23.97,23.7,23.92,628340,23.92,2.35
2024-12-31,23.08,23.38,23.08,23.37,369748,23.37,1.48
2024-12-30,23.07,23.08,22.8,23.03,628304,23.03,-0.69
2024-12-27,23.13,23.28,22.91,23.19,504420,23.19,-1.78
2024-12-26,23.38,23.62,23.33,23.61,612072,23.61,1.59
2024-12-24,23.19,23.24,23.01,23.24,307600,23.24,0.61
2024-12-23,23.25,23.3,23.04,23.1,1090000,23.1,-1.24
2024-12-20,23.2,23.58,23.17,23.39,948604,23.39,2.45
2024-12-19,22.81,22.9,22.63,22.83,672900,22.83,0.35
2024-12-18,23.59,23.63,22.67,22.75,942400,22.75,-4.05
2024-12-17,23.6,23.78,23.46,23.71,595596,23.71,-0.71
2024-12-16,23.98,24.02,23.83,23.88,555316,23.88,0.42
2024-12-13,24.06,24.1,23.76,23.78,570928,23.78,-2.82
2024-12-12,24.59,24.67,24.35,24.47,1044400,24.47,-3.51
2024-12-11,25.02,25.5,24.93,25.36,773608,25.36,2.51
2024-12-10,24.58,24.79,24.54,24.74,831348,24.74,2.83
2024-12-09,24.24,24.4,24.02,24.06,754060,24.06,1.99
2024-12-06,23.54,23.73,23.48,23.59,346520,23.59,0.04
2024-12-05,23.86,23.88,23.44,23.58,553296,23.58,-1.59
2024-12-04,23.96,24.05,23.89,23.96,493240,23.96,0.80
2024-12-03,23.97,23.98,23.68,23.77,399828,23.77,0.38
2024-12-02,23.89,23.9,23.64,23.68,489772,23.68,-1.86
2024-11-29,24.05,24.16,23.96,24.13,422420,24.13,1.73
2024-11-27,23.98,24.04,23.65,23.72,789956,23.72,0.47
2024-11-26,23.56,23.64,23.33,23.61,655116,23.61,0.43
2024-11-25,23.87,23.91,23.31,23.51,1993200,23.51,-5.96
2024-11-22,24.68,25.14,24.58,25,1200188,25,2.67
2024-11-21,24.32,24.44,24.21,24.35,738084,24.35,1.54
2024-11-20,23.82,24.14,23.76,23.98,500112,23.98,1.10
2024-11-19,23.63,23.74,23.45,23.72,754948,23.72,1.76
2024-11-18,23.2,23.4,23.2,23.31,835248,23.31,3.74
2024-11-15,22.68,22.73,22.43,22.47,841212,22.47,-0.44
2024-11-14,22.49,22.75,22.39,22.57,859724,22.57,-0.49
2024-11-13,23.4,23.41,22.68,22.68,629232,22.68,-2.11
2024-11-12,23.4,23.48,23.03,23.17,1016860,23.17,-1.61
2024-11-11,23.68,23.7,23.34,23.55,1450800,23.55,-4.85
2024-11-08,24.97,25.05,24.7,24.75,690460,24.75,-1.36
2024-11-07,24.81,25.18,24.75,25.09,896000,25.09,3.17
2024-11-06,24.28,24.63,24.13,24.32,1680400,24.32,-5.92
2024-11-05,25.96,26,25.65,25.85,370400,25.85,0.35
2024-11-04,25.86,25.91,25.64,25.76,469600,25.76,0.27
2024-11-01,26.08,26.19,25.68,25.69,617888,25.69,-0.93
2024-10-31,26.33,26.33,25.66,25.93,1038000,25.93,-2.99
2024-10-30,26.6,26.8,26.43,26.73,780300,26.73,0.98
2024-10-29,26.15,26.51,26.09,26.47,809600,26.47,2.20
2024-10-28,25.84,25.98,25.8,25.9,469776,25.9,0.00
2024-10-25,25.63,25.95,25.59,25.9,491600,25.9,0.43
2024-10-24,25.91,25.92,25.53,25.79,621340,25.79,1.46
2024-10-23,25.87,25.89,25.26,25.42,1368828,25.42,-2.38
2024-10-22,25.88,26.06,25.78,26.04,614132,26.04,2.04
2024-10-21,25.81,25.92,25.4,25.52,1117276,25.52,0.00
2024-10-18,25.26,25.55,25.24,25.52,893936,25.52,2.04
2024-10-17,24.84,25.09,24.79,25.01,579600,25.01,1.21
2024-10-16,24.82,24.92,24.56,24.71,983736,24.71,0.98
2024-10-15,24.29,24.6,24.19,24.47,571600,24.47,0.70
2024-10-14,24.32,24.45,24.15,24.3,379104,24.3,-0.25
2024-10-11,24.2,24.47,24.19,24.36,764576,24.36,2.01
2024-10-10,23.69,23.92,23.54,23.88,776008,23.88,1.49
2024-10-09,23.57,23.69,23.45,23.53,536060,23.53,-1.13
2024-10-08,24.08,24.12,23.46,23.8,1199600,23.8,-1.53
2024-10-07,24.24,24.3,24.11,24.17,486800,24.17,-0.62
2024-10-04,24.32,24.67,24.17,24.32,978584,24.32,-0.45
2024-10-03,24.28,24.52,24.1,24.43,649540,24.43,-0.16
2024-10-02,24.47,24.55,24.16,24.47,588000,24.47,0.00
2024-10-01,24.4,24.74,24.33,24.47,1048800,24.47,2.09
2024-09-30,24.14,24.17,23.87,23.97,987216,23.97,-1.60
2024-09-27,24.63,24.7,24.2,24.36,958132,24.36,-1.62
2024-09-26,24.65,24.86,24.43,24.76,604160,24.76,0.94
2024-09-25,24.61,24.68,24.36,24.53,957716,24.53,-0.28
2024-09-24,24.08,24.63,24.04,24.6,852000,24.6,2.71
2024-09-23,24.01,24.1,23.93,23.95,763512,23.95,0.42
2024-09-20,23.64,23.93,23.52,23.85,790132,23.85,2.58
2024-09-19,23.08,23.36,22.94,23.25,1484108,23.25,3.01
2024-09-18,23.1,23.5,22.53,22.57,1452068,22.57,-1.57
2024-09-17,23.06,23.17,22.78,22.93,572360,22.93,-1.12
2024-09-16,23.21,23.32,23.07,23.19,519704,23.19,-0.09
2024-09-13,23.12,23.26,23.04,23.21,786992,23.21,1.93
2024-09-12,22.45,22.81,22.43,22.77,1299200,22.77,3.55
2024-09-11,21.91,22.12,21.78,21.99,985988,21.99,-0.36
2024-09-10,22.04,22.09,21.79,22.07,482876,22.07,0.91
2024-09-09,21.82,21.89,21.66,21.87,573508,21.87,0.83
2024-09-06,21.94,22.09,21.51,21.69,962400,21.69,-1.63
2024-09-05,22.11,22.15,21.86,22.05,634592,22.05,1.75
2024-09-04,21.58,21.81,21.5,21.67,523332,21.67,0.05
2024-09-03,21.7,21.71,21.31,21.66,686400,21.66,-0.87
2024-08-30,22.12,22.16,21.72,21.85,572332,21.85,-1.49
2024-08-29,22,22.33,22,22.18,443200,22.18,0.96
2024-08-28,22.03,22.03,21.79,21.97,337600,21.97,-1.44
2024-08-27,21.96,22.31,21.96,22.29,368520,22.29,0.54
2024-08-26,22.32,22.32,22.05,22.17,520612,22.17,0.59
2024-08-23,21.86,22.2,21.76,22.04,702400,22.04,2.23
2024-08-22,21.74,21.74,21.35,21.56,881200,21.56,-2.44
2024-08-21,22.02,22.23,21.75,22.1,855200,22.1,-0.27
2024-08-20,22.39,22.45,21.92,22.16,870800,22.16,0.77
2024-08-19,21.74,22.02,21.65,21.99,773724,21.99,-0.23
2024-08-16,21.69,22.05,21.52,22.04,1472800,22.04,4.31
2024-08-15,21.04,21.23,20.8,21.13,721200,21.13,0.67
2024-08-14,21.06,21.24,20.84,20.99,987732,20.99,-1.69
2024-08-13,21.37,21.5,21.28,21.35,708976,21.35,-0.33
2024-08-12,20.99,21.46,20.93,21.42,1114540,21.42,3.48
2024-08-09,20.75,20.84,20.58,20.7,696948,20.7,0.44
2024-08-08,20.37,20.64,20.31,20.61,823708,20.61,3.10
2024-08-07,20.25,20.3,19.95,19.99,766800,19.99,-0.20
2024-08-06,20.17,20.29,19.93,20.03,606524,20.03,-1.72
2024-08-05,19.91,20.46,19.9,20.38,1546800,20.38,-2.39
2024-08-02,21.4,21.53,20.44,20.88,1644192,20.88,-0.57
2024-08-01,21.19,21.33,20.85,21,1406400,21,-0.71
2024-07-31,20.63,21.16,20.63,21.15,628800,21.15,3.63
2024-07-30,20.2,20.48,20.02,20.41,780400,20.41,2.00
2024-07-29,20.2,20.22,19.81,20.01,466800,20.01,-0.40
2024-07-26,19.95,20.15,19.92,20.09,561364,20.09,2.14
2024-07-25,19.84,19.84,19.52,19.67,1560804,19.67,-3.34
2024-07-24,20.65,20.91,20.34,20.35,763788,20.35,-0.68
2024-07-23,20.43,20.51,20.35,20.49,423200,20.49,0.74
2024-07-22,20.31,20.37,20.08,20.34,815244,20.34,-0.05
2024-07-19,20.3,20.52,20.25,20.35,745348,20.35,-3.65
2024-07-18,21.49,21.59,21.06,21.12,489120,21.12,-1.35
2024-07-17,21.7,21.86,21.3,21.41,932416,21.41,-0.83
2024-07-16,21.08,21.61,21.05,21.59,952176,21.59,3.85
2024-07-15,20.71,21.06,20.64,20.79,786368,20.79,0.73
2024-07-12,20.45,20.73,20.43,20.64,1006252,20.64,-0.10
2024-07-11,20.56,20.85,20.35,20.66,1556136,20.66,3.46
2024-07-10,20.13,20.23,19.95,19.97,806076,19.97,0.60
2024-07-09,19.87,19.99,19.62,19.85,326900,19.85,0.30
2024-07-08,20.05,20.12,19.64,19.79,719056,19.79,-2.46
2024-07-05,20.05,20.35,20.05,20.29,659640,20.29,2.63
2024-07-03,19.66,19.91,19.66,19.77,616768,19.77,2.28
2024-07-02,19.3,19.42,19.18,19.33,579272,19.33,-0.10
2024-07-01,19.28,19.39,19.17,19.35,623696,19.35,0.47
2024-06-28,19.37,19.4,19.22,19.26,522628,19.26,-0.05
2024-06-27,19.21,19.35,19.16,19.27,460308,19.27,2.28
2024-06-26,18.81,18.92,18.75,18.84,575068,18.84,-1.82
2024-06-25,19.28,19.33,19.09,19.19,373500,19.19,-1.13
2024-06-24,19.37,19.44,19.32,19.41,506224,19.41,0.94
2024-06-21,19.81,19.81,19.15,19.23,637860,19.23,-3.17
2024-06-20,19.52,19.98,19.51,19.86,1027692,19.86,2.48
2024-06-18,19.19,19.45,19.14,19.38,544876,19.38,0.73
2024-06-17,19.3,19.36,19.07,19.24,529496,19.24,-1.08
2024-06-14,19.37,19.51,19.31,19.45,1257724,19.45,2.58
2024-06-13,19.23,19.31,18.85,18.96,882740,18.96,-1.61
2024-06-12,19.59,19.6,19.19,19.27,867860,19.27,0.42
2024-06-11,19.15,19.23,19.04,19.19,546448,19.19,0.52
2024-06-10,19,19.17,18.95,19.09,782964,19.09,1.87
2024-06-07,19.38,19.39,18.74,18.74,2067008,18.74,-7.14
2024-06-06,20,20.28,19.95,20.18,695056,20.18,1.51
2024-06-05,19.68,19.94,19.57,19.88,758828,19.88,2.32
2024-06-04,19.6,19.6,19.25,19.43,715428,19.43,-1.77
2024-06-03,19.55,19.91,19.5,19.78,1442404,19.78,1.70
2024-05-31,19.89,19.93,19.35,19.45,900848,19.45,-1.22
2024-05-30,19.73,19.86,19.67,19.69,402408,19.69,0.31
2024-05-29,19.79,19.8,19.63,19.63,623860,19.63,-1.85
2024-05-28,20.06,20.07,19.83,20,1078564,20,2.04
2024-05-24,19.79,19.83,19.57,19.6,426972,19.6,0.20
2024-05-23,20.13,20.2,19.55,19.56,1081248,19.56,-4.12
2024-05-22,20.97,20.99,20.32,20.4,1118160,20.4,-3.68
2024-05-21,21.27,21.37,21.09,21.18,544712,21.18,-0.33
2024-05-20,21.09,21.42,20.96,21.25,923468,21.25,0.90
2024-05-17,20.79,21.11,20.71,21.06,1154412,21.06,3.13
2024-05-16,20.4,20.49,20.29,20.42,422840,20.42,-0.63
2024-05-15,20.24,20.63,19.98,20.55,990476,20.55,2.44
2024-05-14,19.91,20.11,19.88,20.06,681112,20.06,1.57
2024-05-13,19.88,19.93,19.66,19.75,772032,19.75,-2.18
2024-05-10,20.27,20.35,20.09,20.19,962336,20.19,1.61
2024-05-09,19.43,19.87,19.42,19.87,751360,19.87,3.01
2024-05-08,19.3,19.5,19.27,19.29,815028,19.29,-0.57
2024-05-07,19.46,19.52,19.34,19.4,516160,19.4,-0.92
2024-05-06,19.58,19.7,19.45,19.58,905060,19.58,2.09
2024-05-03,19.18,19.22,18.75,19.18,1005464,19.18,-0.21
2024-05-02,19,19.31,18.92,19.22,950248,19.22,-0.62
2024-05-01,19.2,19.63,19.12,19.34,1141000,19.34,1.63
2024-04-30,19.27,19.4,19.01,19.03,1105992,19.03,-3.89
2024-04-29,19.77,20,19.64,19.8,807960,19.8,-0.30
2024-04-26,19.91,19.95,19.69,19.86,726052,19.86,0.46
2024-04-25,19.5,19.97,19.48,19.77,949624,19.77,1.23
2024-04-24,19.57,19.85,19.5,19.53,894884,19.53,-0.41
2024-04-23,19.43,19.76,19.4,19.61,1276364,19.61,-0.56
2024-04-22,19.85,19.98,19.65,19.72,1486452,19.72,-4.92
2024-04-19,20.64,20.99,20.57,20.74,1325736,20.74,0.53
2024-04-18,20.8,20.83,20.43,20.63,926760,20.63,0.68
2024-04-17,20.77,20.9,20.3,20.49,1073124,20.49,-1.49
2024-04-16,20.6,20.95,20.36,20.8,1596924,20.8,0.29
2024-04-15,20.2,20.77,19.68,20.74,1874108,20.74,3.60
2024-04-12,20.93,21.51,19.85,20.02,3307856,20.02,-2.53
2024-04-11,20.01,20.56,19.84,20.54,1437052,20.54,3.74
2024-04-10,19.74,20.19,19.63,19.8,1757496,19.8,-1.83
2024-04-09,20.2,20.4,19.96,20.17,1430556,20.17,1.05
2024-04-08,19.87,20.02,19.62,19.96,1066868,19.96,1.27
2024-04-05,19.25,19.85,19.2,19.71,1384328,19.71,3.36
2024-04-04,19.15,19.41,18.98,19.07,1335112,19.07,-1.19
2024-04-03,18.91,19.32,18.88,19.3,1353232,19.3,1.74
2024-04-02,18.65,19,18.54,18.97,1332360,18.97,2.93
2024-04-01,18.59,18.6,18.19,18.43,1054624,18.43,1.99
2024-03-28,17.87,18.13,17.75,18.07,1174604,18.07,2.61
2024-03-27,17.48,17.63,17.48,17.61,596408,17.61,1.27
2024-03-26,17.56,17.57,17.3,17.39,566064,17.39,0.64
2024-03-25,17.31,17.45,17.27,17.28,440396,17.28,0.64
2024-03-22,17.34,17.43,17.08,17.17,599936,17.17,-1.72
2024-03-21,17.79,17.8,17.24,17.47,1183324,17.47,-0.11
2024-03-20,16.99,17.59,16.98,17.49,1042020,17.49,2.28
2024-03-19,17.06,17.1,16.95,17.1,391372,17.1,-0.23
2024-03-18,17.09,17.16,17.03,17.14,414724,17.14,0.29
2024-03-15,17.13,17.24,17.06,17.09,396484,17.09,-0.64
2024-03-14,17.21,17.21,17.04,17.2,572768,17.2,-0.92
2024-03-13,17.22,17.46,17.22,17.36,655848,17.36,1.46
2024-03-12,17.24,17.26,17.02,17.11,851052,17.11,-2.28
2024-03-11,17.47,17.57,17.43,17.51,674140,17.51,0.34
2024-03-08,17.33,17.74,17.25,17.45,935256,17.45,1.63
2024-03-07,17.11,17.2,17,17.17,543192,17.17,1.06
2024-03-06,16.87,17.08,16.75,16.99,967876,16.99,1.55
2024-03-05,16.75,16.89,16.63,16.73,907120,16.73,1.27
2024-03-04,16.2,16.57,16.16,16.52,1305988,16.52,3.19
2024-03-01,15.56,16.09,15.42,16.01,1067680,16.01,3.89
2024-02-29,15.47,15.51,15.41,15.41,501656,15.41,0.92
2024-02-28,15.27,15.29,15.23,15.27,170924,15.27,0.39
2024-02-27,15.3,15.34,15.2,15.21,383432,15.21,-0.26
2024-02-26,15.18,15.27,15.14,15.25,373660,15.25,-0.46
2024-02-23,15.15,15.4,15.13,15.32,469336,15.32,1.26
2024-02-22,15.13,15.16,15,15.13,402812,15.13,-0.13
2024-02-21,15.21,15.24,15.09,15.15,218748,15.15,0.00
2024-02-20,15.23,15.23,15.14,15.15,447112,15.15,1.20
2024-02-16,14.75,15.02,14.74,14.97,304900,14.97,0.74
2024-02-15,14.84,14.91,14.78,14.86,258040,14.86,1.30
2024-02-14,14.66,14.74,14.55,14.67,453296,14.67,-0.20
2024-02-13,14.83,14.83,14.66,14.7,448732,14.7,-2.78
2024-02-12,15.03,15.14,15,15.12,236896,15.12,-0.46
2024-02-09,15.19,15.22,15.13,15.19,553544,15.19,-0.85
2024-02-08,15.26,15.36,15.25,15.32,292440,15.32,-0.26
2024-02-07,15.37,15.52,15.35,15.36,216008,15.36,-0.13
2024-02-06,15.29,15.42,15.26,15.38,309884,15.38,1.05
2024-02-05,15.11,15.25,15.08,15.22,663188,15.22,-1.17
2024-02-02,15.31,15.43,15.26,15.4,565984,15.4,-1.85
2024-02-01,15.57,15.85,15.46,15.69,701216,15.69,1.95
2024-01-31,15.53,15.71,15.32,15.39,817760,15.39,-0.13
2024-01-30,15.58,15.6,15.31,15.41,631864,15.41,0.26
2024-01-29,15.37,15.4,15.18,15.37,477212,15.37,1.52
2024-01-26,15.2,15.2,15.11,15.14,183988,15.14,-0.33
2024-01-25,15.2,15.25,15.07,15.19,429376,15.19,0.80
2024-01-24,15.38,15.38,15.06,15.07,259088,15.07,-1.63
2024-01-23,15.24,15.36,15.22,15.32,335636,15.32,0.72
2024-01-22,15.21,15.3,15.08,15.21,344100,15.21,-0.85
2024-01-19,15.38,15.38,15.26,15.34,462924,15.34,0.66
2024-01-18,15.08,15.25,15.05,15.24,476972,15.24,1.46
2024-01-17,15.24,15.26,14.95,15.02,448200,15.02,-2.15
2024-01-16,15.55,15.56,15.3,15.35,342572,15.35,-1.85
2024-01-12,15.81,15.87,15.57,15.64,414340,15.64,1.82
2024-01-11,15.4,15.45,15.15,15.36,490756,15.36,0.33
2024-01-10,15.42,15.47,15.27,15.31,462560,15.31,-0.58
2024-01-09,15.52,15.58,15.37,15.4,230800,15.4,0.13
2024-01-08,15.28,15.53,15.25,15.38,511080,15.38,-1.66
2024-01-05,15.69,15.95,15.59,15.64,595736,15.64,0.00
2024-01-04,15.59,15.69,15.54,15.64,265116,15.64,0.19
2024-01-03,15.54,15.71,15.44,15.61,901892,15.61,-1.76
2024-01-02,16,16.08,15.86,15.89,559908,15.89,-0.50
2023-12-29,15.93,16.04,15.91,15.97,517604,15.97,-0.31
2023-12-28,16.17,16.25,16.02,16.02,330880,16.02,-1.35
2023-12-27,16.09,16.32,16.06,16.24,586996,16.24,1.00
2023-12-26,15.96,16.08,15.87,16.08,355072,16.08,1.52
2023-12-22,16.06,16.11,15.83,15.84,450696,15.84,0.89
2023-12-21,15.67,15.73,15.58,15.7,308712,15.7,1.23
2023-12-20,15.61,15.63,15.51,15.51,330028,15.51,-1.02
2023-12-19,15.53,15.78,15.53,15.67,412620,15.67,1.29
2023-12-18,15.41,15.58,15.38,15.47,429440,15.47,0.85
2023-12-15,15.58,15.66,15.3,15.34,410576,15.34,-1.79
2023-12-14,15.65,15.79,15.52,15.62,583680,15.62,1.17
2023-12-13,14.83,15.45,14.77,15.44,649448,15.44,4.39
2023-12-12,14.84,14.85,14.76,14.79,201516,14.79,-0.14
2023-12-11,14.95,14.96,14.73,14.81,675876,14.81,-2.24
2023-12-08,15.19,15.32,15.02,15.15,856092,15.15,-2.57
2023-12-07,15.62,15.62,15.41,15.55,378988,15.55,0.13
2023-12-06,15.61,15.63,15.46,15.53,669464,15.53,0.71
2023-12-05,15.49,15.55,15.29,15.42,471032,15.42,-0.71
2023-12-04,15.82,15.96,15.43,15.53,1152196,15.53,-4.37
2023-12-01,15.7,16.31,15.7,16.24,645464,16.24,3.44
2023-11-30,15.74,15.78,15.63,15.7,639864,15.7,-0.95
2023-11-29,15.8,15.93,15.77,15.85,630624,15.85,0.25
2023-11-28,15.58,15.83,15.52,15.81,594336,15.81,2.73
2023-11-27,15.36,15.4,15.27,15.39,363192,15.39,1.25
2023-11-24,15.19,15.23,15.15,15.2,158584,15.2,1.06
2023-11-22,15.12,15.23,15,15.04,249024,15.04,-0.86
2023-11-21,15.2,15.3,15.12,15.17,368924,15.17,2.02
2023-11-20,14.68,14.88,14.66,14.87,502148,14.87,-0.27
2023-11-17,14.96,14.98,14.88,14.91,217352,14.91,-0.07
2023-11-16,14.79,15.01,14.79,14.92,508916,14.92,2.12
2023-11-15,14.66,14.67,14.53,14.61,228496,14.61,-0.41
2023-11-14,14.62,14.77,14.62,14.67,449132,14.67,1.73
2023-11-13,14.23,14.45,14.2,14.42,635176,14.42,1.12
2023-11-10,14.43,14.44,14.21,14.26,478056,14.26,-2.33
2023-11-09,14.51,14.72,14.51,14.6,338480,14.6,0.69
2023-11-08,14.7,14.7,14.46,14.5,575912,14.5,-1.96
2023-11-07,14.74,14.8,14.65,14.79,421328,14.79,-0.94
2023-11-06,15.05,15.05,14.93,14.93,516872,14.93,-1.45
2023-11-03,15.1,15.27,15.09,15.15,915732,15.15,0.73
2023-11-02,15.06,15.08,14.95,15.04,401488,15.04,0.53
2023-11-01,15.03,15.16,14.78,14.96,729576,14.96,-0.66
2023-10-31,15.23,15.42,14.96,15.06,860956,15.06,-1.12
2023-10-30,15.31,15.33,15.19,15.23,692684,15.23,-1.17
2023-10-27,15.03,15.44,14.98,15.41,775860,15.41,2.26
2023-10-26,14.95,15.14,14.88,15.07,399128,15.07,0.27
2023-10-25,14.98,15.11,14.76,15.03,632900,15.03,0.80
2023-10-24,14.76,14.97,14.69,14.91,334040,14.91,0.00
2023-10-23,14.99,15,14.86,14.91,601412,14.91,-0.73
2023-10-20,15,15.28,14.94,15.02,592428,15.02,0.47
2023-10-19,14.61,15,14.56,14.95,540860,14.95,2.47
2023-10-18,14.59,14.76,14.42,14.59,617404,14.59,2.82
2023-10-17,14.2,14.31,14.14,14.19,359472,14.19,0.42
2023-10-16,14.1,14.18,14.06,14.13,509456,14.13,-1.05
2023-10-13,13.96,14.31,13.93,14.28,778340,14.28,6.57
2023-10-12,13.52,13.53,13.4,13.4,246316,13.4,-0.74
2023-10-11,13.47,13.54,13.41,13.5,366348,13.5,1.50
2023-10-10,13.23,13.33,13.2,13.3,475012,13.3,-0.30
2023-10-09,13.09,13.35,13.06,13.34,696256,13.34,3.73
2023-10-06,12.79,12.94,12.7,12.86,557080,12.86,0.86
2023-10-05,12.72,12.76,12.66,12.75,258548,12.75,-0.39
2023-10-04,12.82,12.83,12.72,12.8,330796,12.8,-0.16
2023-10-03,12.81,12.95,12.75,12.82,466972,12.82,-0.62
2023-10-02,12.97,13,12.86,12.9,697264,12.9,-1.90
2023-09-29,13.55,13.56,13.13,13.15,781576,13.15,-2.16
2023-09-28,13.55,13.58,13.31,13.44,453076,13.44,-1.10
2023-09-27,13.78,13.78,13.53,13.59,381904,13.59,-2.51
2023-09-26,14.03,14.07,13.91,13.94,355852,13.94,-1.69
2023-09-25,14.29,14.34,14.16,14.18,234244,14.18,-1.05
2023-09-22,14.33,14.38,14.31,14.33,116856,14.33,0.56
2023-09-21,14.2,14.3,14.16,14.25,494160,14.25,-1.45
2023-09-20,14.45,14.67,14.45,14.46,388964,14.46,0.07
2023-09-19,14.49,14.5,14.42,14.45,111400,14.45,-0.07
2023-09-18,14.37,14.47,14.31,14.46,268176,14.46,1.05
2023-09-15,14.33,14.42,14.3,14.31,450192,14.31,1.42
2023-09-14,14,14.15,13.98,14.11,282604,14.11,-0.07
2023-09-13,14.19,14.21,14.1,14.12,123340,14.12,-0.42
2023-09-12,14.11,14.2,14.1,14.18,302092,14.18,-1.05
2023-09-11,14.42,14.44,14.31,14.33,322004,14.33,0.35
2023-09-08,14.32,14.44,14.25,14.28,302956,14.28,0.00
2023-09-07,14.31,14.31,14.25,14.28,205644,14.28,0.07
2023-09-06,14.33,14.44,14.24,14.27,321932,14.27,-0.90
2023-09-05,14.5,14.51,14.39,14.4,638292,14.4,-1.57
2023-09-01,14.75,14.78,14.55,14.63,355604,14.63,0.07
2023-08-31,14.68,14.69,14.6,14.62,518196,14.62,-0.54
2023-08-30,14.73,14.77,14.69,14.7,413736,14.7,0.62
2023-08-29,14.31,14.62,14.29,14.61,590236,14.61,1.88
2023-08-28,14.26,14.44,14.25,14.34,236372,14.34,0.56
2023-08-25,14.25,14.37,14.08,14.26,323612,14.26,-0.21
2023-08-24,14.26,14.39,14.22,14.29,255796,14.29,-0.21
2023-08-23,14.21,14.36,14.18,14.32,366120,14.32,2.07
2023-08-22,13.98,14.05,13.89,14.03,360024,14.03,0.43
2023-08-21,14,14,13.85,13.97,556016,13.97,0.43
2023-08-18,13.96,13.99,13.87,13.91,259840,13.91,0.00
2023-08-17,14.1,14.1,13.84,13.91,382320,13.91,-0.29
2023-08-16,14.14,14.17,13.95,13.95,349904,13.95,-1.34
2023-08-15,14.16,14.27,14.09,14.14,318616,14.14,-0.49
2023-08-14,14.17,14.29,14.13,14.21,442748,14.21,-0.56
2023-08-11,14.3,14.41,14.28,14.29,393192,14.29,-0.07
2023-08-10,14.41,14.46,14.29,14.3,283296,14.3,-0.28
2023-08-09,14.49,14.52,14.33,14.34,439864,14.34,-1.04
2023-08-08,14.49,14.58,14.45,14.49,344240,14.49,-1.23
2023-08-07,14.73,14.73,14.58,14.67,256164,14.67,-0.47
2023-08-04,14.74,14.84,14.7,14.74,317580,14.74,0.75
2023-08-03,14.63,14.71,14.61,14.63,219816,14.63,-0.27
2023-08-02,14.83,14.84,14.64,14.67,451372,14.67,-1.01
2023-08-01,14.89,14.98,14.77,14.82,467648,14.82,-2.18
2023-07-31,15.15,15.26,15.14,15.15,392220,15.15,0.60
2023-07-28,14.98,15.12,14.96,15.06,374616,15.06,1.48
2023-07-27,15.03,15.03,14.81,14.84,626096,14.84,-3.13
2023-07-26,15.22,15.38,15.17,15.32,344204,15.32,1.06
2023-07-25,15.05,15.18,14.98,15.16,127672,15.16,0.93
2023-07-24,15.13,15.16,15,15.02,207428,15.02,-0.73
2023-07-21,15.12,15.17,15.05,15.13,197444,15.13,-0.72
2023-07-20,15.4,15.4,15.18,15.24,227928,15.24,-1.04
2023-07-19,15.36,15.42,15.27,15.4,251072,15.4,0.00
2023-07-18,15.25,15.49,15.18,15.4,458128,15.4,2.33
2023-07-17,14.96,15.07,14.9,15.05,485124,15.05,0.00
2023-07-14,15.07,15.16,15,15.05,329428,15.05,-0.53
2023-07-13,15.13,15.15,15.06,15.13,214732,15.13,0.13
2023-07-12,15.01,15.14,15,15.11,558908,15.11,2.58
2023-07-11,14.72,14.77,14.68,14.73,287772,14.73,0.68
2023-07-10,14.55,14.64,14.54,14.63,245376,14.63,0.07
2023-07-07,14.56,14.76,14.56,14.62,250120,14.62,1.60
2023-07-06,14.42,14.46,14.29,14.39,278464,14.39,-0.76
2023-07-05,14.76,14.76,14.49,14.5,268244,14.5,-0.75
2023-07-03,14.62,14.74,14.6,14.61,250236,14.6,0.34
2023-06-30,14.46,14.6,14.38,14.56,401248,14.56,1.18
2023-06-29,14.17,14.46,14.16,14.39,441752,14.39,-0.21
2023-06-28,14.4,14.48,14.32,14.42,264216,14.42,-0.55
2023-06-27,14.72,14.74,14.44,14.5,306540,14.5,-0.89
2023-06-26,14.72,14.72,14.61,14.63,196120,14.63,0.34
2023-06-23,14.81,14.87,14.56,14.58,317556,14.58,0.55
2023-06-22,14.6,14.7,14.48,14.5,517596,14.5,-2.16
2023-06-21,14.75,14.87,14.58,14.82,452760,14.81,-0.34
2023-06-20,14.9,14.9,14.75,14.87,541420,14.86,-1.98
2023-06-16,15.21,15.3,15.13,15.17,350248,15.17,-0.26
2023-06-15,14.94,15.24,14.93,15.21,360800,15.21,1.26
2023-06-14,15.19,15.23,14.93,15.02,347276,15.02,0.20
2023-06-13,15.26,15.31,14.93,14.99,380984,14.99,-1.58
2023-06-12,15.22,15.23,15.09,15.23,294420,15.23,-0.20
2023-06-09,15.31,15.37,15.22,15.26,166348,15.26,-0.52
2023-06-08,15.26,15.42,15.25,15.34,259472,15.34,2.47
2023-06-07,15.27,15.44,14.97,14.97,305280,14.97,-2.35
2023-06-06,15.34,15.38,15.2,15.33,174324,15.33,0.20
2023-06-05,15.07,15.34,15.04,15.3,268660,15.3,1.26
2023-06-02,15.54,15.54,15.1,15.11,361192,15.11,-3.02
2023-06-01,15.43,15.65,15.41,15.58,419100,15.58,1.43
2023-05-31,15.37,15.53,15.33,15.36,519196,15.36,0.33
2023-05-30,15.24,15.36,15.18,15.31,517380,15.31,1.32
2023-05-26,15.14,15.17,14.99,15.11,370792,15.11,0.67
2023-05-25,15.17,15.18,14.99,15.01,704260,15.01,-2.02
2023-05-24,15.59,15.59,15.28,15.32,590836,15.32,-1.61
2023-05-23,15.44,15.61,15.41,15.57,310792,15.57,0.32
2023-05-22,15.54,15.64,15.49,15.52,302264,15.52,-0.45
2023-05-19,15.37,15.72,15.3,15.59,491552,15.59,1.76
2023-05-18,15.34,15.38,15.22,15.32,652816,15.31,-2.61
2023-05-17,15.74,15.76,15.59,15.73,630700,15.73,-0.76
2023-05-16,16.15,16.18,15.77,15.85,508092,15.85,-2.52
2023-05-15,16.28,16.37,16.25,16.26,309880,16.26,0.37
2023-05-12,16.31,16.38,16.16,16.2,302656,16.2,-0.37
2023-05-11,16.48,16.55,16.2,16.26,640772,16.26,-1.69
2023-05-10,16.6,16.72,16.41,16.54,504992,16.54,-0.42
2023-05-09,16.45,16.66,16.44,16.61,490968,16.6,1.40
2023-05-08,16.41,16.54,16.35,16.38,506768,16.38,0.18
2023-05-05,16.2,16.36,16.05,16.35,648212,16.35,-3.08
2023-05-04,16.6,17.04,16.6,16.87,649976,16.87,1.26
2023-05-03,16.38,16.66,16.28,16.66,1016864,16.66,1.71
2023-05-02,15.88,16.39,15.86,16.38,669440,16.38,3.93
2023-05-01,16.13,16.14,15.75,15.76,636228,15.76,-1.01
2023-04-28,15.9,16,15.79,15.92,396284,15.92,0.13
2023-04-27,15.75,15.94,15.66,15.9,418348,15.9,-0.06
2023-04-26,16.24,16.24,15.84,15.91,380748,15.91,-1.06
2023-04-25,15.93,16.17,15.84,16.08,422660,16.08,1.07
2023-04-24,15.8,15.96,15.7,15.91,655996,15.91,0.51
2023-04-21,15.96,16.08,15.65,15.83,565464,15.82,-2.04
2023-04-20,16.16,16.31,16.11,16.16,189584,16.16,0.75
2023-04-19,15.86,16.07,15.85,16.04,397928,16.04,-0.99
2023-04-18,16.02,16.32,15.99,16.2,443924,16.19,0.81
2023-04-17,16.14,16.15,15.83,16.07,680308,16.07,-0.99
2023-04-14,16.54,16.6,16.03,16.23,718440,16.23,-3.45
2023-04-13,16.84,16.96,16.71,16.81,541856,16.81,2.56
2023-04-12,16.47,16.47,16.2,16.39,390248,16.39,0.92
2023-04-11,16.18,16.29,16.14,16.24,380908,16.24,1.25
2023-04-10,16.06,16.08,15.9,16.04,464680,16.04,-1.47
2023-04-06,16.37,16.43,16.18,16.28,492108,16.28,-1.57
2023-04-05,16.64,16.7,16.36,16.54,767420,16.54,-0.12
2023-04-04,16.01,16.63,16.01,16.56,979204,16.56,3.56
2023-04-03,15.87,16.06,15.78,15.99,685688,15.98,1.46
2023-03-31,15.91,15.94,15.69,15.76,672856,15.76,-0.94
2023-03-30,15.67,15.97,15.64,15.91,305528,15.91,1.73
2023-03-29,15.65,15.78,15.61,15.64,335720,15.64,-1.14
2023-03-28,15.62,15.84,15.59,15.82,392212,15.82,1.74
2023-03-27,15.42,15.59,15.36,15.55,539476,15.55,-2.14
2023-03-24,16.21,16.27,15.86,15.89,684640,15.89,-2.03
2023-03-23,15.91,16.31,15.86,16.22,816776,16.22,2.40
2023-03-22,15.32,15.92,15.32,15.84,637024,15.84,3.39
2023-03-21,15.73,15.73,15.25,15.32,846068,15.32,-3.83
2023-03-20,15.99,16.05,15.75,15.93,843428,15.93,0.06
2023-03-17,15.48,16.09,15.42,15.92,962672,15.92,5.85
2023-03-16,15.2,15.22,14.92,15.04,708512,15.04,0.40
2023-03-15,15.09,15.31,14.87,14.98,1111936,14.98,1.49
2023-03-14,14.84,14.88,14.67,14.76,419356,14.76,-1.20
2023-03-13,14.73,14.95,14.67,14.94,1115884,14.94,4.77
2023-03-10,13.97,14.26,13.96,14.26,577300,14.26,4.24
2023-03-09,13.6,13.74,13.59,13.68,204688,13.68,1.86
2023-03-08,13.42,13.59,13.42,13.43,242092,13.43,-0.07
2023-03-07,13.73,13.73,13.42,13.44,460800,13.44,-3.59
2023-03-06,14.04,14.05,13.93,13.94,319708,13.94,-0.99
2023-03-03,13.91,14.1,13.84,14.08,323252,14.08,2.10
2023-03-02,13.76,13.84,13.75,13.79,343364,13.79,-0.29
2023-03-01,13.83,13.94,13.77,13.83,334700,13.82,1.24
2023-02-28,13.5,13.73,13.47,13.66,506704,13.66,1.04
2023-02-27,13.51,13.56,13.46,13.52,392036,13.52,0.75
2023-02-24,13.43,13.49,13.38,13.42,341028,13.42,-1.54
2023-02-23,13.68,13.71,13.55,13.63,463016,13.63,-0.22
2023-02-22,13.85,13.86,13.64,13.66,354016,13.66,-1.09
2023-02-21,13.91,13.95,13.76,13.81,317324,13.81,-0.86
2023-02-17,13.68,13.95,13.64,13.93,253652,13.93,0.65
2023-02-16,13.76,13.97,13.72,13.84,255628,13.84,-0.29
2023-02-15,13.82,13.88,13.75,13.88,574544,13.88,-1.84
2023-02-14,14.03,14.29,13.96,14.14,435468,14.14,0.14
2023-02-13,14.17,14.19,14.06,14.12,369100,14.12,-1.05
2023-02-10,14.31,14.32,14.17,14.27,249960,14.27,0.21
2023-02-09,14.64,14.65,14.19,14.24,390612,14.24,-1.59
2023-02-08,14.56,14.56,14.37,14.47,222852,14.47,0.56
2023-02-07,14.35,14.6,14.31,14.39,372448,14.39,0.21
2023-02-06,14.42,14.46,14.29,14.36,516056,14.36,0.35
2023-02-03,14.57,14.65,14.26,14.31,1039964,14.31,-5.17
2023-02-02,15.63,15.63,15.06,15.09,806264,15.09,-4.19
2023-02-01,15.42,15.76,15.24,15.75,648224,15.75,2.61
2023-01-31,15.26,15.39,15.2,15.35,333684,15.35,0.66
2023-01-30,15.34,15.36,15.23,15.25,297548,15.25,-0.52
2023-01-27,15.35,15.42,15.18,15.33,293468,15.33,-0.39
2023-01-26,15.5,15.5,15.21,15.39,398272,15.39,-1.85
2023-01-25,15.36,15.68,15.36,15.68,254940,15.68,0.97
2023-01-24,15.41,15.54,15.21,15.53,288272,15.53,0.78
2023-01-23,15.21,15.42,15.12,15.41,385072,15.41,0.33
2023-01-20,15.33,15.42,15.26,15.36,403616,15.36,-0.65
2023-01-19,15.21,15.49,15.17,15.46,556120,15.46,3.14
2023-01-18,15.3,15.34,14.97,14.99,430884,14.98,-0.66
2023-01-17,15.19,15.2,15.01,15.09,451680,15.09,-1.24
2023-01-13,14.99,15.3,14.99,15.28,631568,15.27,2.34
2023-01-12,14.84,14.94,14.66,14.93,347712,14.93,2.26
2023-01-11,14.64,14.64,14.46,14.6,211236,14.6,-0.27
2023-01-10,14.62,14.67,14.52,14.64,443664,14.64,0.76
2023-01-09,14.6,14.67,14.5,14.53,701268,14.52,0.41
2023-01-06,14.15,14.51,14.06,14.47,980044,14.47,3.73
2023-01-05,14,14.02,13.83,13.95,417216,13.95,-2.52
2023-01-04,14.34,14.38,14.19,14.31,758908,14.31,1.92
2023-01-03,14.09,14.22,13.89,14.04,458996,14.03,1.59
2022-12-30,13.76,13.85,13.68,13.82,303856,13.82,0.88
2022-12-29,13.65,13.78,13.65,13.7,317968,13.69,1.03
2022-12-28,13.58,13.63,13.44,13.56,321824,13.56,-1.02
2022-12-27,13.55,13.99,13.54,13.7,532952,13.7,1.86
2022-12-23,13.4,13.54,13.37,13.45,204920,13.45,0.60
2022-12-22,13.55,13.55,13.27,13.37,373772,13.37,-2.69
2022-12-21,13.77,13.88,13.72,13.74,267092,13.74,-0.36
2022-12-20,13.62,13.85,13.61,13.79,433596,13.79,3.53
2022-12-19,13.4,13.46,13.28,13.32,185636,13.32,-0.60
2022-12-16,13.28,13.44,13.27,13.4,399796,13.4,1.67
2022-12-15,13.24,13.32,13.13,13.18,342084,13.18,-3.44
2022-12-14,13.69,13.75,13.5,13.65,276872,13.65,-0.44
2022-12-13,13.83,13.93,13.64,13.71,553224,13.71,3.39
2022-12-12,13.38,13.4,13.22,13.26,299888,13.26,-1.70
2022-12-09,13.52,13.65,13.42,13.49,294468,13.49,0.75
2022-12-08,13.42,13.48,13.36,13.39,153160,13.39,0.07
2022-12-07,13.23,13.42,13.22,13.38,419724,13.38,1.83
2022-12-06,13.19,13.24,13.09,13.14,226120,13.14,0.46
2022-12-05,13.43,13.44,13.06,13.08,498608,13.08,-3.47
2022-12-02,13.36,13.58,13.3,13.55,344980,13.55,-0.73
2022-12-01,13.57,13.65,13.51,13.65,564516,13.65,3.72
2022-11-30,12.99,13.16,12.76,13.16,600988,13.16,2.49
2022-11-29,12.84,12.97,12.82,12.84,592112,12.84,1.02
2022-11-28,12.87,12.88,12.71,12.71,481292,12.71,-1.63
2022-11-25,12.85,12.95,12.85,12.92,328352,12.92,0.23
2022-11-23,12.68,12.92,12.66,12.89,386712,12.89,1.18
2022-11-22,12.8,12.83,12.69,12.74,520228,12.74,0.08
2022-11-21,12.81,12.81,12.64,12.73,310788,12.73,-1.01
2022-11-18,12.97,13,12.86,12.86,317424,12.86,-1.53
2022-11-17,13.04,13.08,13.01,13.06,405304,13.06,-1.58
2022-11-16,13.32,13.36,13.23,13.27,310288,13.27,-0.45
2022-11-15,13.29,13.44,13.18,13.33,395484,13.33,0.76
2022-11-14,13.12,13.26,13.1,13.23,552996,13.23,0.53
2022-11-11,13.07,13.17,12.97,13.16,449292,13.16,1.39
2022-11-10,12.76,12.99,12.72,12.98,547032,12.98,5.96
2022-11-09,12.34,12.51,12.21,12.25,388488,12.25,-0.97
2022-11-08,11.85,12.43,11.84,12.37,815180,12.37,4.65
2022-11-07,11.88,11.92,11.82,11.82,345280,11.82,-0.84
2022-11-04,11.68,11.93,11.66,11.92,341836,11.92,6.33
2022-11-03,11.04,11.23,11.02,11.21,494172,11.21,-0.80
2022-11-02,11.57,11.75,11.29,11.3,547028,11.3,-1.48
2022-11-01,11.53,11.54,11.39,11.47,262280,11.47,1.96
2022-10-31,11.28,11.37,11.24,11.25,203152,11.25,-1.49
2022-10-28,11.4,11.47,11.32,11.42,234568,11.42,-2.23
2022-10-27,11.66,11.72,11.6,11.68,273220,11.68,-0.34
2022-10-26,11.68,11.82,11.68,11.72,536052,11.72,1.30
2022-10-25,11.56,11.67,11.53,11.57,299360,11.56,0.52
2022-10-24,11.48,11.55,11.43,11.51,221252,11.51,-0.69
2022-10-21,11.26,11.61,11.25,11.59,400156,11.59,3.57
2022-10-20,11.26,11.44,11.17,11.19,319488,11.19,-0.36
2022-10-19,11.28,11.34,11.2,11.23,321180,11.23,-2.77
2022-10-18,11.6,11.6,11.48,11.55,154372,11.55,0.52
2022-10-17,11.73,11.78,11.49,11.49,412668,11.49,0.52
2022-10-14,11.6,11.62,11.39,11.43,358564,11.43,-2.56
2022-10-13,11.51,11.86,11.43,11.73,426608,11.73,-1.43
2022-10-12,11.79,11.94,11.79,11.9,187396,11.9,1.10
2022-10-11,11.82,12.02,11.74,11.77,470512,11.77,-0.34
2022-10-10,11.9,11.94,11.77,11.81,393708,11.81,-3.20
2022-10-07,12.3,12.35,12.17,12.2,303536,12.2,-2.24
2022-10-06,12.45,12.51,12.38,12.48,231128,12.48,-0.40
2022-10-05,12.44,12.55,12.29,12.53,416156,12.53,-0.95
2022-10-04,12.42,12.7,12.38,12.65,591224,12.65,2.76
2022-10-03,11.84,12.31,11.81,12.31,548424,12.31,4.94
2022-09-30,11.78,11.92,11.71,11.73,531916,11.73,-0.09
2022-09-29,11.65,11.78,11.5,11.74,522612,11.74,0.00
2022-09-28,11.51,11.75,11.47,11.74,844796,11.73,4.36
2022-09-27,11.36,11.42,11.25,11.25,228956,11.25,0.36
2022-09-26,11.5,11.55,11.17,11.21,411272,11.21,-2.35
2022-09-23,11.61,11.61,11.43,11.48,743524,11.48,-3.53
2022-09-22,11.98,12,11.84,11.9,278976,11.9,-0.08
2022-09-21,11.93,12.12,11.63,11.91,608684,11.91,1.02
2022-09-20,11.79,11.81,11.73,11.79,409344,11.79,-1.26
2022-09-19,11.77,11.94,11.76,11.94,420308,11.94,0.17
2022-09-16,11.73,12.03,11.69,11.92,611156,11.92,1.10
2022-09-15,12.07,12.17,11.74,11.79,1243292,11.79,-3.76
2022-09-14,12.38,12.41,12.23,12.25,337764,12.25,-0.97
2022-09-13,12.34,12.46,12.33,12.37,482244,12.36,-2.60
2022-09-12,12.77,12.84,12.68,12.7,278460,12.7,0.95
2022-09-09,12.55,12.64,12.5,12.58,284504,12.58,1.13
2022-09-08,12.52,12.56,12.39,12.44,426752,12.44,-1.19
2022-09-07,12.3,12.62,12.3,12.59,226404,12.59,2.03
2022-09-06,12.46,12.5,12.33,12.34,290852,12.34,-1.12
2022-09-02,12.49,12.6,12.46,12.48,454688,12.48,1.79
2022-09-01,12.31,12.34,12.18,12.26,468536,12.26,-1.92
2022-08-31,12.53,12.68,12.49,12.5,308476,12.5,-1.50
2022-08-30,12.81,12.82,12.66,12.69,419596,12.69,-1.70
2022-08-29,12.91,13.01,12.89,12.91,234500,12.91,0.16
2022-08-26,13.11,13.18,12.85,12.89,246148,12.89,-2.42
2022-08-25,13.25,13.25,13.14,13.21,289028,13.21,0.46
2022-08-24,13.01,13.18,13,13.15,121960,13.15,0.61
2022-08-23,12.93,13.17,12.93,13.07,225372,13.07,1.48
2022-08-22,12.89,12.95,12.84,12.88,481280,12.88,-1.38
2022-08-19,13.21,13.22,13.05,13.06,305632,13.06,-1.43
2022-08-18,13.37,13.41,13.2,13.25,188408,13.25,-0.67
2022-08-17,13.48,13.48,13.26,13.34,386084,13.34,-1.33
2022-08-16,13.51,13.56,13.48,13.52,462304,13.52,-0.44
2022-08-15,13.62,13.64,13.52,13.58,371144,13.58,-2.51
2022-08-12,13.81,13.95,13.77,13.93,206836,13.93,1.75
2022-08-11,13.81,13.89,13.68,13.69,228292,13.69,-0.44
2022-08-10,13.86,13.95,13.72,13.75,302460,13.75,-0.51
2022-08-09,13.88,13.93,13.76,13.82,285220,13.82,0.51
2022-08-08,13.63,13.76,13.62,13.75,658764,13.75,1.70
2022-08-05,13.46,13.59,13.44,13.52,379748,13.52,-2.24
2022-08-04,13.57,13.84,13.54,13.83,531468,13.83,3.21
2022-08-03,13.44,13.45,13.21,13.4,344892,13.4,0.53
2022-08-02,13.59,13.71,13.32,13.33,609676,13.33,-1.19
2022-08-01,13.48,13.54,13.39,13.49,452420,13.48,0.97
2022-07-29,13.31,13.42,13.22,13.36,482448,13.36,0.75
2022-07-28,13.21,13.27,13.14,13.26,495548,13.26,1.92
2022-07-27,12.68,13.03,12.62,13.01,506092,13.01,2.60
2022-07-26,12.7,12.75,12.65,12.68,168488,12.68,-0.31
2022-07-25,12.77,12.77,12.65,12.72,624400,12.72,-0.47
2022-07-22,12.76,13.01,12.74,12.78,708680,12.77,0.39
2022-07-21,12.41,12.73,12.41,12.73,705304,12.73,2.99
2022-07-20,12.63,12.63,12.36,12.36,330872,12.36,-1.90
2022-07-19,12.59,12.64,12.57,12.6,176648,12.6,0.40
2022-07-18,12.7,12.75,12.53,12.55,372392,12.55,0.16
2022-07-15,12.55,12.58,12.44,12.53,256796,12.53,-0.48
2022-07-14,12.53,12.67,12.41,12.59,326324,12.59,-2.78
2022-07-13,12.72,13.12,12.72,12.95,458148,12.95,0.94
2022-07-12,12.89,12.96,12.82,12.83,224036,12.83,-0.77
2022-07-11,13.01,13.1,12.92,12.93,207172,12.93,-1.15
2022-07-08,13.09,13.24,13,13.08,197076,13.07,0.08
2022-07-07,13.1,13.2,13.05,13.07,336620,13.07,0.15
2022-07-06,13.42,13.44,12.94,13.05,945160,13.05,-3.26
2022-07-05,13.92,13.92,13.44,13.49,1057264,13.49,-4.39
2022-07-01,13.89,14.17,13.88,14.11,804092,14.11,-0.14
2022-06-30,14.31,14.38,14.08,14.13,571408,14.13,-1.33
2022-06-29,14.5,14.52,14.25,14.32,296940,14.31,-0.14
2022-06-28,14.41,14.43,14.32,14.34,243996,14.34,-0.28
2022-06-27,14.51,14.51,14.36,14.38,297864,14.38,-0.28
2022-06-24,14.44,14.53,14.38,14.42,510812,14.42,-0.14
2022-06-23,14.65,14.77,14.4,14.44,641440,14.44,-1.37
2022-06-22,14.69,14.8,14.61,14.64,414688,14.64,0.83
2022-06-21,14.6,14.74,14.49,14.52,315832,14.52,-0.82
2022-06-17,14.79,14.81,14.58,14.64,464816,14.64,-1.68
2022-06-16,14.5,14.9,14.44,14.89,732376,14.89,2.34
2022-06-15,14.48,14.72,14.27,14.55,886432,14.55,2.75
2022-06-14,14.34,14.36,14.11,14.16,663608,14.16,-1.67
2022-06-13,14.62,14.64,14.35,14.4,1025460,14.4,-5.51
2022-06-10,14.58,15.3,14.5,15.24,1171720,15.24,2.83
2022-06-09,14.85,14.88,14.7,14.82,509304,14.82,-0.54
2022-06-08,14.92,15.01,14.89,14.9,257696,14.9,-0.20
2022-06-07,14.8,14.95,14.78,14.93,282116,14.93,1.36
2022-06-06,14.92,14.92,14.7,14.73,431000,14.73,-1.01
2022-06-03,15.02,15.12,14.83,14.88,625152,14.88,-2.11
2022-06-02,15.08,15.22,15.06,15.2,478916,15.2,2.49
2022-06-01,14.82,14.87,14.69,14.83,916316,14.83,1.23
2022-05-31,14.9,14.96,14.63,14.65,1022768,14.65,-2.01
2022-05-27,15.06,15.06,14.91,14.95,375184,14.95,0.13
2022-05-26,14.83,14.96,14.77,14.93,448864,14.93,-0.33
2022-05-25,14.96,15,14.76,14.98,405640,14.98,-1.38
2022-05-24,15.06,15.24,15.05,15.19,651840,15.19,1.47
2022-05-23,15.02,15.05,14.86,14.97,545472,14.97,0.94
2022-05-20,14.77,14.86,14.63,14.83,475780,14.83,0.20
2022-05-19,14.75,14.9,14.65,14.8,532860,14.8,2.92
2022-05-18,14.32,14.51,14.28,14.38,425452,14.38,0.07
2022-05-17,14.57,14.57,14.34,14.37,1309808,14.37,-1.17
2022-05-16,14.22,14.56,14.21,14.54,574680,14.54,1.75
2022-05-13,14.21,14.42,14.15,14.29,877060,14.29,-1.52
2022-05-12,14.87,14.92,14.48,14.51,1398304,14.51,-3.27
2022-05-11,14.94,15.08,14.91,15,560656,15,1.83
2022-05-10,15.18,15.2,14.71,14.73,945888,14.73,-1.87
2022-05-09,15.26,15.26,15,15.01,1180792,15.01,-3.10
2022-05-06,15.48,15.67,15.38,15.49,652012,15.49,0.26
2022-05-05,15.86,15.87,15.35,15.45,835632,15.44,-0.64
2022-05-04,15.28,15.64,15.16,15.55,880864,15.55,2.03
2022-05-03,15.21,15.43,15.2,15.24,686132,15.24,0.40
2022-05-02,15.15,15.34,15.03,15.18,1159104,15.18,-3.68
2022-04-29,15.96,16.07,15.73,15.76,758892,15.76,-0.06
2022-04-28,15.58,15.77,15.54,15.77,493752,15.77,1.15
2022-04-27,15.69,15.71,15.51,15.59,937532,15.59,-1.58
2022-04-26,15.95,16.01,15.77,15.84,807720,15.84,0.32
2022-04-25,15.81,15.87,15.69,15.79,1256892,15.79,-3.66
2022-04-22,16.46,16.63,16.29,16.39,1078048,16.39,-1.92
2022-04-21,16.66,16.76,16.49,16.71,1369084,16.71,-0.83
2022-04-20,16.64,16.85,16.59,16.85,973824,16.85,1.02
2022-04-19,16.93,17.02,16.58,16.68,1177808,16.67,-3.08
2022-04-18,17.48,17.5,17.17,17.21,1693000,17.21,0.64
2022-04-14,17.17,17.17,16.9,17.1,1677452,17.09,-0.75
2022-04-13,17.22,17.28,17.14,17.23,1002312,17.23,0.94
2022-04-12,17.11,17.24,16.92,17.07,1113404,17.07,1.55
2022-04-11,16.97,17,16.59,16.81,1266896,16.81,0.96
2022-04-08,16.47,16.71,16.47,16.65,799092,16.65,1.34
2022-04-07,16.35,16.52,16.34,16.43,560208,16.42,0.67
2022-04-06,16.34,16.43,16.13,16.32,545288,16.32,0.62
2022-04-05,16.54,16.65,16.19,16.22,618348,16.22,-1.40
2022-04-04,16.44,16.53,16.33,16.45,810100,16.45,1.11
2022-04-01,16.31,16.47,16.2,16.27,1291768,16.27,-1.63
2022-03-31,16.57,16.78,16.5,16.54,1160280,16.53,0.18
2022-03-30,16.36,16.57,16.35,16.51,526988,16.5,1.66
2022-03-29,15.86,16.29,15.8,16.24,1352716,16.24,0.06
2022-03-28,16.48,16.65,16.2,16.23,1154860,16.23,-3.74
2022-03-25,16.75,16.99,16.67,16.86,439764,16.86,-0.88
2022-03-24,16.87,17.08,16.77,17.01,1699764,17.01,1.61
2022-03-23,16.46,16.77,16.39,16.74,788068,16.74,2.70
2022-03-22,16.36,16.38,16.12,16.3,741132,16.3,-1.57
2022-03-21,16.3,16.64,16.3,16.56,1477692,16.56,1.78
2022-03-18,16.41,16.6,16.24,16.27,1188560,16.27,-1.93
2022-03-17,16.65,16.81,16.55,16.59,1573508,16.58,0.97
2022-03-16,16.28,16.45,15.78,16.43,1078932,16.43,0.98
2022-03-15,16.29,16.5,16.08,16.27,1735472,16.27,-3.61
2022-03-14,17.05,17.07,16.81,16.88,2031952,16.88,-3.27
2022-03-11,17.17,17.56,17.12,17.45,1699384,17.45,-1.41
2022-03-10,17.8,17.88,17.44,17.7,2291576,17.7,0.63
2022-03-09,17.63,17.85,17.38,17.59,3358236,17.58,-6.04
2022-03-08,18.1,19.05,18.08,18.72,4626296,18.72,5.88
2022-03-07,17.31,17.73,17.28,17.68,2940836,17.68,2.85
2022-03-04,16.88,17.23,16.75,17.19,2365444,17.19,3.24
2022-03-03,16.48,16.71,16.39,16.65,1546356,16.65,1.28
2022-03-02,16.52,16.61,16.25,16.44,1807184,16.44,-2.14
2022-03-01,16.31,16.81,16.31,16.8,3602408,16.8,3.83
2022-02-28,16.29,16.3,15.86,16.18,2174576,16.18,2.02
2022-02-25,15.84,15.9,15.73,15.86,1294932,15.86,-0.81
2022-02-24,16.97,16.97,15.63,15.99,4869180,15.99,-1.24
2022-02-23,16.04,16.21,16.02,16.19,983388,16.19,1.00
2022-02-22,16.08,16.15,15.93,16.03,1641732,16.03,0.25
2022-02-18,15.98,16.01,15.87,15.99,1432188,15.99,-0.19
2022-02-17,15.91,16.06,15.85,16.02,2234752,16.02,2.89
2022-02-16,15.34,15.58,15.34,15.57,765716,15.57,2.10
2022-02-15,15.26,15.3,15.13,15.25,1240624,15.25,-1.99
2022-02-14,15.39,15.61,15.37,15.56,1556800,15.56,1.04
2022-02-11,14.85,15.46,14.85,15.4,1496584,15.4,3.98
2022-02-10,14.8,15.07,14.8,14.81,779904,14.81,-0.74
2022-02-09,14.84,14.96,14.81,14.92,475048,14.92,0.67
2022-02-08,14.74,14.85,14.71,14.82,469572,14.82,0.54
2022-02-07,14.62,14.77,14.57,14.74,652604,14.73,1.52
2022-02-04,14.37,14.54,14.37,14.52,278736,14.52,0.35
2022-02-03,14.42,14.5,14.2,14.47,741456,14.47,-0.28
2022-02-02,14.43,14.56,14.4,14.51,661932,14.51,0.83
2022-02-01,14.46,14.51,14.36,14.39,884116,14.39,0.00
2022-01-31,14.34,14.39,14.29,14.39,1577084,14.39,1.27
2022-01-28,14.12,14.27,14.1,14.21,604668,14.21,-0.77
2022-01-27,14.39,14.57,14.26,14.32,1232548,14.31,-2.59
2022-01-26,15,15.04,14.65,14.7,1506040,14.7,-3.42
2022-01-25,15.1,15.31,15.06,15.22,3651536,15.22,0.73
2022-01-24,15.07,15.13,14.91,15.11,1832708,15.11,1.07
2022-01-21,15.12,15.13,14.9,14.95,632780,14.94,-0.66
2022-01-20,15.16,15.21,15.04,15.05,679252,15.05,-0.53
2022-01-19,14.83,15.14,14.81,15.13,1230656,15.13,3.21
2022-01-18,14.7,14.76,14.61,14.66,492168,14.66,-0.27
2022-01-14,14.79,14.84,14.67,14.7,376984,14.7,-0.54
2022-01-13,14.78,14.8,14.64,14.78,210792,14.78,-0.67
2022-01-12,14.79,14.9,14.77,14.88,486908,14.88,0.47
2022-01-11,14.5,14.82,14.49,14.81,232448,14.81,2.49
2022-01-10,14.31,14.47,14.3,14.45,523412,14.45,0.49
2022-01-07,14.33,14.42,14.22,14.38,448220,14.38,0.84
2022-01-06,14.27,14.37,14.21,14.26,733428,14.26,-2.40
2022-01-05,14.89,14.94,14.59,14.61,493760,14.61,-0.61
2022-01-04,14.59,14.73,14.56,14.7,531352,14.7,1.52
2022-01-03,14.59,14.61,14.43,14.48,876672,14.48,-3.14
2021-12-31,14.89,14.97,14.8,14.95,531568,14.95,1.36
2021-12-30,14.51,14.75,14.51,14.75,329952,14.75,1.44
2021-12-29,14.33,14.56,14.31,14.54,282696,14.54,-0.21
2021-12-28,14.68,14.72,14.55,14.57,366460,14.56,-0.68
2021-12-27,14.62,14.7,14.58,14.67,656992,14.67,0.34
2021-12-23,14.58,14.65,14.48,14.62,277884,14.62,0.34
2021-12-22,14.38,14.57,14.3,14.57,277956,14.57,1.96
2021-12-21,14.39,14.4,14.24,14.29,340724,14.29,-0.07
2021-12-20,14.42,14.45,14.29,14.3,663696,14.3,-0.83
2021-12-17,14.59,14.64,14.41,14.42,345388,14.42,-0.41
2021-12-16,14.29,14.48,14.29,14.48,502616,14.48,2.48
2021-12-15,13.99,14.17,13.73,14.13,491740,14.13,0.71
2021-12-14,13.99,14.13,13.96,14.03,346872,14.02,-1.82
2021-12-13,14.27,14.33,14.24,14.29,306260,14.29,0.56
2021-12-10,14.26,14.28,14.16,14.21,125904,14.21,0.85
2021-12-09,14.21,14.21,14.08,14.09,188224,14.09,-1.26
2021-12-08,14.2,14.28,14.18,14.27,165616,14.27,0.00
2021-12-07,14.16,14.3,14.16,14.27,322716,14.27,0.71
2021-12-06,14.15,14.25,14.11,14.17,504732,14.17,-0.42
2021-12-03,14.04,14.28,13.98,14.23,939756,14.23,1.72
2021-12-02,14.12,14.12,13.9,13.99,239320,13.99,-1.27
2021-12-01,14.28,14.38,14.15,14.17,453048,14.17,0.78
2021-11-30,14.45,14.67,14.03,14.06,698112,14.06,-1.33
2021-11-29,14.28,14.34,14.22,14.25,315428,14.25,-0.35
2021-11-26,14.61,14.61,14.22,14.3,444964,14.3,-0.28
2021-11-24,14.25,14.4,14.2,14.34,209420,14.34,-0.28
2021-11-23,14.37,14.42,14.24,14.38,499144,14.38,-1.78
2021-11-22,14.84,14.93,14.59,14.64,612388,14.64,-4.63
2021-11-19,15.55,15.62,15.25,15.35,476580,15.35,-1.41
2021-11-18,15.6,15.66,15.52,15.57,311068,15.57,-0.76
2021-11-17,15.64,15.71,15.59,15.69,375896,15.69,1.88
2021-11-16,15.6,15.68,15.38,15.4,423796,15.4,-1.47
2021-11-15,15.62,15.7,15.55,15.63,335572,15.63,-0.32
2021-11-12,15.52,15.72,15.5,15.68,332448,15.68,0.45
2021-11-11,15.6,15.65,15.56,15.61,246276,15.61,1.04
2021-11-10,15.53,15.71,15.28,15.45,901652,15.45,2.25
2021-11-09,15.02,15.12,14.92,15.11,388524,15.11,0.87
2021-11-08,14.97,15.01,14.91,14.98,417708,14.98,0.81
2021-11-05,14.61,14.87,14.52,14.86,351716,14.86,2.62
2021-11-04,14.45,14.56,14.43,14.48,473120,14.48,2.33
2021-11-03,14.08,14.18,13.92,14.15,560648,14.15,-1.74
2021-11-02,14.45,14.48,14.37,14.4,240796,14.4,-0.55
2021-11-01,14.44,14.52,14.37,14.48,210424,14.48,1.19
2021-10-29,14.24,14.33,14.13,14.31,380032,14.31,-1.78
2021-10-28,14.72,14.76,14.48,14.57,410420,14.57,0.00
2021-10-27,14.5,14.59,14.34,14.57,471584,14.57,0.55
2021-10-26,14.53,14.53,14.3,14.49,545032,14.48,-1.43
2021-10-25,14.66,14.76,14.64,14.7,533980,14.7,1.45
2021-10-22,14.67,14.81,14.32,14.49,828280,14.49,1.05
2021-10-21,14.31,14.35,14.24,14.34,248444,14.34,-0.14
2021-10-20,14.24,14.39,14.19,14.36,287240,14.36,1.84
2021-10-19,14.28,14.28,14.06,14.1,400988,14.1,0.64
2021-10-18,14.09,14.12,13.99,14.01,233456,14.01,-0.50
2021-10-15,14.09,14.19,14.05,14.08,720276,14.07,-3.23
2021-10-14,14.59,14.6,14.51,14.55,399416,14.55,0.48
2021-10-13,14.09,14.54,14.09,14.48,525228,14.48,3.58
2021-10-12,13.96,14.11,13.92,13.98,424628,13.98,1.01
2021-10-11,13.87,13.95,13.84,13.84,325076,13.84,-0.43
2021-10-08,14.26,14.28,13.88,13.9,370084,13.9,0.07
2021-10-07,13.87,14,13.86,13.89,348120,13.89,-1.07
2021-10-06,13.91,14.04,13.9,14.04,336760,14.04,0.57
2021-10-05,13.85,14.01,13.78,13.96,492068,13.96,-1.06
2021-10-04,13.82,14.13,13.78,14.11,755184,14.11,1.00
2021-10-01,13.91,14.03,13.84,13.97,410688,13.97,0.50
2021-09-30,13.65,14.03,13.62,13.9,645996,13.9,3.50
2021-09-29,13.59,13.64,13.36,13.43,334836,13.43,-0.89
2021-09-28,13.66,13.66,13.49,13.55,258048,13.55,-1.95
2021-09-27,13.85,13.92,13.8,13.82,205136,13.82,0.44
2021-09-24,13.71,13.87,13.66,13.76,352456,13.76,-0.15
2021-09-23,13.89,13.89,13.74,13.78,1067772,13.78,-2.34
2021-09-22,14.2,14.42,14.06,14.11,501084,14.11,-0.84
2021-09-21,14.2,14.33,14.14,14.23,402908,14.23,1.28
2021-09-20,13.92,14.1,13.89,14.05,493924,14.05,1.44
2021-09-17,13.86,13.92,13.77,13.85,743340,13.85,-0.29
2021-09-16,13.95,13.96,13.75,13.89,643708,13.89,-4.54
2021-09-15,14.61,14.65,14.49,14.55,425740,14.55,-1.36
2021-09-14,14.63,14.8,14.52,14.75,629920,14.75,1.37
2021-09-13,14.5,14.63,14.5,14.55,243888,14.55,0.62
2021-09-10,14.57,14.61,14.44,14.46,336940,14.46,-0.96
2021-09-09,14.64,14.65,14.42,14.6,486800,14.6,0.83
2021-09-08,14.6,14.61,14.36,14.48,422704,14.48,-0.55
2021-09-07,14.87,14.92,14.55,14.56,736596,14.56,-3.89
2021-09-03,15.07,15.24,15,15.15,521900,15.15,2.16
2021-09-02,14.88,14.9,14.76,14.83,535140,14.83,-0.60
2021-09-01,14.96,14.97,14.82,14.92,557336,14.92,-0.13
2021-08-31,14.84,14.95,14.76,14.94,622680,14.94,0.54
2021-08-30,14.91,14.94,14.81,14.86,224056,14.86,-0.93
2021-08-27,14.54,15.01,14.46,15,679656,15,2.95
2021-08-26,14.47,14.65,14.42,14.57,228380,14.57,0.28
2021-08-25,14.59,14.59,14.42,14.53,246224,14.53,-1.49
2021-08-24,14.81,14.85,14.71,14.75,181352,14.75,0.00
2021-08-23,14.77,14.79,14.62,14.75,305180,14.75,2.43
2021-08-20,14.43,14.48,14.34,14.4,221980,14.4,0.14
2021-08-19,14.5,14.5,14.3,14.38,295736,14.38,-0.69
2021-08-18,14.49,14.52,14.31,14.48,309780,14.48,0.21
2021-08-17,14.5,14.57,14.37,14.45,259820,14.45,-0.21
2021-08-16,14.4,14.51,14.38,14.48,706264,14.48,0.91
2021-08-13,14.11,14.35,14.09,14.35,485564,14.35,2.94
2021-08-12,13.87,13.95,13.74,13.94,335336,13.94,0.00
2021-08-11,13.8,13.96,13.71,13.94,568156,13.94,2.80
2021-08-10,13.48,13.61,13.38,13.56,536856,13.56,0.07
2021-08-09,13.78,13.82,13.5,13.55,1067452,13.55,-3.63
2021-08-06,14.25,14.27,14.03,14.06,1658472,14.06,-5.00
2021-08-05,14.9,14.9,14.69,14.8,1033024,14.8,-0.94
2021-08-04,15.26,15.28,14.83,14.94,1928096,14.94,0.13
2021-08-03,14.92,14.98,14.89,14.92,350968,14.92,-0.27
2021-08-02,14.89,15.07,14.86,14.96,825320,14.96,-0.13
2021-07-30,15.16,15.21,14.91,14.98,1202284,14.98,-1.77
2021-07-29,15.17,15.31,15.17,15.25,629420,15.25,2.21
2021-07-28,14.73,14.93,14.65,14.92,813792,14.92,1.02
2021-07-27,14.82,14.84,14.67,14.77,685572,14.77,0.34
2021-07-26,14.79,14.83,14.7,14.72,763680,14.72,-0.47
2021-07-23,14.79,14.85,14.69,14.79,424312,14.79,-0.67
2021-07-22,14.78,14.9,14.71,14.89,502896,14.89,0.40
2021-07-21,14.75,14.87,14.72,14.83,539728,14.83,-0.74
2021-07-20,15.14,15.19,14.87,14.94,711580,14.94,-0.27
2021-07-19,14.97,15.03,14.86,14.98,734480,14.98,0.20
2021-07-16,15.17,15.22,14.93,14.95,535268,14.95,-2.10
2021-07-15,15.22,15.29,15.12,15.27,430528,15.27,0.13
2021-07-14,15.22,15.25,15.11,15.25,433616,15.25,2.21
2021-07-13,14.97,15.03,14.87,14.92,510784,14.92,0.13
2021-07-12,14.83,14.91,14.63,14.9,618624,14.9,-0.13
2021-07-09,14.84,14.99,14.82,14.92,345196,14.92,0.61
2021-07-08,15.03,15.04,14.67,14.83,864492,14.82,-0.13
2021-07-07,14.83,14.91,14.73,14.85,536640,14.85,0.81
2021-07-06,14.92,14.99,14.64,14.73,737704,14.73,0.96
2021-07-02,14.61,14.66,14.44,14.59,549668,14.59,1.32
2021-07-01,14.47,14.49,14.27,14.4,329012,14.4,0.63
2021-06-30,14.1,14.37,14.07,14.31,453436,14.31,1.13
2021-06-29,14.06,14.23,14.01,14.15,827924,14.15,-2.14
2021-06-28,14.47,14.51,14.43,14.46,415564,14.46,0.07
2021-06-25,14.61,14.62,14.41,14.45,411556,14.45,0.49
2021-06-24,14.54,14.56,14.37,14.38,494940,14.38,0.00
2021-06-23,14.53,14.71,14.35,14.38,535476,14.38,-0.21
2021-06-22,14.42,14.52,14.36,14.41,456120,14.41,-0.76
2021-06-21,14.45,14.57,14.38,14.52,825992,14.52,2.40
2021-06-18,14.39,14.47,14.18,14.18,830228,14.18,-1.18
2021-06-17,14.55,14.65,14.28,14.35,1645944,14.35,-6.21
2021-06-16,15.83,15.92,15.3,15.3,1202368,15.3,-3.41
2021-06-15,15.98,16.01,15.72,15.84,448280,15.84,-0.75
2021-06-14,15.68,16.03,15.64,15.96,689664,15.96,-1.18
2021-06-11,16.29,16.32,16.11,16.15,620580,16.15,-2.48
2021-06-10,16.35,16.57,16.32,16.56,387160,16.56,1.04
2021-06-09,16.48,16.56,16.38,16.39,240092,16.39,-0.36
2021-06-08,16.45,16.5,16.3,16.45,294328,16.45,-0.78
2021-06-07,16.4,16.59,16.34,16.58,469844,16.58,0.85
2021-06-04,16.34,16.51,16.34,16.44,554256,16.44,2.24
2021-06-03,16.19,16.19,15.96,16.08,926756,16.08,-4.00
2021-06-02,16.67,16.75,16.6,16.75,325032,16.75,0.96
2021-06-01,16.75,16.75,16.45,16.59,1062568,16.58,-0.42
2021-05-28,16.51,16.68,16.47,16.66,416612,16.66,0.60
2021-05-27,16.49,16.57,16.4,16.56,462564,16.56,0.18
2021-05-26,16.68,16.72,16.43,16.53,582052,16.53,-0.48
2021-05-25,16.26,16.61,16.26,16.61,555964,16.61,1.84
2021-05-24,16.26,16.34,16.21,16.31,481264,16.31,0.37
2021-05-21,16.34,16.4,16.09,16.25,516624,16.25,0.18
2021-05-20,16.11,16.33,16.09,16.22,768172,16.22,0.81
2021-05-19,16.08,16.43,15.92,16.09,1882444,16.09,0.12
2021-05-18,16.08,16.1,15.97,16.07,905252,16.07,0.31
2021-05-17,15.75,16.06,15.75,16.02,759400,16.01,2.50
2021-05-14,15.53,15.63,15.48,15.63,454316,15.63,1.82
2021-05-13,15.21,15.38,15.19,15.35,620608,15.35,0.79
2021-05-12,15.41,15.47,15.22,15.23,693164,15.23,-1.99
2021-05-11,15.25,15.55,15.2,15.54,608984,15.54,-0.06
2021-05-10,15.67,15.67,15.47,15.55,626888,15.55,0.58
2021-05-07,15.44,15.63,15.36,15.46,570940,15.46,1.98
2021-05-06,14.8,15.21,14.79,15.16,620328,15.16,3.20
2021-05-05,14.57,14.69,14.57,14.69,236564,14.69,1.03
2021-05-04,14.76,14.9,14.42,14.54,738028,14.54,-1.62
2021-05-03,14.74,14.89,14.71,14.78,515604,14.78,2.64
2021-04-30,14.4,14.45,14.32,14.4,338264,14.4,-0.62
2021-04-29,14.37,14.49,14.2,14.49,500412,14.49,-0.96
2021-04-28,14.41,14.63,14.37,14.63,248956,14.63,0.69
2021-04-27,14.63,14.66,14.51,14.53,301992,14.52,-0.48
2021-04-26,14.58,14.62,14.5,14.6,278708,14.6,0.48
2021-04-23,14.7,14.71,14.42,14.53,427180,14.53,-0.89
2021-04-22,14.65,14.73,14.55,14.66,771888,14.66,-1.21
2021-04-21,14.68,14.89,14.68,14.84,861392,14.84,1.92
2021-04-20,14.41,14.61,14.4,14.56,747584,14.56,0.76
2021-04-19,14.46,14.54,14.42,14.45,785432,14.45,-0.62
2021-04-16,14.51,14.61,14.48,14.54,489216,14.54,1.25
2021-04-15,14.14,14.44,14.14,14.36,779952,14.36,3.16
2021-04-14,13.92,13.96,13.83,13.92,199660,13.92,-0.85
2021-04-13,14,14.1,13.97,14.04,323732,14.04,1.45
2021-04-12,13.92,13.92,13.75,13.84,366260,13.84,-1.28
2021-04-09,13.92,14.08,13.88,14.02,306848,14.02,-1.54
2021-04-08,14.18,14.27,14.18,14.24,465416,14.23,2.23
2021-04-07,13.95,14.02,13.89,13.93,245092,13.93,-0.64
2021-04-06,13.94,14.06,13.94,14.02,284516,14.02,1.67
2021-04-05,13.73,13.86,13.69,13.79,268024,13.78,-0.14
2021-04-01,13.73,13.82,13.69,13.81,450244,13.81,2.45
2021-03-31,13.14,13.58,13.14,13.48,660592,13.48,3.14
2021-03-30,13.12,13.16,13.05,13.07,634832,13.07,-3.26
2021-03-29,13.73,13.73,13.44,13.51,473720,13.51,-2.67
2021-03-26,13.78,13.94,13.78,13.88,406892,13.88,0.87
2021-03-25,14,14.09,13.71,13.76,261328,13.76,-1.01
2021-03-24,13.86,13.97,13.82,13.9,248240,13.9,0.80
2021-03-23,13.89,13.9,13.75,13.79,335632,13.79,-1.50
2021-03-22,13.88,14.02,13.86,14,394504,14,-0.43
2021-03-19,13.91,14.06,13.9,14.06,315948,14.06,1.08
2021-03-18,13.67,13.94,13.65,13.91,579412,13.91,-1.21
2021-03-17,13.86,14.19,13.75,14.08,713488,14.08,1.44
2021-03-16,13.88,14.02,13.8,13.88,282132,13.88,0.07
2021-03-15,13.87,13.92,13.75,13.87,365140,13.87,0.95
2021-03-12,13.4,13.77,13.37,13.74,618512,13.74,0.00
2021-03-11,13.73,13.8,13.66,13.74,570620,13.74,-0.22
2021-03-10,13.66,13.79,13.59,13.77,528420,13.77,1.03
2021-03-09,13.61,13.69,13.56,13.63,884284,13.63,4.44
2021-03-08,13.25,13.26,12.99,13.05,1306936,13.05,-2.32
2021-03-05,13.43,13.46,13.24,13.36,748068,13.35,0.23
2021-03-04,13.6,13.74,13.22,13.33,804504,13.33,-2.13
2021-03-03,13.61,13.79,13.41,13.62,1476060,13.62,-2.23
2021-03-02,13.83,14.01,13.72,13.93,634356,13.93,1.24
2021-03-01,14,14.07,13.7,13.76,652544,13.76,-0.43
2021-02-26,14.38,14.38,13.66,13.82,1529892,13.82,-4.89
2021-02-25,14.71,14.83,14.46,14.53,865796,14.53,-3.71
2021-02-24,14.85,15.12,14.76,15.09,487416,15.09,-0.26
2021-02-23,15.18,15.23,14.98,15.13,557840,15.13,-0.33
2021-02-22,15,15.26,14.98,15.18,716928,15.18,2.92
2021-02-19,14.7,14.91,14.67,14.75,772116,14.75,0.89
2021-02-18,14.73,14.78,14.52,14.62,777500,14.62,-0.14
2021-02-17,14.74,14.81,14.54,14.64,910704,14.64,-2.27
2021-02-16,14.94,15.3,14.87,14.98,1222696,14.98,-2.98
2021-02-12,15.35,15.6,15.28,15.44,423264,15.44,-0.52
2021-02-11,15.81,15.84,15.46,15.52,564188,15.52,-1.77
2021-02-10,15.89,15.91,15.68,15.8,651820,15.8,0.64
2021-02-09,15.79,15.87,15.64,15.7,439424,15.69,0.64
2021-02-08,15.69,15.76,15.6,15.6,620108,15.6,2.09
2021-02-05,15.12,15.35,15.09,15.28,767024,15.28,1.93
2021-02-04,15.01,15.02,14.84,14.99,1155688,14.98,-4.34
2021-02-03,15.76,15.79,15.61,15.67,392276,15.67,-0.32
2021-02-02,15.79,15.8,15.61,15.72,397448,15.72,-2.72
2021-02-01,16.3,16.34,16.13,16.16,689500,16.16,1.96
2021-01-29,16.26,16.28,15.85,15.85,640788,15.85,-0.13
2021-01-28,16.16,16.24,15.72,15.87,742540,15.87,0.19
2021-01-27,15.88,16,15.67,15.84,876664,15.84,-1.19
2021-01-26,16.09,16.14,15.99,16.03,322180,16.03,-0.43
2021-01-25,16.26,16.29,15.97,16.1,585840,16.1,0.06
2021-01-22,15.89,16.15,15.8,16.09,861716,16.09,-1.59
2021-01-21,16.3,16.39,16.21,16.35,426724,16.35,0.00
2021-01-20,16.19,16.38,16.08,16.35,1154344,16.35,3.15
2021-01-19,15.89,15.91,15.73,15.85,435764,15.85,1.60
2021-01-15,15.9,15.93,15.55,15.6,1075664,15.6,-2.44
2021-01-14,16.01,16.15,15.88,15.99,1342448,15.99,-0.19
2021-01-13,16.07,16.22,15.96,16.02,1928204,16.02,-0.80
2021-01-12,15.96,16.15,15.83,16.15,1054984,16.15,1.13
2021-01-11,15.77,16.07,15.76,15.97,1108624,15.97,-0.19
2021-01-08,16.71,16.72,15.67,16,2473584,16,-7.03
2021-01-07,17.26,17.3,17.09,17.21,691884,17.21,-0.52
2021-01-06,17.64,17.64,17,17.3,2253764,17.3,-3.51
2021-01-05,17.92,18,17.73,17.93,762484,17.93,0.50
2021-01-04,17.77,17.85,17.59,17.84,1427744,17.84,4.63
2020-12-31,17.02,17.06,16.87,17.05,601220,17.05,0.65
2020-12-30,16.72,16.95,16.71,16.94,572804,16.94,1.56
2020-12-29,16.68,16.82,16.57,16.68,499900,16.68,0.60
2020-12-28,16.88,17,16.56,16.58,433660,16.58,-0.66
2020-12-24,16.54,16.69,16.54,16.69,182756,16.69,0.66
2020-12-23,16.48,16.68,16.48,16.58,471484,16.58,1.22
2020-12-22,16.7,16.72,16.35,16.38,548212,16.38,-1.62
2020-12-21,16.7,16.83,16.62,16.65,650448,16.65,-0.66
2020-12-18,16.8,16.84,16.7,16.76,455260,16.75,-0.30
2020-12-17,16.89,17.01,16.78,16.81,797124,16.81,2.25
2020-12-16,16.28,16.45,16.09,16.44,577204,16.43,1.04
2020-12-15,16.16,16.27,16.1,16.27,473652,16.26,2.97
2020-12-14,15.87,15.99,15.71,15.8,344136,15.8,-1.25
2020-12-11,15.93,16.15,15.93,16,253544,16,0.44
2020-12-10,16.06,16.17,15.85,15.93,402540,15.93,-0.19
2020-12-09,16.27,16.28,15.76,15.96,991476,15.96,-3.74
2020-12-08,16.57,16.65,16.42,16.58,394116,16.58,0.85
2020-12-07,16.02,16.52,16.01,16.44,655956,16.44,3.01
2020-12-04,16.06,16.14,15.83,15.96,582732,15.96,-0.62
2020-12-03,16.02,16.06,15.74,16.06,469236,16.06,1.45
2020-12-02,15.64,15.85,15.57,15.83,542256,15.82,1.60
2020-12-01,15.5,15.62,15.43,15.58,1012232,15.58,4.28
2020-11-30,14.93,15.08,14.82,14.94,718196,14.94,-1.26
2020-11-27,14.98,15.14,14.95,15.13,1311748,15.13,-2.26
2020-11-25,15.56,15.65,15.44,15.48,445164,15.48,-0.13
2020-11-24,15.42,15.5,15.35,15.5,1106196,15.5,-3.00
2020-11-23,16.52,16.54,15.89,15.98,912948,15.98,-4.02
2020-11-20,16.72,16.77,16.61,16.65,360540,16.65,0.67
2020-11-19,16.36,16.54,16.34,16.54,501380,16.53,-0.36
2020-11-18,16.75,16.86,16.58,16.6,489572,16.59,-1.31
2020-11-17,16.93,16.98,16.75,16.82,289732,16.82,-0.59
2020-11-16,16.95,17.08,16.89,16.92,621404,16.92,-0.18
2020-11-13,17.03,17.06,16.89,16.95,261680,16.95,1.32
2020-11-12,16.72,16.86,16.68,16.73,356388,16.73,1.39
2020-11-11,16.45,16.55,16.4,16.5,805940,16.5,-1.08
2020-11-10,16.84,16.89,16.66,16.68,758760,16.67,0.79
2020-11-09,16.83,16.84,16.25,16.55,2391228,16.55,-9.07
2020-11-06,18.24,18.27,17.98,18.2,1018720,18.2,0.22
2020-11-05,17.77,18.23,17.77,18.16,967440,18.16,4.73
2020-11-04,17.38,17.43,17.13,17.34,834876,17.34,-0.29
2020-11-03,17.4,17.47,17.27,17.39,549144,17.39,1.28
2020-11-02,17.1,17.19,17.04,17.17,1158072,17.17,1.90
2020-10-30,17.05,17.09,16.81,16.85,556940,16.85,0.90
2020-10-29,16.63,16.84,16.58,16.7,497656,16.7,-0.95
2020-10-28,16.9,16.99,16.7,16.86,989396,16.86,-3.33
2020-10-27,17.38,17.51,17.33,17.44,225900,17.44,0.52
2020-10-26,17.37,17.45,17.27,17.35,407936,17.35,-0.06
2020-10-23,17.46,17.46,17.18,17.36,483848,17.36,-0.29
2020-10-22,17.42,17.43,17.15,17.41,540140,17.41,-2.14
2020-10-21,17.75,17.93,17.7,17.79,662704,17.79,1.60
2020-10-20,17.35,17.59,17.29,17.51,356976,17.51,0.86
2020-10-19,17.55,17.55,17.33,17.36,289112,17.35,0.23
2020-10-16,17.49,17.51,17.29,17.32,176656,17.32,-0.86
2020-10-15,17.19,17.51,17.18,17.47,290368,17.47,0.69
2020-10-14,17.49,17.59,17.33,17.35,561364,17.34,0.81
2020-10-13,17.38,17.38,17.08,17.21,684976,17.21,-3.31
2020-10-12,17.81,17.85,17.73,17.8,479448,17.8,-0.61
2020-10-09,17.72,17.93,17.69,17.91,850332,17.91,3.77
2020-10-08,17.32,17.38,17.03,17.26,252892,17.26,0.88
2020-10-07,17.1,17.16,16.97,17.11,518908,17.11,-0.23
2020-10-06,17.73,17.79,17.12,17.15,504388,17.15,-2.56
2020-10-05,17.51,17.73,17.49,17.6,501236,17.6,0.98
2020-10-02,17.46,17.57,17.35,17.43,439556,17.42,-0.29
2020-10-01,17.44,17.61,17.34,17.48,687104,17.48,1.92
2020-09-30,17.26,17.45,17.06,17.15,747324,17.15,-1.10
2020-09-29,17.15,17.38,17.11,17.34,676928,17.33,1.76
2020-09-28,16.88,17.08,16.74,17.04,1285824,17.03,2.16
2020-09-25,16.59,16.76,16.5,16.68,706588,16.68,-0.83
2020-09-24,16.61,16.95,16.46,16.82,959700,16.82,0.90
2020-09-23,17.1,17.16,16.55,16.67,1562572,16.67,-4.36
2020-09-22,17.66,17.72,17.36,17.43,577492,17.43,-1.08
2020-09-21,17.69,17.77,17.05,17.62,1503204,17.62,-4.19
2020-09-18,18.38,18.59,18.31,18.39,605372,18.39,0.16
2020-09-17,18.13,18.38,18.04,18.36,507212,18.36,-1.13
2020-09-16,18.8,18.81,18.46,18.57,646476,18.57,0.54
2020-09-15,18.68,18.73,18.38,18.47,651368,18.47,-0.54
2020-09-14,18.51,18.68,18.5,18.57,655236,18.57,1.70
2020-09-11,18.42,18.5,18.19,18.26,531924,18.26,-0.16
2020-09-10,18.65,18.73,18.25,18.29,1155812,18.28,-0.54
2020-09-09,18.29,18.44,18.24,18.39,840936,18.39,1.83
2020-09-08,17.65,18.23,17.56,18.06,1491824,18.06,-0.39
2020-09-04,17.94,18.18,17.78,18.13,1679584,18.13,0.67
2020-09-03,18.23,18.32,17.84,18.01,2078260,18.01,-1.42
2020-09-02,18.52,18.55,18.08,18.27,2487692,18.27,-2.77
2020-09-01,19.2,19.2,18.64,18.79,1287404,18.79,0.27
2020-08-31,18.75,18.89,18.64,18.74,845636,18.74,0.27
2020-08-28,18.6,18.89,18.5,18.69,1242752,18.69,3.60
2020-08-27,18.85,18.87,17.64,18.04,2095424,18.03,-2.38
2020-08-26,17.84,18.51,17.84,18.48,1446776,18.48,2.55
2020-08-25,18,18.02,17.74,18.02,807060,18.01,0.17
2020-08-24,18.37,18.38,17.95,17.99,976648,17.99,-1.26
2020-08-21,18.21,18.36,17.88,18.22,858692,18.22,-1.51
2020-08-20,18.01,18.54,17.96,18.5,1206112,18.5,1.43
2020-08-19,19.28,19.35,18.13,18.24,1896932,18.24,-6.46
2020-08-18,19.69,19.73,18.99,19.5,1378396,19.5,1.83
2020-08-17,18.83,19.27,18.82,19.15,1478660,19.15,4.42
2020-08-14,18.54,18.57,18.13,18.34,855344,18.34,-1.24
2020-08-13,18.2,18.81,18.16,18.57,1597732,18.57,4.33
2020-08-12,18.42,18.53,17.76,17.8,1676404,17.8,-0.56
2020-08-11,18.6,18.68,17.81,17.9,4021960,17.9,-10.50
2020-08-10,20.22,20.52,19.89,20,1635596,20,-0.74
2020-08-07,20.55,20.59,19.81,20.15,2875276,20.15,-3.17
2020-08-06,20.81,20.96,20.55,20.81,1465232,20.81,2.21
2020-08-05,20.42,20.71,20.17,20.36,1555036,20.36,1.80
2020-08-04,19.2,20.02,19.15,20,1401984,20,3.95
2020-08-03,19.08,19.25,18.89,19.24,1133564,19.24,0.10
2020-07-31,18.98,19.27,18.9,19.22,1447104,19.22,2.07
2020-07-30,18.75,18.93,18.45,18.83,1411140,18.83,-1.26
2020-07-29,18.88,19.34,18.52,19.07,1384700,19.07,1.44
2020-07-28,18.52,18.9,18.41,18.8,1653520,18.8,1.18
2020-07-27,18.58,18.75,18.42,18.58,2265712,18.58,3.22
2020-07-24,18.09,18.1,17.9,18,1477192,18,1.81
2020-07-23,17.54,17.99,17.45,17.68,1432512,17.68,1.55
2020-07-22,17.1,17.47,17.06,17.41,1071056,17.41,3.02
2020-07-21,16.79,16.96,16.77,16.9,870688,16.9,2.80
2020-07-20,16.42,16.51,16.33,16.44,659612,16.44,0.61
2020-07-17,16.28,16.37,16.23,16.34,435404,16.34,1.68
2020-07-16,16.32,16.36,16.06,16.07,570332,16.07,-2.31
2020-07-15,16.32,16.49,16.27,16.45,862264,16.45,0.12
2020-07-14,16.2,16.47,16.17,16.43,1022256,16.43,0.74
2020-07-13,16.53,16.55,16.28,16.31,882240,16.31,0.31
2020-07-10,16.48,16.51,16.17,16.26,969292,16.26,-0.79
2020-07-09,16.62,16.65,16.23,16.39,1471276,16.39,-1.09
2020-07-08,16.66,16.78,16.5,16.57,1049884,16.57,1.04
2020-07-07,16.02,16.42,16.02,16.4,907628,16.4,1.55
2020-07-06,16.18,16.22,16.04,16.15,970704,16.15,0.81
2020-07-02,15.85,16.08,15.82,16.02,849364,16.02,0.69
2020-07-01,16.05,16.05,15.67,15.91,1297468,15.91,-1.85
2020-06-30,15.9,16.32,15.88,16.21,1191408,16.21,1.69
2020-06-29,15.94,16.02,15.88,15.94,830644,15.94,-0.25
2020-06-26,15.57,16,15.44,15.98,704068,15.98,1.46
2020-06-25,15.8,15.8,15.64,15.75,311916,15.75,-0.32
2020-06-24,15.83,16.06,15.75,15.8,953816,15.8,-1.19
2020-06-23,15.84,15.99,15.83,15.99,1100724,15.98,2.30
2020-06-22,15.72,15.86,15.58,15.63,738840,15.63,1.03
2020-06-19,15.23,15.53,15.21,15.47,649264,15.47,2.86
2020-06-18,15.05,15.06,14.92,15.04,165048,15.03,-0.79
2020-06-17,15.03,15.16,14.98,15.16,187988,15.16,0.46
2020-06-16,14.97,15.16,14.9,15.09,222304,15.09,0.13
2020-06-15,14.68,15.13,14.61,15.07,365692,15.07,-0.53
2020-06-12,15.31,15.41,15.11,15.15,234540,15.15,0.33
2020-06-11,15.28,15.44,15.01,15.1,1205148,15.1,-1.44
2020-06-10,15.03,15.34,14.74,15.32,494316,15.32,3.30
2020-06-09,14.88,15,14.81,14.83,321272,14.83,1.58
2020-06-08,14.39,14.63,14.34,14.6,311444,14.6,2.24
2020-06-05,14.3,14.3,14.05,14.28,645944,14.28,-4.16
2020-06-04,14.85,15.01,14.6,14.9,453612,14.9,2.62
2020-06-03,14.67,14.8,14.35,14.52,983744,14.52,-4.10
2020-06-02,15.49,15.5,15.03,15.14,310112,15.14,-1.75
2020-06-01,15.28,15.48,15.18,15.41,287912,15.41,0.65
2020-05-29,15.28,15.46,15.23,15.31,341460,15.31,1.39
2020-05-28,15.23,15.27,14.93,15.1,205412,15.1,0.67
2020-05-27,14.57,15.01,14.56,15,428920,15,0.20
2020-05-26,15.35,15.35,14.9,14.97,584684,14.97,-3.17
2020-05-22,15.37,15.51,15.37,15.46,252128,15.46,1.51
2020-05-21,15.52,15.52,15.1,15.23,416592,15.23,-2.87
2020-05-20,15.65,15.76,15.55,15.68,294580,15.68,0.38
2020-05-19,15.5,15.66,15.43,15.62,192108,15.61,1.83
2020-05-18,15.66,15.69,15.28,15.34,487628,15.34,-2.29
2020-05-15,15.67,15.8,15.49,15.7,362116,15.7,1.75
2020-05-14,15.16,15.55,15.15,15.43,591700,15.43,1.85
2020-05-13,15,15.15,14.92,15.15,247812,15.15,2.30
2020-05-12,14.89,15.03,14.76,14.81,216900,14.81,0.54
2020-05-11,14.88,14.96,14.63,14.73,224524,14.73,-1.27
2020-05-08,15.04,15.27,14.86,14.92,455676,14.92,-1.84
2020-05-07,14.72,15.33,14.71,15.2,447908,15.2,4.04
2020-05-06,14.67,14.79,14.47,14.61,389556,14.61,-2.92
2020-05-05,14.93,15.08,14.77,15.05,404976,15.05,0.47
2020-05-04,14.98,15.07,14.91,14.98,297732,14.98,0.47
2020-05-01,14.53,14.99,14.51,14.91,626148,14.9,1.64
2020-04-30,14.99,15.12,14.57,14.67,602676,14.67,-4.05
2020-04-29,15,15.31,14.96,15.29,273344,15.29,1.06
2020-04-28,15.24,15.24,14.86,15.13,496092,15.13,-0.85
2020-04-27,15.42,15.43,15.12,15.26,373532,15.26,-1.55
2020-04-24,15.75,15.78,15.22,15.5,477396,15.5,-1.02
2020-04-23,15.57,15.9,15.5,15.66,687116,15.66,1.42
2020-04-22,15.28,15.5,15.23,15.44,645696,15.44,4.47
2020-04-21,14.44,14.89,14.38,14.78,771380,14.77,-1.14
2020-04-20,14.81,15.09,14.76,14.95,454744,14.95,1.63
2020-04-17,15.1,15.12,14.64,14.71,663032,14.71,-4.54
2020-04-16,15.58,15.87,15.18,15.41,592388,15.41,-1.28
2020-04-15,15.67,15.78,15.43,15.61,521896,15.61,-1.14
2020-04-14,16.01,16.37,15.63,15.79,810132,15.79,-1.07
2020-04-13,15.41,16.1,15.35,15.96,809392,15.96,3.77
2020-04-09,15.37,15.75,15.2,15.38,911104,15.38,6.22
2020-04-08,14.65,14.73,14.48,14.48,233184,14.48,-0.48
2020-04-07,14.69,14.78,14.36,14.55,722972,14.55,-2.68
2020-04-06,14.38,15.1,14.38,14.95,1062632,14.95,7.25
2020-04-03,13.81,14.03,13.72,13.94,374892,13.94,1.16
2020-04-02,13.55,13.91,13.47,13.78,520460,13.77,4.71
2020-04-01,12.95,13.28,12.86,13.16,481872,13.16,1.23
2020-03-31,13.55,13.65,13,13,742084,13,-6.14
2020-03-30,13.9,14.07,13.67,13.85,298088,13.85,-1.14
2020-03-27,13.97,14.17,13.82,14.01,366236,14.01,-0.57
2020-03-26,14.27,14.45,13.85,14.09,602720,14.09,1.95
2020-03-25,13.9,14.02,13.58,13.82,1378240,13.82,-2.61
2020-03-24,14.42,14.56,13.77,14.19,1035992,14.19,11.82
2020-03-23,12.02,12.81,12.01,12.69,1084076,12.69,9.59
2020-03-20,11.68,11.76,11.41,11.58,825712,11.58,2.66
2020-03-19,11.38,11.63,11.24,11.28,1640108,11.28,-3.01
2020-03-18,11.8,12.02,11.3,11.63,1140616,11.63,-4.44
2020-03-17,11.57,12.54,11.54,12.17,1388276,12.17,2.87
2020-03-16,11.09,12.01,10.9,11.83,1360328,11.83,-1.99
2020-03-13,13.18,13.21,11.78,12.07,1827504,12.07,-6.43
2020-03-12,13.54,13.54,12.69,12.9,1861300,12.9,-7.79
2020-03-11,14.43,14.47,13.82,13.99,2092052,13.99,-0.71
2020-03-10,14.42,14.44,14.09,14.09,1199900,14.09,-4.41
2020-03-09,14.83,14.88,14.43,14.74,2347916,14.73,0.48
2020-03-06,14.83,14.98,14.12,14.67,1630872,14.67,0.07
2020-03-05,14.39,14.68,14.35,14.66,671016,14.66,4.34
2020-03-04,14.1,14.19,13.96,14.05,703324,14.05,0.36
2020-03-03,13.48,14.25,13.46,14,783736,14,6.22
2020-03-02,13.32,13.45,13.1,13.18,500100,13.18,0.76
2020-02-28,13.85,13.85,12.81,13.08,3185876,13.08,-7.23
2020-02-27,14.39,14.5,14.09,14.1,1300828,14.1,0.07
2020-02-26,14.06,14.33,13.89,14.09,2260688,14.09,0.86
2020-02-25,14.3,14.48,13.9,13.97,1205556,13.97,-3.66
2020-02-24,14.91,14.94,14.37,14.5,1554144,14.5,1.83
2020-02-21,14.19,14.34,14.15,14.24,766612,14.24,2.89
2020-02-20,13.76,13.89,13.75,13.84,473268,13.84,0.87
2020-02-19,13.58,13.72,13.55,13.72,398852,13.72,1.25
2020-02-18,13.38,13.59,13.31,13.55,442260,13.55,2.57
2020-02-14,13.17,13.24,13.17,13.21,220012,13.21,0.76
2020-02-13,13.08,13.13,13.04,13.11,245428,13.11,1.24
2020-02-12,12.93,13.01,12.9,12.95,112772,12.95,-0.23
2020-02-11,13.05,13.07,12.87,12.98,187480,12.98,-0.69
2020-02-10,13.09,13.12,13.05,13.07,162944,13.06,0.38
2020-02-07,13.02,13.09,12.94,13.02,126696,13.02,0.54
2020-02-06,12.92,12.97,12.88,12.95,293012,12.95,1.17
2020-02-05,12.77,12.84,12.74,12.8,160744,12.8,0.23
2020-02-04,12.88,12.89,12.67,12.77,1039512,12.77,-2.82
2020-02-03,13.18,13.2,13.02,13.14,1117044,13.14,-1.28
2020-01-31,13.22,13.36,13.22,13.31,384512,13.31,1.22
2020-01-30,13.2,13.29,13.08,13.15,551616,13.15,0.00
2020-01-29,13.02,13.17,13.02,13.15,190788,13.15,1.00
2020-01-28,13.14,13.18,13.01,13.02,343144,13.02,-1.81
2020-01-27,13.31,13.31,13.17,13.26,623576,13.26,1.38
2020-01-24,12.89,13.15,12.89,13.08,445536,13.08,1.24
2020-01-23,12.84,13.02,12.84,12.92,211748,12.92,0.39
2020-01-22,12.86,12.88,12.81,12.87,131956,12.87,0.00
2020-01-21,12.71,12.88,12.68,12.87,403472,12.87,0.23
2020-01-17,12.82,12.91,12.8,12.84,207672,12.84,0.39
2020-01-16,12.79,12.82,12.71,12.79,147640,12.79,-0.39
2020-01-15,12.78,12.87,12.72,12.84,208476,12.84,1.18
2020-01-14,12.65,12.71,12.6,12.69,392204,12.69,-0.31
2020-01-13,12.82,12.82,12.72,12.73,235032,12.73,-1.47
2020-01-10,12.8,12.93,12.8,12.92,311036,12.92,1.33
2020-01-09,12.77,12.82,12.67,12.75,1902296,12.75,-1.39
2020-01-08,13.21,13.21,12.8,12.93,1016020,12.93,-1.52
2020-01-07,13.05,13.15,13.02,13.13,650044,13.13,0.77
2020-01-06,13.2,13.21,12.96,13.03,1892164,13.03,2.12
2020-01-03,12.74,12.84,12.69,12.76,588912,12.76,2.65
2020-01-02,12.41,12.48,12.34,12.43,301288,12.43,1.39
2019-12-31,12.33,12.38,12.25,12.26,486128,12.26,0.33
2019-12-30,12.21,12.24,12.19,12.22,169844,12.22,0.41
2019-12-27,12.18,12.24,12.16,12.17,157592,12.17,-0.25
2019-12-26,12.15,12.21,12.12,12.2,226876,12.19,1.67
2019-12-24,11.87,12.01,11.87,12,187740,12,1.95
2019-12-23,11.71,11.77,11.71,11.77,122644,11.77,1.12
2019-12-20,11.68,11.69,11.61,11.64,38288,11.64,-0.26
2019-12-19,11.61,11.71,11.61,11.67,64632,11.67,0.43
2019-12-18,11.6,11.66,11.59,11.62,90548,11.61,0.00
2019-12-17,11.62,11.65,11.6,11.62,51076,11.62,-0.09
2019-12-16,11.65,11.67,11.59,11.63,144688,11.63,0.00
2019-12-13,11.56,11.65,11.47,11.63,72552,11.63,0.87
2019-12-12,11.76,11.77,11.43,11.53,334512,11.53,-0.69
2019-12-11,11.49,11.66,11.49,11.61,196460,11.6,1.40
2019-12-10,11.5,11.5,11.42,11.45,47972,11.45,0.53
2019-12-09,11.42,11.43,11.36,11.39,35276,11.39,0.00
2019-12-06,11.43,11.43,11.36,11.39,234720,11.39,-2.06
2019-12-05,11.61,11.7,11.6,11.63,421624,11.63,0.00
2019-12-04,11.67,11.68,11.58,11.63,204104,11.63,-0.34
2019-12-03,11.66,11.75,11.65,11.67,546368,11.67,1.92
2019-12-02,11.37,11.48,11.36,11.45,169028,11.44,-0.09
2019-11-29,11.34,11.5,11.34,11.46,72732,11.46,1.15
2019-11-27,11.32,11.36,11.31,11.33,96268,11.33,-1.13
2019-11-26,11.32,11.46,11.26,11.46,317412,11.46,1.06
2019-11-25,11.37,11.42,11.33,11.34,165860,11.34,-1.05
2019-11-22,11.55,11.56,11.45,11.46,65824,11.46,-0.26
2019-11-21,11.56,11.58,11.46,11.49,229848,11.49,-1.12
2019-11-20,11.59,11.66,11.52,11.62,95040,11.62,0.00
2019-11-19,11.52,11.66,11.52,11.62,111696,11.62,0.17
2019-11-18,11.56,11.63,11.54,11.6,226596,11.6,0.61
2019-11-15,11.51,11.56,11.5,11.53,135844,11.53,-0.52
2019-11-14,11.57,11.64,11.51,11.59,264172,11.59,0.87
2019-11-13,11.46,11.53,11.44,11.49,226828,11.49,0.79
2019-11-12,11.35,11.43,11.21,11.4,250940,11.4,0.44
2019-11-11,11.44,11.47,11.24,11.35,240928,11.35,-0.53
2019-11-08,11.44,11.56,11.41,11.41,308428,11.41,-1.30
2019-11-07,11.86,11.87,11.44,11.56,670716,11.56,-3.18
2019-11-06,11.88,11.99,11.86,11.94,196076,11.94,0.93
2019-11-05,11.98,12,11.75,11.83,385924,11.83,-3.27
2019-11-04,12.26,12.28,12.17,12.23,207348,12.23,-0.57
2019-11-01,12.24,12.38,12.21,12.3,504700,12.3,0.16
2019-10-31,12.2,12.32,12.2,12.28,290712,12.28,1.99
2019-10-30,11.96,12.04,11.8,12.04,310248,12.04,1.01
2019-10-29,11.88,11.97,11.84,11.92,125024,11.92,-0.50
2019-10-28,12.09,12.09,11.94,11.98,255840,11.98,-1.72
2019-10-25,12.35,12.35,12.13,12.19,296564,12.19,0.41
2019-10-24,12.05,12.17,12.04,12.14,204220,12.14,1.42
2019-10-23,11.98,12.04,11.97,11.97,114456,11.97,0.50
2019-10-22,11.9,11.93,11.84,11.91,161744,11.9,0.59
2019-10-21,12.01,12.01,11.81,11.84,186568,11.84,-1.09
2019-10-18,11.98,12,11.95,11.97,77292,11.97,-0.08
2019-10-17,11.97,12.06,11.97,11.98,93392,11.98,0.25
2019-10-16,11.91,11.98,11.85,11.95,182968,11.94,1.10
2019-10-15,11.94,11.94,11.77,11.82,188324,11.82,-1.50
2019-10-14,11.97,12.03,11.96,12,137320,12,0.84
2019-10-11,11.89,11.92,11.71,11.9,843164,11.9,-1.16
2019-10-10,12.18,12.18,12,12.04,435072,12.03,-1.79
2019-10-09,12.29,12.34,12.2,12.26,236836,12.26,0.08
2019-10-08,12.27,12.3,12.13,12.25,614480,12.25,1.83
2019-10-07,12.11,12.22,11.96,12.03,251892,12.03,-1.72
2019-10-04,12.16,12.3,12.12,12.24,312640,12.24,0.00
2019-10-03,12.15,12.46,12.14,12.24,476604,12.24,0.74
2019-10-02,12.06,12.23,12,12.15,421000,12.15,2.45
2019-10-01,11.61,11.95,11.57,11.86,449056,11.86,1.02
2019-09-30,11.9,11.96,11.6,11.74,816460,11.73,-3.14
2019-09-27,11.99,12.22,11.96,12.12,674916,12.11,-1.06
2019-09-26,12.31,12.38,12.22,12.25,294968,12.25,0.00
2019-09-25,12.66,12.67,12.2,12.25,539436,12.25,-3.77
2019-09-24,12.51,12.77,12.45,12.73,1002232,12.73,1.03
2019-09-23,12.53,12.64,12.48,12.6,425268,12.6,1.12
2019-09-20,12.23,12.47,12.2,12.46,347608,12.46,2.38
2019-09-19,12.22,12.25,12.14,12.17,173364,12.17,0.83
2019-09-18,12.29,12.38,11.91,12.07,637304,12.07,-1.31
2019-09-17,12.27,12.32,12.18,12.23,187316,12.23,0.41
2019-09-16,12.23,12.29,12.13,12.18,388580,12.18,1.67
2019-09-13,12.25,12.29,11.97,11.98,451728,11.98,-1.64
2019-09-12,12.43,12.48,12.15,12.18,646204,12.18,0.33
2019-09-11,12.01,12.17,12.01,12.14,471708,12.14,1.25
2019-09-10,12.16,12.22,11.99,11.99,388224,11.99,-1.80
2019-09-09,12.38,12.38,12.17,12.21,409916,12.21,-0.65
2019-09-06,12.59,12.66,12.28,12.29,865504,12.29,-1.68
2019-09-05,12.83,12.83,12.32,12.5,1093532,12.5,-4.87
2019-09-04,12.94,13.16,12.93,13.14,460596,13.14,1.23
2019-09-03,12.84,13.05,12.8,12.98,804256,12.98,2.77
2019-08-30,12.65,12.74,12.51,12.63,563880,12.63,-0.47
2019-08-29,12.93,12.93,12.55,12.69,683208,12.69,-1.55
2019-08-28,12.93,12.97,12.8,12.89,406576,12.89,-0.46
2019-08-27,12.74,12.97,12.74,12.95,512508,12.95,1.81
2019-08-26,12.75,12.86,12.67,12.72,739640,12.72,0.08
2019-08-23,12.32,12.74,12.29,12.71,853268,12.71,3.92
2019-08-22,12.24,12.32,12.2,12.23,302588,12.23,-0.57
2019-08-21,12.28,12.37,12.27,12.3,337376,12.3,-0.65
2019-08-20,12.3,12.38,12.28,12.38,470124,12.38,1.56
2019-08-19,12.22,12.3,12.15,12.19,749596,12.19,-2.40
2019-08-16,12.47,12.54,12.32,12.49,981556,12.49,-1.26
2019-08-15,12.51,12.7,12.47,12.65,1019104,12.65,1.28
2019-08-14,12.5,12.65,12.36,12.49,1014696,12.49,1.46
2019-08-13,12.57,12.57,11.94,12.31,1649168,12.31,-1.44
2019-08-12,12.3,12.6,12.3,12.49,851960,12.48,1.96
2019-08-09,12.25,12.36,12.19,12.25,518116,12.25,-0.65
2019-08-08,12.18,12.43,12.15,12.33,743168,12.33,1.07
2019-08-07,12.24,12.45,12.19,12.2,949564,12.2,2.95
2019-08-06,11.75,11.87,11.7,11.85,499960,11.85,1.63
2019-08-05,11.69,11.81,11.55,11.66,2260596,11.66,2.64
2019-08-02,11.27,11.46,11.27,11.36,1906000,11.36,-0.61
2019-08-01,10.78,11.43,10.75,11.43,719836,11.43,4.67
2019-07-31,11.21,11.27,10.86,10.92,935824,10.92,-2.59
2019-07-30,11.17,11.23,11.11,11.21,297504,11.21,0.72
2019-07-29,11.06,11.16,10.98,11.13,234388,11.13,1.27
2019-07-26,11.09,11.1,10.99,10.99,234956,10.98,0.37
2019-07-25,11.1,11.1,10.91,10.95,609048,10.95,-1.53
2019-07-24,11.16,11.19,11.06,11.12,610456,11.11,1.00
2019-07-23,11.12,11.21,10.99,11.01,941592,11.01,-1.08
2019-07-22,11.14,11.19,11.11,11.13,320784,11.13,-0.09
2019-07-19,11.3,11.39,11.05,11.14,691836,11.14,-2.88
2019-07-18,11.04,11.49,11,11.47,923072,11.47,2.78
2019-07-17,10.9,11.16,10.89,11.16,513436,11.16,3.33
2019-07-16,10.93,10.96,10.77,10.8,346424,10.8,-1.73
2019-07-15,10.94,10.99,10.87,10.99,194240,10.99,0.00
2019-07-12,10.89,11.02,10.84,10.99,396392,10.99,1.20
2019-07-11,11,11.01,10.8,10.86,465784,10.86,-1.63
2019-07-10,10.9,11.05,10.82,11.04,504772,11.04,3.08
2019-07-09,10.66,10.76,10.61,10.71,304464,10.71,0.66
2019-07-08,10.78,10.8,10.63,10.64,284824,10.64,-1.21
2019-07-05,10.65,10.79,10.55,10.77,783228,10.77,-2.36
2019-07-03,11.02,11.1,10.96,11.03,415820,11.03,0.55
2019-07-02,10.65,11.02,10.63,10.97,542072,10.97,4.18
2019-07-01,10.69,10.71,10.53,10.53,822156,10.53,-3.84
2019-06-28,10.94,10.98,10.87,10.95,267708,10.95,0.37
2019-06-27,10.82,10.92,10.81,10.91,432564,10.9,-0.09
2019-06-26,10.93,11.01,10.85,10.92,496644,10.92,-1.89
2019-06-25,11.25,11.35,10.97,11.13,1361632,11.13,0.36
2019-06-24,10.9,11.09,10.87,11.09,743692,11.09,2.88
2019-06-21,10.74,10.8,10.63,10.78,520980,10.77,1.41
2019-06-20,10.51,10.69,10.49,10.63,558548,10.63,5.04
2019-06-19,9.94,10.13,9.93,10.12,388648,10.12,1.30
2019-06-18,10.07,10.09,9.89,9.99,390300,9.99,1.01
2019-06-17,9.94,9.94,9.86,9.89,128072,9.89,-0.20
2019-06-14,10.02,10.07,9.87,9.91,382968,9.91,0.00
2019-06-13,9.83,9.94,9.82,9.91,222196,9.91,1.23
2019-06-12,9.76,9.85,9.76,9.79,110584,9.79,0.93
2019-06-11,9.67,9.73,9.66,9.7,226940,9.7,-0.31
2019-06-10,9.74,9.75,9.68,9.73,232192,9.73,-1.92
2019-06-07,9.96,10.03,9.89,9.92,501260,9.92,1.12
2019-06-06,9.82,9.9,9.8,9.81,334800,9.81,0.62
2019-06-05,9.87,9.89,9.72,9.75,266420,9.75,0.31
2019-06-04,9.66,9.75,9.63,9.72,319168,9.72,0.21
2019-06-03,9.54,9.74,9.53,9.7,486704,9.7,2.97
2019-05-31,9.31,9.43,9.28,9.42,233968,9.42,2.73
2019-05-30,9.07,9.18,9.05,9.17,151912,9.17,1.33
2019-05-29,9.09,9.11,9.04,9.05,111668,9.05,0.11
2019-05-28,9.05,9.05,9.01,9.04,92392,9.04,-0.88
2019-05-24,9.11,9.13,9.07,9.12,56564,9.12,0.11
2019-05-23,9.06,9.16,9.05,9.11,162236,9.1,1.56
2019-05-22,8.98,9,8.97,8.97,72972,8.97,-0.11
2019-05-21,8.95,8.98,8.91,8.98,852844,8.98,-0.55
2019-05-20,9.03,9.03,9,9.03,27532,9.03,0.00
2019-05-17,9.1,9.1,8.99,9.03,93600,9.03,-1.53
2019-05-16,9.24,9.26,9.13,9.17,141096,9.17,-1.50
2019-05-15,9.36,9.37,9.29,9.31,238428,9.31,-0.11
2019-05-14,9.35,9.35,9.27,9.32,721704,9.31,-0.43
2019-05-13,9.35,9.38,9.3,9.36,736688,9.36,2.18
2019-05-10,9.16,9.21,9.15,9.16,125864,9.16,0.22
2019-05-09,9.1,9.19,9.08,9.14,133220,9.14,0.55
2019-05-08,9.19,9.19,9.08,9.09,207336,9.09,-0.66
2019-05-07,9.11,9.16,9.1,9.15,487656,9.15,0.77
2019-05-06,9.05,9.11,9.04,9.08,74468,9.08,0.22
2019-05-03,9.05,9.12,9.03,9.06,517336,9.06,1.23
2019-05-02,8.9,8.97,8.89,8.95,462896,8.95,-0.78
2019-05-01,9.11,9.19,8.99,9.02,317576,9.02,-1.31
2019-04-30,9.13,9.16,9.11,9.14,75636,9.14,0.55
2019-04-29,9.09,9.1,9.07,9.09,108784,9.09,-0.98
2019-04-26,9.16,9.22,9.16,9.18,467332,9.18,1.32
2019-04-25,9.08,9.13,9.05,9.06,163244,9.06,0.22
2019-04-24,8.97,9.07,8.97,9.04,73248,9.03,0.67
2019-04-23,8.91,8.99,8.9,8.98,133224,8.98,-0.44
2019-04-22,9.03,9.04,9.01,9.02,140996,9.02,0.00
2019-04-18,9,9.03,8.99,9.02,104496,9.02,0.11
2019-04-17,9.03,9.04,9,9.01,44532,9.01,-0.44
2019-04-16,9.03,9.07,9.01,9.05,324512,9.05,-1.84
2019-04-15,9.15,9.25,9.14,9.22,172144,9.22,-0.43
2019-04-12,9.28,9.32,9.26,9.26,118240,9.26,-0.22
2019-04-11,9.36,9.39,9.26,9.28,349388,9.27,-2.52
2019-04-10,9.48,9.56,9.48,9.52,266404,9.52,0.53
2019-04-09,9.49,9.5,9.46,9.47,149692,9.47,0.96
2019-04-08,9.44,9.44,9.36,9.38,91120,9.38,0.97
2019-04-05,9.28,9.31,9.24,9.29,206864,9.29,-0.32
2019-04-04,9.16,9.32,9.14,9.32,240872,9.31,0.54
2019-04-03,9.26,9.29,9.25,9.27,135348,9.27,-0.22
2019-04-02,9.26,9.3,9.25,9.29,176488,9.29,0.54
2019-04-01,9.36,9.37,9.23,9.24,247372,9.23,-0.75
2019-03-29,9.4,9.41,9.3,9.31,177896,9.31,0.22
2019-03-28,9.34,9.35,9.26,9.29,1085116,9.28,-2.93
2019-03-27,9.68,9.68,9.56,9.57,100304,9.56,-1.03
2019-03-26,9.71,9.71,9.64,9.67,92548,9.67,-1.02
2019-03-25,9.72,9.8,9.71,9.77,275392,9.77,1.56
2019-03-22,9.61,9.65,9.59,9.62,221472,9.62,0.52
2019-03-21,9.68,9.68,9.5,9.57,151404,9.57,-0.83
2019-03-20,9.57,9.69,9.42,9.65,385396,9.65,1.15
2019-03-19,9.59,9.59,9.53,9.54,158860,9.53,0.63
2019-03-18,9.52,9.53,9.46,9.48,110624,9.48,0.11
2019-03-15,9.48,9.53,9.47,9.47,269704,9.47,0.85
2019-03-14,9.37,9.4,9.34,9.39,500564,9.39,-2.19
2019-03-13,9.57,9.62,9.55,9.6,159840,9.6,1.27
2019-03-12,9.4,9.48,9.39,9.48,273508,9.48,1.28
2019-03-11,9.41,9.41,9.32,9.36,217948,9.36,-1.06
2019-03-08,9.44,9.46,9.39,9.46,456188,9.46,2.27
2019-03-07,9.23,9.28,9.22,9.25,441808,9.25,-0.32
2019-03-06,9.25,9.28,9.23,9.28,157900,9.28,-0.11
2019-03-05,9.25,9.29,9.2,9.29,238780,9.29,0.11
2019-03-04,9.27,9.31,9.22,9.28,325320,9.27,-0.43
2019-03-01,9.57,9.64,9.32,9.32,462928,9.32,-3.52
2019-02-28,9.75,9.76,9.66,9.66,562552,9.66,-1.23
2019-02-27,9.84,9.85,9.73,9.78,238056,9.78,-1.31
2019-02-26,9.87,9.91,9.83,9.91,142668,9.91,0.20
2019-02-25,9.95,9.97,9.87,9.89,176728,9.89,-0.10
2019-02-22,9.9,9.98,9.89,9.9,345668,9.9,0.61
2019-02-21,10.01,10.02,9.84,9.84,477540,9.84,-2.28
2019-02-20,10.15,10.19,10.05,10.07,273680,10.07,-0.40
2019-02-19,9.99,10.12,9.99,10.11,881708,10.1,3.06
2019-02-15,9.78,9.83,9.71,9.81,255748,9.81,1.34
2019-02-14,9.65,9.71,9.61,9.68,466216,9.68,0.94
2019-02-13,9.67,9.77,9.58,9.59,271032,9.59,-0.83
2019-02-12,9.69,9.69,9.63,9.67,132148,9.67,0.42
2019-02-11,9.56,9.65,9.56,9.63,231216,9.63,-0.93
2019-02-08,9.71,9.75,9.69,9.72,169784,9.72,0.73
2019-02-07,9.66,9.68,9.62,9.65,160292,9.65,0.42
2019-02-06,9.72,9.72,9.61,9.61,242824,9.61,-1.33
2019-02-05,9.74,9.76,9.71,9.74,307500,9.74,0.41
2019-02-04,9.7,9.74,9.68,9.7,199864,9.69,-0.92
2019-02-01,9.84,9.87,9.76,9.79,335356,9.78,-0.31
2019-01-31,9.89,9.89,9.81,9.82,330168,9.81,0.10
2019-01-30,9.69,9.87,9.66,9.81,1095272,9.81,1.13
2019-01-29,9.65,9.71,9.63,9.7,589044,9.69,1.04
2019-01-28,9.52,9.6,9.51,9.6,238348,9.6,0.84
2019-01-25,9.4,9.53,9.4,9.52,263992,9.52,2.81
2019-01-24,9.27,9.3,9.24,9.26,346020,9.26,-0.32
2019-01-23,9.24,9.32,9.23,9.29,461220,9.29,-0.21
2019-01-22,9.28,9.32,9.24,9.31,271264,9.31,0.54
2019-01-18,9.29,9.32,9.25,9.26,371840,9.26,-1.70
2019-01-17,9.42,9.44,9.38,9.42,261760,9.42,-0.32
2019-01-16,9.42,9.48,9.42,9.45,150272,9.45,0.64
2019-01-15,9.46,9.48,9.36,9.39,203972,9.39,-0.42
2019-01-14,9.45,9.45,9.41,9.43,81348,9.43,0.43
2019-01-11,9.38,9.43,9.37,9.39,424128,9.39,0.32
2019-01-10,9.43,9.45,9.36,9.36,180936,9.36,-1.27
2019-01-09,9.34,9.48,9.34,9.48,228348,9.48,1.50
2019-01-08,9.29,9.37,9.28,9.34,366356,9.34,-0.64
2019-01-07,9.45,9.48,9.38,9.4,136464,9.4,0.53
2019-01-04,9.38,9.4,9.25,9.35,222876,9.35,-2.20
2019-01-03,9.43,9.56,9.41,9.56,236800,9.56,2.36
2019-01-02,9.36,9.44,9.25,9.34,928764,9.34,-0.11
2018-12-31,9.31,9.35,9.29,9.35,407916,9.35,0.43
2018-12-28,9.26,9.31,9.24,9.31,94040,9.31,1.42
2018-12-27,9.23,9.3,9.14,9.18,402692,9.18,0.66
2018-12-26,9.26,9.42,9,9.12,350536,9.12,-0.33
2018-12-24,9.1,9.17,9.04,9.15,219928,9.15,2.01
2018-12-21,9.05,9.05,8.95,8.97,158876,8.97,-0.88
2018-12-20,9.01,9.12,8.93,9.05,392176,9.05,3.08
2018-12-19,8.91,9.02,8.77,8.78,515280,8.78,-1.13
2018-12-18,8.83,8.89,8.83,8.88,33224,8.88,0.45
2018-12-17,8.77,8.86,8.77,8.84,164320,8.84,1.26
2018-12-14,8.67,8.76,8.66,8.73,101996,8.73,-0.91
2018-12-13,8.8,8.81,8.77,8.81,453564,8.81,-0.45
2018-12-12,8.83,8.87,8.83,8.85,73948,8.85,0.45
2018-12-11,8.84,8.86,8.78,8.81,185420,8.81,-0.23
2018-12-10,8.84,8.86,8.8,8.83,152980,8.83,-0.67
2018-12-07,8.83,8.91,8.81,8.89,108896,8.89,1.60
2018-12-06,8.8,8.85,8.69,8.75,100664,8.75,0.11
2018-12-04,8.78,8.8,8.73,8.74,172964,8.74,1.04
2018-12-03,8.69,8.7,8.64,8.65,112844,8.65,1.53
2018-11-30,8.47,8.53,8.46,8.52,83988,8.52,-0.35
2018-11-29,8.58,8.61,8.54,8.55,42408,8.55,0.59
2018-11-28,8.43,8.6,8.38,8.5,189420,8.5,0.83
2018-11-27,8.52,8.52,8.39,8.43,147340,8.43,-1.29
2018-11-26,8.56,8.56,8.53,8.54,105876,8.54,-0.12
2018-11-23,8.57,8.57,8.55,8.55,66764,8.55,-0.35
2018-11-21,8.58,8.64,8.57,8.58,231052,8.58,0.59
2018-11-20,8.58,8.59,8.49,8.53,319752,8.53,-0.35
2018-11-19,8.52,8.58,8.51,8.56,1431976,8.56,0.35
2018-11-16,8.57,8.57,8.51,8.53,104084,8.53,1.31
2018-11-15,8.43,8.44,8.38,8.42,218164,8.42,0.36
2018-11-14,8.24,8.44,8.23,8.39,227452,8.39,1.57
2018-11-13,8.27,8.28,8.22,8.26,68460,8.26,0.00
2018-11-12,8.31,8.32,8.25,8.26,189564,8.26,-1.31
2018-11-09,8.39,8.42,8.33,8.37,345416,8.37,-2.33
2018-11-08,8.57,8.6,8.54,8.57,120888,8.57,-0.35
2018-11-07,8.64,8.66,8.59,8.6,81952,8.6,-0.12
2018-11-06,8.67,8.68,8.56,8.61,51940,8.61,-0.81
2018-11-05,8.65,8.7,8.65,8.68,47856,8.68,-0.34
2018-11-02,8.71,8.76,8.67,8.71,101316,8.71,-0.11
2018-11-01,8.67,8.77,8.65,8.72,186896,8.72,2.83
2018-10-31,8.44,8.49,8.41,8.48,351804,8.48,-1.17
2018-10-30,8.59,8.63,8.57,8.58,144692,8.58,-0.92
2018-10-29,8.7,8.7,8.6,8.66,154028,8.66,-0.80
2018-10-26,8.75,8.87,8.72,8.73,916340,8.73,0.46
2018-10-25,8.72,8.72,8.65,8.69,158760,8.69,-0.34
2018-10-24,8.71,8.73,8.65,8.72,113524,8.72,0.46
2018-10-23,8.8,8.81,8.68,8.68,127092,8.68,1.05
2018-10-22,8.57,8.6,8.55,8.59,183800,8.59,-0.58
2018-10-19,8.68,8.68,8.63,8.64,148408,8.64,0.23
2018-10-18,8.63,8.69,8.6,8.62,72984,8.62,0.23
2018-10-17,8.63,8.69,8.59,8.6,130564,8.6,-0.35
2018-10-16,8.73,8.73,8.56,8.63,145496,8.63,0.00
2018-10-15,8.65,8.73,8.63,8.63,291476,8.63,1.17
2018-10-12,8.57,8.59,8.51,8.53,130984,8.52,-0.93
2018-10-11,8.39,8.64,8.37,8.61,493776,8.6,5.13
2018-10-10,8.13,8.21,8.11,8.19,78600,8.19,0.37
2018-10-09,8.12,8.16,8.06,8.16,109060,8.16,0.25
2018-10-08,8.09,8.15,8.07,8.14,209248,8.14,-2.40
2018-10-05,8.34,8.35,8.3,8.34,58896,8.34,0.60
2018-10-04,8.33,8.41,8.26,8.29,91588,8.29,0.24
2018-10-03,8.34,8.35,8.26,8.27,129200,8.27,-0.96
2018-10-02,8.31,8.4,8.31,8.35,151624,8.35,2.45
2018-10-01,8.14,8.16,8.12,8.15,21432,8.15,-0.49
2018-09-28,8.11,8.21,8.1,8.19,74948,8.19,1.24
2018-09-27,8.09,8.14,8.02,8.09,107316,8.09,-1.70
2018-09-26,8.23,8.3,8.18,8.23,201580,8.23,-1.08
2018-09-25,8.32,8.33,8.31,8.32,303416,8.32,0.36
2018-09-24,8.35,8.36,8.28,8.29,469132,8.29,-0.12
2018-09-21,8.2,8.32,8.2,8.3,115440,8.3,-1.31
2018-09-20,8.41,8.44,8.36,8.41,71416,8.41,0.60
2018-09-19,8.36,8.37,8.33,8.36,130444,8.35,0.84
2018-09-18,8.34,8.36,8.27,8.29,83608,8.28,-0.36
2018-09-17,8.31,8.38,8.31,8.32,264500,8.32,1.09
2018-09-14,8.35,8.36,8.22,8.23,118472,8.23,-1.32
2018-09-13,8.49,8.49,8.32,8.34,191916,8.34,-0.71
2018-09-12,8.26,8.43,8.24,8.4,75464,8.4,1.69
2018-09-11,8.19,8.28,8.14,8.26,38568,8.26,0.00
2018-09-10,8.28,8.29,8.24,8.26,107304,8.26,-0.12
2018-09-07,8.27,8.31,8.24,8.27,70364,8.27,-0.72
2018-09-06,8.37,8.41,8.3,8.33,61720,8.33,0.60
2018-09-05,8.29,8.3,8.27,8.28,31232,8.28,0.49
2018-09-04,8.22,8.26,8.19,8.24,72612,8.24,-0.96
2018-08-31,8.36,8.39,8.31,8.32,155600,8.31,-0.24
2018-08-30,8.39,8.39,8.29,8.34,431408,8.34,-0.95
2018-08-29,8.42,8.43,8.37,8.42,25672,8.42,0.72
2018-08-28,8.53,8.53,8.32,8.36,272192,8.36,-1.53
2018-08-27,8.42,8.51,8.42,8.49,87556,8.49,0.95
2018-08-24,8.29,8.45,8.26,8.41,100516,8.41,3.32
2018-08-23,8.21,8.23,8.11,8.14,129396,8.14,-1.81
2018-08-22,8.32,8.32,8.25,8.29,115344,8.29,0.36
2018-08-21,8.23,8.27,8.17,8.26,83652,8.26,0.61
2018-08-20,8.18,8.21,8.14,8.21,123532,8.21,0.98
2018-08-17,8.07,8.14,8.02,8.13,85552,8.13,1.75
2018-08-16,8.04,8.08,7.98,7.99,174040,7.99,-0.12
2018-08-15,8.13,8.16,7.99,8,174628,8,-3.38
2018-08-14,8.29,8.34,8.25,8.28,126780,8.27,0.24
2018-08-13,8.38,8.38,8.23,8.26,222552,8.26,-2.94
2018-08-10,8.53,8.59,8.5,8.51,166184,8.51,-0.12
2018-08-09,8.57,8.58,8.52,8.52,25372,8.52,-0.47
2018-08-08,8.52,8.56,8.49,8.56,93552,8.56,0.59
2018-08-07,8.54,8.57,8.48,8.51,47612,8.51,0.59
2018-08-06,8.49,8.52,8.46,8.46,113364,8.46,-1.17
2018-08-03,8.57,8.64,8.55,8.56,148912,8.56,0.82
2018-08-02,8.59,8.6,8.48,8.49,592328,8.49,-1.16
2018-08-01,8.68,8.68,8.59,8.59,88896,8.59,-1.49
2018-07-31,8.65,8.76,8.64,8.72,48540,8.72,0.58
2018-07-30,8.69,8.73,8.67,8.67,138180,8.67,-0.34
2018-07-27,8.71,8.77,8.7,8.7,178820,8.7,0.00
2018-07-26,8.77,8.81,8.7,8.7,93544,8.69,-1.47
2018-07-25,8.84,8.85,8.77,8.83,84296,8.83,1.15
2018-07-24,8.75,8.82,8.72,8.73,537808,8.73,0.00
2018-07-23,8.77,8.77,8.71,8.73,82724,8.73,-0.91
2018-07-20,8.79,8.82,8.77,8.81,86100,8.81,1.26
2018-07-19,8.61,8.79,8.6,8.7,106976,8.69,-0.91
2018-07-18,8.74,8.8,8.69,8.78,93068,8.77,0.11
2018-07-17,8.83,8.85,8.75,8.77,109788,8.77,-2.23
2018-07-16,8.93,8.98,8.92,8.97,40276,8.97,-0.11
2018-07-13,8.98,9.02,8.92,8.98,64424,8.98,-0.88
2018-07-12,9.05,9.08,9.03,9.06,59224,9.06,0.78
2018-07-11,9.11,9.12,8.98,8.99,135628,8.99,-2.07
2018-07-10,9.17,9.2,9.16,9.18,97128,9.18,-0.54
2018-07-09,9.31,9.32,9.22,9.23,116936,9.23,0.54
2018-07-06,9.21,9.22,9.15,9.18,104944,9.18,-0.33
2018-07-05,9.2,9.25,9.15,9.21,146080,9.21,0.00
2018-07-03,9.1,9.21,9.1,9.21,128832,9.21,2.68
2018-07-02,9.1,9.1,8.95,8.97,200612,8.97,-1.86
2018-06-29,9.11,9.19,9.11,9.14,137732,9.14,0.44
2018-06-28,9.14,9.16,9.06,9.1,99816,9.1,-0.55
2018-06-27,9.21,9.22,9.13,9.15,98896,9.15,-1.08
2018-06-26,9.22,9.29,9.22,9.25,460672,9.25,-1.07
2018-06-25,9.37,9.38,9.34,9.35,79644,9.35,-0.64
2018-06-22,9.38,9.45,9.38,9.41,80592,9.41,0.32
2018-06-21,9.36,9.42,9.32,9.38,53668,9.38,-0.32
2018-06-20,9.5,9.5,9.4,9.41,103824,9.41,-0.95
2018-06-19,9.49,9.53,9.47,9.5,152288,9.5,-0.52
2018-06-18,9.58,9.59,9.54,9.55,29500,9.55,-0.31
2018-06-15,9.71,9.72,9.52,9.58,490824,9.58,-3.52
2018-06-14,9.97,9.98,9.91,9.93,66364,9.93,0.51
2018-06-13,9.82,9.89,9.79,9.88,277596,9.88,0.51
2018-06-12,9.85,9.89,9.8,9.83,408252,9.83,-0.71
2018-06-11,9.9,9.93,9.86,9.9,96724,9.9,0.30
2018-06-08,9.88,9.88,9.84,9.87,60220,9.87,0.30
2018-06-07,9.85,9.88,9.82,9.84,73036,9.84,-0.10
2018-06-06,9.88,9.92,9.78,9.85,118284,9.85,0.00
2018-06-05,9.79,9.91,9.76,9.85,43604,9.85,1.03
2018-06-04,9.81,9.86,9.75,9.75,88572,9.75,-0.41
2018-06-01,9.8,9.87,9.77,9.79,109036,9.78,-1.01
2018-05-31,9.91,10,9.88,9.89,81364,9.89,-0.40
2018-05-30,9.92,9.96,9.91,9.93,96756,9.93,0.30
2018-05-29,9.86,9.97,9.81,9.9,195656,9.9,-0.20
2018-05-25,9.96,9.99,9.92,9.92,60708,9.92,-0.60
2018-05-24,9.91,10.02,9.9,9.98,574772,9.98,1.73
2018-05-23,9.74,9.82,9.73,9.81,81424,9.81,0.20
2018-05-22,9.84,9.87,9.76,9.79,405272,9.79,0.00
2018-05-21,9.75,9.81,9.7,9.79,186828,9.79,0.00
2018-05-18,9.75,9.81,9.74,9.79,60096,9.79,0.10
2018-05-17,9.74,9.79,9.73,9.78,93380,9.78,0.20
2018-05-16,9.77,9.82,9.73,9.76,193192,9.76,-0.51
2018-05-15,9.87,9.87,9.75,9.81,258148,9.81,-3.16
2018-05-14,10.23,10.25,10.11,10.13,149368,10.13,-0.88
2018-05-11,10.3,10.32,10.2,10.22,44672,10.22,-0.29
2018-05-10,10.25,10.27,10.17,10.25,95652,10.25,1.28
2018-05-09,10.12,10.18,10.07,10.12,91340,10.11,-0.30
2018-05-08,10.1,10.2,10.03,10.15,92220,10.15,0.00
2018-05-07,10.13,10.16,10.11,10.15,384072,10.15,0.00
2018-05-04,10.07,10.18,10.05,10.15,40036,10.15,0.20
2018-05-03,10.16,10.18,10.12,10.13,121876,10.13,1.20
2018-05-02,10.04,10.13,10,10.01,251364,10.01,0.00
2018-05-01,10.05,10.07,9.96,10.01,125572,10.01,-1.67
2018-04-30,10.15,10.26,10.11,10.18,81584,10.18,-1.36
2018-04-27,10.26,10.34,10.24,10.32,124316,10.31,0.88
2018-04-26,10.32,10.36,10.19,10.23,654848,10.23,-0.68
2018-04-25,10.26,10.31,10.24,10.3,147196,10.3,-1.34
2018-04-24,10.35,10.44,10.35,10.44,224952,10.44,0.97
2018-04-23,10.35,10.37,10.3,10.34,135788,10.34,-1.71
2018-04-20,10.53,10.57,10.5,10.52,58732,10.52,-1.31
2018-04-19,10.72,10.72,10.6,10.66,58044,10.66,-0.47
2018-04-18,10.77,10.8,10.71,10.71,96708,10.71,0.09
2018-04-17,10.6,10.7,10.57,10.7,74352,10.7,-0.09
2018-04-16,10.69,10.76,10.69,10.71,38968,10.71,0.56
2018-04-13,10.59,10.7,10.58,10.65,186636,10.65,1.43
2018-04-12,10.63,10.63,10.48,10.5,185352,10.5,-2.51
2018-04-11,10.76,10.99,10.72,10.77,820096,10.77,1.22
2018-04-10,10.58,10.65,10.55,10.64,62848,10.64,0.85
2018-04-09,10.51,10.57,10.42,10.55,115812,10.55,0.48
2018-04-06,10.52,10.52,10.46,10.5,95592,10.5,1.06
2018-04-05,10.31,10.44,10.31,10.39,96448,10.39,-1.05
2018-04-04,10.68,10.68,10.48,10.5,77196,10.5,0.29
2018-04-03,10.54,10.54,10.44,10.47,56264,10.47,-1.69
2018-04-02,10.55,10.68,10.51,10.65,172500,10.65,2.50
2018-03-29,10.35,10.39,10.33,10.39,176296,10.39,0.00
2018-03-28,10.54,10.56,10.37,10.39,378944,10.39,-2.90
2018-03-27,10.66,10.71,10.58,10.7,222492,10.7,-1.56
2018-03-26,10.78,10.89,10.78,10.87,170488,10.87,1.49
2018-03-23,10.74,10.79,10.66,10.71,675844,10.71,2.59
2018-03-22,10.47,10.5,10.41,10.44,296052,10.44,-0.76
2018-03-21,10.34,10.57,10.3,10.52,117400,10.52,3.44
2018-03-20,10.2,10.2,10.11,10.17,428080,10.17,-0.97
2018-03-19,10.23,10.33,10.17,10.27,542380,10.27,0.49
2018-03-16,10.27,10.27,10.16,10.22,90868,10.22,-0.39
2018-03-15,10.31,10.31,10.23,10.26,58208,10.26,-1.35
2018-03-14,10.38,10.43,10.36,10.4,228124,10.4,-0.29
2018-03-13,10.41,10.44,10.37,10.43,25460,10.43,0.38
2018-03-12,10.33,10.39,10.26,10.39,44796,10.39,0.29
2018-03-09,10.29,10.4,10.26,10.36,84752,10.36,0.00
2018-03-08,10.41,10.41,10.31,10.36,18856,10.36,-0.38
2018-03-07,10.53,10.53,10.36,10.4,566808,10.4,-1.70
2018-03-06,10.52,10.61,10.5,10.58,196288,10.58,2.62
2018-03-05,10.37,10.37,10.29,10.31,60216,10.31,-0.48
2018-03-02,10.42,10.42,10.32,10.36,182976,10.36,1.17
2018-03-01,10.16,10.33,10.07,10.24,92832,10.24,-0.49
2018-02-28,10.32,10.38,10.28,10.29,114112,10.29,-0.19
2018-02-27,10.49,10.5,10.25,10.31,117324,10.31,-2.18
2018-02-26,10.55,10.6,10.52,10.54,127408,10.54,0.48
2018-02-23,10.5,10.5,10.43,10.49,45424,10.49,-0.38
2018-02-22,10.44,10.54,10.44,10.53,92424,10.53,1.15
2018-02-21,10.54,10.6,10.39,10.41,767520,10.41,-1.05
2018-02-20,10.69,10.72,10.49,10.52,157032,10.52,-2.59
2018-02-16,10.86,10.92,10.77,10.8,76476,10.8,-0.83
2018-02-15,10.92,10.95,10.82,10.89,134836,10.89,0.18
2018-02-14,10.57,10.95,10.55,10.87,409480,10.87,3.43
2018-02-13,10.46,10.52,10.42,10.51,645508,10.51,0.96
2018-02-12,10.36,10.46,10.33,10.41,207128,10.41,1.36
2018-02-09,10.24,10.34,10.24,10.27,108364,10.27,-0.68
2018-02-08,10.28,10.4,10.21,10.34,67276,10.34,0.49
2018-02-07,10.4,10.43,10.2,10.29,68876,10.28,-0.77
2018-02-06,10.58,10.58,10.33,10.37,146020,10.37,-2.17
2018-02-05,10.65,10.71,10.58,10.6,810756,10.6,0.66
2018-02-02,10.62,10.64,10.48,10.53,289512,10.52,-2.50
2018-02-01,10.71,10.88,10.67,10.8,171580,10.8,-0.18
2018-01-31,10.74,10.82,10.57,10.82,227604,10.82,1.69
2018-01-30,10.83,10.83,10.61,10.64,97756,10.64,-0.93
2018-01-29,10.77,10.77,10.66,10.74,303112,10.74,-1.10
2018-01-26,10.9,10.93,10.85,10.86,131144,10.85,0.37
2018-01-25,10.97,11.1,10.77,10.82,411264,10.82,-1.55
2018-01-24,10.94,11.05,10.88,10.99,209924,10.99,2.52
2018-01-23,10.58,10.73,10.58,10.72,232040,10.72,0.94
2018-01-22,10.61,10.63,10.56,10.62,246624,10.62,0.38
2018-01-19,10.62,10.64,10.58,10.58,196560,10.58,0.95
2018-01-18,10.54,10.59,10.47,10.48,108252,10.48,-0.57
2018-01-17,10.65,10.72,10.45,10.54,360876,10.54,-1.59
2018-01-16,10.63,10.71,10.6,10.71,139512,10.71,0.28
2018-01-12,10.52,10.7,10.5,10.68,126440,10.68,2.40
2018-01-11,10.43,10.46,10.37,10.43,190528,10.43,0.48
2018-01-10,10.37,10.42,10.33,10.38,66448,10.38,0.68
2018-01-09,10.26,10.31,10.2,10.31,108256,10.31,-0.96
2018-01-08,10.39,10.41,10.35,10.41,66816,10.4,-0.10
2018-01-05,10.34,10.44,10.34,10.42,94600,10.42,-0.10
2018-01-04,10.31,10.5,10.31,10.43,259436,10.43,1.16
2018-01-03,10.38,10.38,10.22,10.31,155308,10.31,-0.87
2018-01-02,10.32,10.4,10.27,10.4,251892,10.4,2.26
2017-12-29,10.14,10.21,10.11,10.17,172020,10.17,1.40
2017-12-28,10.01,10.04,9.99,10.03,187968,10.03,1.01
2017-12-27,9.88,9.95,9.88,9.93,130528,9.93,0.71
2017-12-26,9.82,9.88,9.82,9.86,119464,9.86,1.34
2017-12-22,9.68,9.76,9.68,9.73,74048,9.73,0.83
2017-12-21,9.59,9.65,9.59,9.65,28960,9.65,0.52
2017-12-20,9.56,9.63,9.56,9.6,119508,9.6,0.52
2017-12-19,9.55,9.57,9.51,9.55,119224,9.55,0.00
2017-12-18,9.52,9.59,9.52,9.55,67728,9.55,0.95
2017-12-15,9.5,9.51,9.43,9.46,86124,9.46,0.53
2017-12-14,9.45,9.47,9.38,9.41,79860,9.41,-0.42
2017-12-13,9.29,9.47,9.26,9.45,689964,9.45,1.83
2017-12-12,9.22,9.28,9.17,9.28,89692,9.27,0.32
2017-12-11,9.31,9.35,9.23,9.25,120272,9.25,-0.96
2017-12-08,9.35,9.4,9.33,9.34,78492,9.34,0.00
2017-12-07,9.43,9.45,9.28,9.34,186796,9.34,-2.61
2017-12-06,9.57,9.6,9.57,9.59,98396,9.59,-0.52
2017-12-05,9.65,9.65,9.55,9.64,135572,9.64,-1.33
2017-12-04,9.78,9.78,9.73,9.77,89840,9.77,-0.71
2017-12-01,9.76,9.97,9.71,9.84,673720,9.84,0.72
2017-11-30,9.83,9.85,9.71,9.77,140836,9.77,-1.21
2017-11-29,9.93,9.97,9.87,9.89,76760,9.89,-1.59
2017-11-28,10.09,10.1,10.01,10.05,108500,10.05,-0.10
2017-11-27,10.1,10.13,10.04,10.06,109128,10.06,0.90
2017-11-24,10,10,9.96,9.97,52576,9.97,-0.50
2017-11-22,9.96,10.05,9.95,10.02,242464,10.02,1.73
2017-11-21,9.86,9.9,9.84,9.85,30908,9.85,0.41
2017-11-20,9.94,9.98,9.77,9.81,763220,9.81,-2.49
2017-11-17,9.93,10.13,9.91,10.06,236784,10.06,2.44
2017-11-16,9.82,9.86,9.8,9.82,16664,9.82,0.00
2017-11-15,9.93,9.95,9.79,9.82,58776,9.82,-0.30
2017-11-14,9.72,9.9,9.71,9.85,313252,9.85,0.41
2017-11-13,9.84,9.84,9.8,9.81,118580,9.81,0.10
2017-11-10,9.93,9.94,9.75,9.8,94048,9.8,-1.51
2017-11-09,9.9,9.98,9.9,9.95,43424,9.95,0.71
2017-11-08,9.92,9.96,9.87,9.88,210372,9.88,0.71
2017-11-07,9.86,9.86,9.76,9.81,46944,9.81,-0.71
2017-11-06,9.69,9.91,9.69,9.88,131520,9.88,1.65
2017-11-03,9.85,9.85,9.63,9.72,99072,9.72,-1.02
2017-11-02,9.83,9.9,9.75,9.82,74788,9.81,0.31
2017-11-01,9.79,9.86,9.75,9.79,72012,9.79,0.72
2017-10-31,9.75,9.75,9.68,9.72,89380,9.72,-0.92
2017-10-30,9.75,9.85,9.74,9.81,101388,9.81,0.51
2017-10-27,9.66,9.76,9.65,9.76,139444,9.76,0.93
2017-10-26,9.82,9.82,9.64,9.67,121304,9.67,-1.73
2017-10-25,9.82,9.85,9.76,9.84,66732,9.84,0.20
2017-10-24,9.84,9.88,9.78,9.82,86384,9.82,-0.91
2017-10-23,9.78,9.92,9.75,9.91,179332,9.91,0.20
2017-10-20,9.87,9.93,9.82,9.89,190236,9.89,-1.20
2017-10-19,9.99,10.03,9.96,10.01,98224,10.01,1.11
2017-10-18,9.9,9.91,9.84,9.9,178132,9.9,-0.70
2017-10-17,9.97,9.99,9.9,9.97,220400,9.97,-1.38
2017-10-16,10.22,10.29,10.04,10.11,229140,10.11,-1.46
2017-10-13,10.22,10.28,10.18,10.26,180596,10.26,1.58
2017-10-12,10.1,10.12,10.06,10.1,161136,10.1,0.10
2017-10-11,10.05,10.11,9.95,10.09,63732,10.09,0.60
2017-10-10,10.09,10.14,10.03,10.03,190440,10.02,0.60
2017-10-09,9.91,9.99,9.89,9.97,603812,9.97,1.63
2017-10-06,9.67,9.82,9.6,9.81,192252,9.81,0.93
2017-10-05,9.8,9.81,9.7,9.72,95436,9.72,-1.12
2017-10-04,9.85,9.85,9.78,9.83,39988,9.83,0.51
2017-10-03,9.73,9.82,9.73,9.78,244104,9.78,0.10
2017-10-02,9.82,9.85,9.39,9.77,119856,9.77,-1.31
2017-09-29,10.04,10.04,9.9,9.9,59328,9.9,-1.00
2017-09-28,9.96,10.04,9.95,10,92284,10,0.40
2017-09-27,10,10.03,9.95,9.96,180572,9.96,-1.97
2017-09-26,10.25,10.26,10.13,10.16,154348,10.16,-2.31
2017-09-25,10.11,10.41,10.11,10.4,270712,10.4,2.36
2017-09-22,10.15,10.19,10.12,10.16,115316,10.16,0.89
2017-09-21,10.08,10.14,10.04,10.07,161024,10.07,-1.66
2017-09-20,10.4,10.46,10.17,10.24,86700,10.23,-1.54
2017-09-19,10.39,10.41,10.33,10.4,111748,10.4,0.29
2017-09-18,10.44,10.44,10.31,10.37,274048,10.37,-1.89
2017-09-15,10.67,10.67,10.53,10.57,159092,10.57,-0.94
2017-09-14,10.58,10.71,10.58,10.67,70184,10.67,0.85
2017-09-13,10.74,10.74,10.53,10.58,100092,10.58,-1.49
2017-09-12,10.64,10.75,10.64,10.74,115104,10.74,0.56
2017-09-11,10.75,10.81,10.65,10.68,287972,10.68,-2.82
2017-09-08,11.04,11.05,10.95,10.99,184572,10.99,-0.27
2017-09-07,10.92,11.05,10.89,11.02,175612,11.02,2.04
2017-09-06,10.91,10.91,10.73,10.8,246356,10.8,-1.10
2017-09-05,10.79,10.96,10.75,10.92,397552,10.92,2.44
2017-09-01,10.67,10.69,10.51,10.66,212452,10.66,0.09
2017-08-31,10.41,10.65,10.41,10.65,258312,10.65,2.60
2017-08-30,10.37,10.43,10.37,10.38,180512,10.38,-0.19
2017-08-29,10.64,10.65,10.36,10.4,350068,10.4,-0.57
2017-08-28,10.25,10.46,10.24,10.46,193164,10.46,3.26
2017-08-25,10.13,10.17,9.88,10.13,240452,10.13,0.60
2017-08-24,10.1,10.1,10.04,10.07,43984,10.07,-0.59
2017-08-23,10.1,10.13,10.07,10.13,31196,10.13,0.80
2017-08-22,10.11,10.11,9.99,10.05,88056,10.05,-0.89
2017-08-21,10.11,10.18,10.1,10.14,149908,10.14,0.70
2017-08-18,10.27,10.29,10.05,10.07,284808,10.07,-0.30
2017-08-17,10.08,10.11,9.99,10.1,52672,10.1,1.00
2017-08-16,9.8,10.03,9.79,10,390528,10,1.52
2017-08-15,9.77,9.88,9.77,9.85,132744,9.85,-1.60
2017-08-14,10,10.07,9.96,10.01,218836,10.01,-1.57
2017-08-11,10.06,10.17,10.04,10.17,248824,10.17,1.09
2017-08-10,10.03,10.1,10.02,10.06,814196,10.06,1.41
2017-08-09,9.88,9.96,9.84,9.92,163872,9.92,2.37
2017-08-08,9.72,9.72,9.56,9.69,59252,9.69,0.62
2017-08-07,9.61,9.68,9.61,9.63,53508,9.63,-0.21
2017-08-04,9.69,9.72,9.56,9.65,255780,9.65,-1.63
2017-08-03,9.76,9.83,9.76,9.81,106124,9.81,0.41
2017-08-02,9.76,9.87,9.76,9.77,156636,9.77,-0.51
2017-08-01,9.81,9.9,9.79,9.82,192296,9.82,-0.10
2017-07-31,9.79,9.84,9.78,9.83,111076,9.83,0.10
2017-07-28,9.74,9.85,9.74,9.82,151824,9.82,1.45
2017-07-27,9.72,9.74,9.6,9.68,85320,9.68,-0.31
2017-07-26,9.45,9.73,9.45,9.71,253480,9.71,1.78
2017-07-25,9.55,9.62,9.53,9.54,163308,9.54,-0.73
2017-07-24,9.63,9.66,9.59,9.61,279220,9.61,0.10
2017-07-21,9.56,9.63,9.53,9.6,208168,9.6,1.80
2017-07-20,9.38,9.49,9.35,9.43,67344,9.43,0.32
2017-07-19,9.42,9.43,9.38,9.4,51312,9.4,-0.11
2017-07-18,9.42,9.45,9.39,9.41,130680,9.41,1.29
2017-07-17,9.32,9.34,9.29,9.29,148756,9.29,0.87
2017-07-14,9.23,9.27,9.2,9.21,215240,9.21,1.66
2017-07-13,9.07,9.08,9.04,9.06,53796,9.06,-0.11
2017-07-12,9.11,9.14,9.07,9.07,119024,9.07,0.33
2017-07-11,8.98,9.06,8.91,9.04,108416,9.04,0.33
2017-07-10,8.96,9.01,8.9,9.01,102648,9.01,0.33
2017-07-07,9.06,9.06,8.91,8.98,132436,8.98,-2.07
2017-07-06,9.19,9.19,9.13,9.17,65304,9.17,-0.11
2017-07-05,9.1,9.2,9.07,9.18,138520,9.18,0.88
2017-07-03,9.17,9.22,9.1,9.1,242124,9.1,-3.40
2017-06-30,9.41,9.47,9.41,9.42,81404,9.42,-0.63
2017-06-29,9.43,9.5,9.38,9.48,160848,9.48,-0.84
2017-06-28,9.56,9.59,9.52,9.56,79932,9.56,0.31
2017-06-27,9.54,9.58,9.49,9.53,67224,9.53,0.63
2017-06-26,9.48,9.49,9.44,9.47,148424,9.47,-1.97
2017-06-23,9.7,9.7,9.63,9.66,121720,9.66,1.15
2017-06-22,9.61,9.61,9.52,9.55,52184,9.55,0.53
2017-06-21,9.46,9.52,9.45,9.5,101012,9.5,0.53
2017-06-20,9.5,9.5,9.44,9.45,69524,9.45,-0.53
2017-06-19,9.56,9.56,9.47,9.5,152488,9.5,-1.35
2017-06-16,9.65,9.66,9.61,9.63,28744,9.63,0.00
2017-06-15,9.61,9.66,9.6,9.63,136484,9.63,-0.93
2017-06-14,9.98,10.05,9.67,9.72,251632,9.72,-1.12
2017-06-13,9.76,9.87,9.73,9.83,42288,9.83,0.20
2017-06-12,9.8,9.87,9.78,9.81,200244,9.81,-0.30
2017-06-09,9.82,9.9,9.81,9.84,157324,9.84,-1.80
2017-06-08,10.07,10.07,9.9,10.02,108316,10.02,-1.38
2017-06-07,10.19,10.26,10.11,10.16,152864,10.16,-0.97
2017-06-06,10.25,10.3,10.22,10.26,213516,10.26,2.09
2017-06-05,10.06,10.09,10.02,10.05,205852,10.05,0.30
2017-06-02,9.96,10.04,9.96,10.02,106172,10.02,1.42
2017-06-01,9.81,9.88,9.77,9.88,57740,9.88,0.10
2017-05-31,9.82,9.95,9.81,9.87,89596,9.87,0.71
2017-05-30,9.82,9.82,9.78,9.8,56696,9.8,-0.61
2017-05-26,9.85,9.9,9.82,9.86,134200,9.86,1.75
2017-05-25,9.7,9.71,9.67,9.69,44728,9.69,-0.31
2017-05-24,9.61,9.72,9.55,9.72,549096,9.72,1.04
2017-05-23,9.79,9.79,9.6,9.62,74568,9.62,-1.54
2017-05-22,9.72,9.81,9.7,9.77,72320,9.77,1.03
2017-05-19,9.67,9.7,9.61,9.67,110452,9.67,0.73
2017-05-18,9.75,9.75,9.53,9.6,323404,9.6,-1.54
2017-05-17,9.7,9.78,9.66,9.75,274836,9.75,3.61
2017-05-16,9.4,9.45,9.36,9.41,131724,9.41,0.86
2017-05-15,9.38,9.4,9.31,9.33,88960,9.33,0.43
2017-05-12,9.33,9.33,9.28,9.29,109992,9.28,0.65
2017-05-11,9.19,9.29,9.17,9.23,626856,9.23,0.87
2017-05-10,9.23,9.23,9.12,9.15,60996,9.15,-0.33
2017-05-09,9.19,9.19,9.06,9.18,284836,9.18,-0.97
2017-05-08,9.32,9.32,9.26,9.27,45280,9.27,-0.32
2017-05-05,9.27,9.31,9.26,9.3,69968,9.3,0.32
2017-05-04,9.25,9.34,9.24,9.27,192572,9.27,-2.01
2017-05-03,9.68,9.68,9.44,9.46,249992,9.46,-2.67
2017-05-02,9.67,9.73,9.67,9.72,130020,9.72,-0.10
2017-05-01,9.82,9.91,9.69,9.73,173432,9.73,-1.82
2017-04-28,9.86,9.91,9.86,9.91,61244,9.91,0.51
2017-04-27,9.87,9.88,9.81,9.86,92724,9.86,-0.80
2017-04-26,9.84,9.95,9.79,9.94,83976,9.94,1.02
2017-04-25,9.89,9.94,9.79,9.84,521672,9.84,-1.99
2017-04-24,9.97,10.05,9.91,10.04,298500,10.04,-1.28
2017-04-21,10.15,10.23,10.1,10.17,139520,10.17,0.49
2017-04-20,10.09,10.15,10.06,10.12,213332,10.12,0.20
2017-04-19,10.19,10.19,10,10.1,236480,10.1,-1.66
2017-04-18,10.19,10.3,10.1,10.27,208880,10.27,0.79
2017-04-17,10.25,10.3,10.13,10.19,379156,10.19,-0.49
2017-04-13,10.24,10.24,10.15,10.24,264132,10.24,0.99
2017-04-12,10.02,10.16,10.01,10.14,266736,10.14,1.40
2017-04-11,9.86,10.04,9.86,10,383836,10,2.88
2017-04-10,9.65,9.75,9.65,9.72,81288,9.72,-0.10
2017-04-07,9.88,9.93,9.67,9.73,296360,9.73,0.31
2017-04-06,9.7,9.72,9.66,9.7,61716,9.7,-0.41
2017-04-05,9.6,9.76,9.48,9.74,176840,9.74,-0.10
2017-04-04,9.76,9.77,9.73,9.75,134076,9.75,0.41
2017-04-03,9.6,9.71,9.6,9.71,117068,9.71,1.04
2017-03-31,9.59,9.66,9.58,9.61,37076,9.61,0.42
2017-03-30,9.62,9.68,9.56,9.57,437512,9.57,-1.54
2017-03-29,9.69,9.73,9.67,9.72,54420,9.72,0.62
2017-03-28,9.78,9.79,9.64,9.66,125648,9.66,-0.82
2017-03-27,9.79,9.84,9.72,9.74,185092,9.74,1.04
2017-03-24,9.58,9.69,9.57,9.64,114272,9.64,0.21
2017-03-23,9.7,9.71,9.57,9.62,106080,9.62,-0.21
2017-03-22,9.65,9.69,9.63,9.64,218472,9.64,0.52
2017-03-21,9.49,9.62,9.49,9.59,163064,9.59,1.59
2017-03-20,9.39,9.45,9.39,9.44,95048,9.44,1.29
2017-03-17,9.35,9.39,9.32,9.32,121204,9.32,0.11
2017-03-16,9.4,9.41,9.31,9.31,214340,9.31,0.76
2017-03-15,8.94,9.24,8.88,9.24,599708,9.24,3.70
2017-03-14,8.98,9.03,8.87,8.91,114980,8.91,-1.22
2017-03-13,9,9.02,8.97,9.02,120296,9.02,0.33
2017-03-10,8.94,9,8.91,8.99,528904,8.99,0.45
2017-03-09,9.03,9.05,8.94,8.95,195080,8.94,-1.21
2017-03-08,9.05,9.1,9.02,9.06,149792,9.06,-1.20
2017-03-07,9.23,9.23,9.13,9.17,285892,9.17,-1.50
2017-03-06,9.4,9.41,9.3,9.31,280468,9.31,-1.48
2017-03-03,9.38,9.48,9.28,9.45,205192,9.45,-0.21
2017-03-02,9.49,9.57,9.4,9.47,363352,9.47,-2.17
2017-03-01,9.5,9.69,9.5,9.68,362196,9.68,-0.10
2017-02-28,9.79,9.83,9.66,9.69,195640,9.69,-0.31
2017-02-27,9.82,9.91,9.71,9.72,462356,9.72,-0.51
2017-02-24,9.8,9.83,9.74,9.77,243436,9.77,0.93
2017-02-23,9.63,9.71,9.63,9.68,392816,9.68,1.68
2017-02-22,9.53,9.53,9.39,9.52,1140880,9.52,0.32
2017-02-21,9.39,9.53,9.35,9.49,107008,9.49,0.00
2017-02-17,9.56,9.6,9.48,9.49,117928,9.49,-0.63
2017-02-16,9.52,9.59,9.51,9.55,136448,9.55,1.06
2017-02-15,9.27,9.45,9.26,9.45,227008,9.44,0.85
2017-02-14,9.45,9.46,9.28,9.37,191088,9.36,0.32
2017-02-13,9.33,9.37,9.24,9.34,308876,9.34,-1.37
2017-02-10,9.32,9.5,9.32,9.47,201316,9.47,0.32
2017-02-09,9.61,9.63,9.41,9.44,482640,9.44,-1.15
2017-02-08,9.55,9.64,9.52,9.55,772900,9.55,0.84
2017-02-07,9.45,9.5,9.42,9.47,891656,9.47,-0.11
2017-02-06,9.4,9.51,9.36,9.48,421184,9.48,2.38
2017-02-03,9.23,9.29,9.19,9.26,343680,9.26,0.54
2017-02-02,9.3,9.32,9.19,9.21,276724,9.21,1.10
2017-02-01,9.04,9.15,8.95,9.11,216324,9.11,-0.44
2017-01-31,9.13,9.21,9.11,9.15,326860,9.15,2.69
2017-01-30,8.88,8.97,8.86,8.91,236952,8.91,0.79
2017-01-27,8.77,8.85,8.75,8.84,335904,8.84,0.23
2017-01-26,8.8,8.85,8.74,8.82,1209592,8.82,-1.78
2017-01-25,8.97,8.98,8.86,8.98,246208,8.98,-1.54
2017-01-24,9.2,9.25,9.07,9.12,151624,9.12,-0.98
2017-01-23,9.17,9.26,9.14,9.21,269684,9.21,1.21
2017-01-20,9.05,9.2,8.99,9.1,268540,9.1,0.44
2017-01-19,8.97,9.08,8.88,9.06,303652,9.06,-0.11
2017-01-18,9.18,9.24,9.02,9.07,457940,9.07,-1.73
2017-01-17,9.23,9.25,9.16,9.23,1267532,9.23,2.78
2017-01-13,8.92,8.99,8.82,8.98,446524,8.98,0.56
2017-01-12,9.05,9.09,8.93,8.93,579940,8.93,0.56
2017-01-11,8.8,8.98,8.66,8.88,187480,8.88,0.79
2017-01-10,8.81,8.88,8.75,8.81,189144,8.81,0.69
2017-01-09,8.71,8.81,8.68,8.75,325040,8.75,1.63
2017-01-06,8.64,8.71,8.59,8.61,392600,8.61,-1.49
2017-01-05,8.7,8.79,8.67,8.74,958216,8.74,2.94
2017-01-04,8.53,8.54,8.45,8.49,694072,8.48,0.95
2017-01-03,8.3,8.52,8.25,8.41,250252,8.41,1.33
2016-12-30,8.41,8.44,8.29,8.3,250808,8.3,-1.07
2016-12-29,8.22,8.42,8.22,8.39,214616,8.39,2.57
2016-12-28,8.13,8.19,8.11,8.18,342000,8.18,0.62
2016-12-27,8.16,8.16,8.09,8.13,160120,8.13,1.12
2016-12-23,8.02,8.07,8.01,8.04,53436,8.03,0.75
2016-12-22,8,8.06,7.98,7.98,112144,7.98,-0.75
2016-12-21,8.07,8.1,8.02,8.04,96580,8.04,0.12
2016-12-20,7.97,8.05,7.95,8.03,151708,8.03,-1.47
2016-12-19,8.13,8.18,8.11,8.15,142356,8.15,1.12
2016-12-16,8.04,8.18,7.99,8.06,220308,8.06,1.13
2016-12-15,8.06,8.06,7.92,7.97,336292,7.97,-2.69
2016-12-14,8.54,8.54,8.14,8.19,313744,8.19,-2.96
2016-12-13,8.48,8.48,8.39,8.44,288452,8.44,-0.71
2016-12-12,8.44,8.54,8.43,8.5,230592,8.5,0.83
2016-12-09,8.57,8.58,8.41,8.43,319048,8.43,-2.20
2016-12-08,8.66,8.66,8.6,8.62,268996,8.62,-0.35
2016-12-07,8.7,8.75,8.65,8.65,1419836,8.65,0.82
2016-12-06,8.66,8.68,8.56,8.58,90616,8.58,-0.23
2016-12-05,8.57,8.67,8.41,8.6,355600,8.6,-1.15
2016-12-02,8.67,8.72,8.65,8.7,159264,8.7,0.93
2016-12-01,8.54,8.66,8.46,8.62,431184,8.62,-0.35
2016-11-30,8.82,8.82,8.62,8.65,556724,8.65,-2.70
2016-11-29,8.82,8.92,8.8,8.89,258044,8.89,-0.89
2016-11-28,8.87,8.97,8.8,8.97,468652,8.97,2.16
2016-11-25,8.91,8.91,8.74,8.78,176196,8.78,-1.24
2016-11-23,9,9,8.8,8.89,1135000,8.89,-4.00
2016-11-22,9.3,9.3,9.16,9.26,127428,9.26,0.00
2016-11-21,9.28,9.32,9.22,9.26,251336,9.26,0.65
2016-11-18,9.26,9.3,9.17,9.2,254936,9.2,-1.81
2016-11-17,9.46,9.53,9.21,9.37,342768,9.37,-0.95
2016-11-16,9.54,9.54,9.44,9.46,107096,9.46,-0.53
2016-11-15,9.42,9.52,9.39,9.51,523268,9.51,1.49
2016-11-14,9.34,9.5,9.15,9.37,1889940,9.37,-1.47
2016-11-11,9.92,9.95,9.38,9.51,1179516,9.51,-4.52
2016-11-10,10.28,10.28,9.89,9.96,964940,9.96,-3.02
2016-11-09,10.77,10.77,10.18,10.27,540268,10.27,-0.19
2016-11-08,10.38,10.51,10.24,10.29,327928,10.28,-0.87
2016-11-07,10.43,10.49,10.33,10.38,744436,10.38,-3.53
2016-11-04,10.8,10.8,10.71,10.76,355904,10.76,0.00
2016-11-03,10.57,10.76,10.57,10.76,975576,10.76,1.22
2016-11-02,10.66,10.82,10.62,10.63,946424,10.63,1.33
2016-11-01,10.52,10.57,10.46,10.49,209164,10.48,1.55
2016-10-31,10.3,10.35,10.23,10.33,197652,10.33,-0.48
2016-10-28,10.23,10.44,10.17,10.38,260932,10.38,1.67
2016-10-27,10.23,10.23,10.15,10.21,101840,10.21,0.59
2016-10-26,10.31,10.31,10.13,10.15,456320,10.15,-1.55
2016-10-25,10.18,10.32,10.17,10.31,258940,10.31,1.78
2016-10-24,10.24,10.25,10.05,10.13,430524,10.13,-0.30
2016-10-21,10.18,10.18,10.12,10.16,354312,10.16,0.00
2016-10-20,10.28,10.29,10.14,10.16,526176,10.16,-0.49
2016-10-19,10.24,10.26,10.18,10.21,270156,10.21,1.09
2016-10-18,10.07,10.12,10,10.1,232716,10.1,1.30
2016-10-17,10.01,10.04,9.96,9.97,143516,9.97,0.40
2016-10-14,9.95,10.05,9.91,9.93,537644,9.93,-1.19
2016-10-13,10.05,10.11,10,10.05,1548164,10.05,0.60
2016-10-12,9.98,10.04,9.93,9.99,56332,9.99,0.40
2016-10-11,10.02,10.06,9.95,9.95,127156,9.95,-1.09
2016-10-10,10.07,10.11,10.04,10.06,70836,10.06,0.70
2016-10-07,10.1,10.13,9.78,9.99,499976,9.99,0.20
2016-10-06,10.01,10.01,9.91,9.97,264628,9.97,-2.06
2016-10-05,10.28,10.31,10.11,10.18,215752,10.18,-0.10
2016-10-04,10.55,10.57,10.19,10.19,446176,10.19,-6.94
2016-10-03,10.98,10.98,10.9,10.95,132476,10.95,-0.45
2016-09-30,11.16,11.16,10.97,11,83464,11,-1.17
2016-09-29,11.06,11.13,11.02,11.13,57744,11.13,0.36
2016-09-28,11.12,11.14,11.03,11.09,59196,11.09,-0.81
2016-09-27,11.25,11.25,11.14,11.18,123052,11.18,-1.50
2016-09-26,11.43,11.47,11.34,11.35,117344,11.35,-0.26
2016-09-23,11.37,11.4,11.34,11.38,83068,11.38,0.18
2016-09-22,11.37,11.47,11.35,11.36,118820,11.36,0.35
2016-09-21,11.16,11.34,11.11,11.32,172836,11.32,3.10
2016-09-20,10.99,11.01,10.95,10.98,80016,10.98,0.09
2016-09-19,10.99,11.06,10.95,10.97,148148,10.97,0.46
2016-09-16,10.87,10.95,10.85,10.92,100312,10.92,-0.55
2016-09-15,11.06,11.09,10.92,10.98,104516,10.98,-1.44
2016-09-14,11.08,11.17,11.08,11.14,78032,11.14,0.91
2016-09-13,11.17,11.21,11,11.04,94052,11.04,-1.52
2016-09-12,11.18,11.27,11.08,11.21,171068,11.21,-0.18
2016-09-09,11.31,11.36,11.23,11.23,129584,11.23,-1.40
2016-09-08,11.46,11.56,11.35,11.39,125540,11.39,-1.04
2016-09-07,11.62,11.62,11.49,11.51,111000,11.51,-0.86
2016-09-06,11.33,11.63,11.33,11.61,294344,11.6,3.85
2016-09-02,11.16,11.2,11.04,11.18,181932,11.18,1.82
2016-09-01,10.86,11.01,10.85,10.98,146812,10.98,0.64
2016-08-31,10.88,10.98,10.88,10.91,72660,10.91,-0.37
2016-08-30,11.05,11.09,10.92,10.95,165872,10.95,-1.79
2016-08-29,11.1,11.18,11.1,11.15,92808,11.15,0.18
2016-08-26,11.26,11.46,11.08,11.13,207748,11.13,-0.09
2016-08-25,11.1,11.16,11.1,11.14,82132,11.14,-0.36
2016-08-24,11.29,11.29,11.17,11.18,191656,11.18,-2.10
2016-08-23,11.48,11.51,11.41,11.42,74808,11.42,0.09
2016-08-22,11.39,11.46,11.38,11.41,91364,11.4,-0.61
2016-08-19,11.5,11.59,11.45,11.48,141068,11.48,-1.63
2016-08-18,11.66,11.69,11.59,11.67,99924,11.67,0.78
2016-08-17,11.53,11.63,11.41,11.58,118572,11.58,0.17
2016-08-16,11.5,11.67,11.5,11.56,121464,11.56,0.96
2016-08-15,11.44,11.52,11.43,11.45,156876,11.45,0.62
2016-08-12,11.64,11.7,11.3,11.38,187768,11.38,-0.26
2016-08-11,11.59,11.7,11.39,11.41,112780,11.41,-1.55
2016-08-10,11.7,11.7,11.52,11.59,107748,11.59,0.96
2016-08-09,11.47,11.53,11.45,11.48,60232,11.48,0.70
2016-08-08,11.35,11.45,11.35,11.4,106260,11.4,-0.09
2016-08-05,11.55,11.59,11.36,11.41,282492,11.41,-3.55
2016-08-04,11.82,11.91,11.82,11.83,136244,11.83,0.34
2016-08-03,11.88,11.88,11.72,11.79,82644,11.79,-1.09
2016-08-02,11.89,11.95,11.86,11.92,168060,11.92,1.71
2016-08-01,11.62,11.74,11.6,11.72,145888,11.72,0.26
2016-07-29,11.58,11.75,11.5,11.69,185560,11.69,2.19
2016-07-28,11.54,11.54,11.37,11.44,126288,11.44,-0.61
2016-07-27,11.31,11.52,11.2,11.51,130876,11.51,3.23
2016-07-26,11.17,11.18,11.12,11.15,53468,11.15,0.90
2016-07-25,11.05,11.17,11.02,11.05,80696,11.05,-1.34
2016-07-22,11.24,11.24,11.16,11.2,48776,11.2,-1.50
2016-07-21,11.06,11.39,11.06,11.37,215600,11.37,2.99
2016-07-20,11.15,11.17,11.03,11.04,298952,11.04,-2.90
2016-07-19,11.31,11.39,11.31,11.37,79660,11.37,0.18
2016-07-18,11.42,11.42,11.28,11.35,162596,11.35,0.35
2016-07-15,11.21,11.36,11.21,11.31,278072,11.31,-0.88
2016-07-14,11.25,11.41,11.19,11.41,201268,11.41,-1.38
2016-07-13,11.6,11.6,11.46,11.57,199424,11.56,1.67
2016-07-12,11.67,11.67,11.33,11.38,280280,11.38,-3.15
2016-07-11,11.8,11.85,11.73,11.75,186504,11.75,-1.67
2016-07-08,11.85,11.98,11.71,11.95,176456,11.95,0.67
2016-07-07,11.87,11.92,11.7,11.87,216556,11.86,-0.67
2016-07-06,12,12.07,11.89,11.95,411336,11.94,1.27
2016-07-05,11.67,11.83,11.59,11.8,334400,11.8,1.72
2016-07-01,11.5,11.6,11.44,11.6,253032,11.6,3.02
2016-06-30,11.17,11.26,11.08,11.26,130584,11.26,0.90
2016-06-29,11.2,11.31,11.13,11.16,168260,11.16,0.81
2016-06-28,11.09,11.18,11.02,11.07,266364,11.07,-2.12
2016-06-27,11.5,11.5,11.17,11.31,469068,11.31,1.16
2016-06-24,11.33,11.33,11,11.18,766424,11.18,9.72
2016-06-23,10.25,10.34,10.17,10.19,232872,10.19,-1.26
2016-06-22,10.29,10.37,10.28,10.32,120008,10.32,0.10
2016-06-21,10.44,10.51,10.29,10.31,322128,10.31,-3.91
2016-06-20,10.58,10.74,10.52,10.73,190220,10.73,-1.20
2016-06-17,10.72,10.9,10.66,10.86,179200,10.86,2.65
2016-06-16,11.06,11.15,10.55,10.58,604148,10.58,-2.13
2016-06-15,10.59,10.84,10.57,10.81,248964,10.81,1.50
2016-06-14,10.69,10.71,10.58,10.65,218548,10.65,0.09
2016-06-13,10.63,10.65,10.54,10.64,212792,10.64,1.62
2016-06-10,10.48,10.53,10.4,10.47,152304,10.47,0.67
2016-06-09,10.32,10.44,10.28,10.4,176816,10.4,1.27
2016-06-08,10.27,10.31,10.22,10.27,150472,10.27,2.80
2016-06-07,9.91,9.99,9.9,9.99,55704,9.99,-0.20
2016-06-06,10.01,10.04,9.92,10.01,123488,10.01,0.20
2016-06-03,9.9,9.99,9.89,9.99,222992,9.99,5.49
2016-06-02,9.5,9.5,9.46,9.47,63992,9.47,-0.42
2016-06-01,9.56,9.56,9.39,9.51,258024,9.51,-0.21
2016-05-31,9.44,9.59,9.44,9.53,82148,9.53,0.74
2016-05-27,9.55,9.58,9.41,9.46,220288,9.46,-1.66
2016-05-26,9.79,9.8,9.58,9.62,73112,9.61,-0.72
2016-05-25,9.61,9.7,9.57,9.69,304708,9.69,-0.51
2016-05-24,9.9,9.93,9.74,9.74,205744,9.74,-3.75
2016-05-23,10,10.12,10,10.12,72516,10.11,-0.20
2016-05-20,10.25,10.25,10.09,10.14,134648,10.14,-0.29
2016-05-19,10.05,10.2,10,10.17,266364,10.17,-0.59
2016-05-18,10.44,10.54,10.18,10.23,162404,10.23,-3.49
2016-05-17,10.51,10.64,10.48,10.6,140368,10.6,0.86
2016-05-16,10.7,10.74,10.43,10.51,206312,10.51,0.19
2016-05-13,10.39,10.52,10.36,10.49,75540,10.49,0.67
2016-05-12,10.54,10.63,10.39,10.42,172556,10.42,-1.14
2016-05-11,10.57,10.6,10.47,10.54,211364,10.54,1.35
2016-05-10,10.37,10.45,10.24,10.4,120992,10.4,0.58
2016-05-09,10.42,10.45,10.32,10.34,330500,10.34,-4.08
2016-05-06,10.75,10.9,10.67,10.78,299104,10.78,1.89
2016-05-05,10.72,10.72,10.45,10.58,192280,10.57,-0.47
2016-05-04,10.72,10.76,10.49,10.63,255400,10.63,-1.12
2016-05-03,10.87,10.89,10.68,10.75,222336,10.75,-0.46
2016-05-02,10.92,10.93,10.77,10.8,292064,10.8,-0.55
2016-04-29,10.61,10.92,10.61,10.86,476032,10.86,3.92
2016-04-28,10.24,10.48,10.21,10.45,228744,10.45,3.77
2016-04-27,10.08,10.14,10.01,10.07,64780,10.07,0.50
2016-04-26,10.06,10.06,9.96,10.02,76268,10.02,0.70
2016-04-25,9.92,10.03,9.92,9.95,150200,9.95,0.51
2016-04-22,10.06,10.07,9.8,9.9,234548,9.9,-2.56
2016-04-21,10.3,10.32,10.1,10.16,113664,10.16,0.89
2016-04-20,10.21,10.26,10.03,10.07,241464,10.07,-1.08
2016-04-19,10.24,10.25,10.17,10.18,200532,10.18,3.25
2016-04-18,10.03,10.03,9.85,9.86,66524,9.86,-0.40
2016-04-15,9.83,9.94,9.79,9.9,173068,9.9,1.54
2016-04-14,9.95,9.96,9.73,9.75,181260,9.75,-2.89
2016-04-13,10.18,10.18,10.02,10.04,181256,10.04,-2.24
2016-04-12,10.33,10.33,10.19,10.27,396032,10.27,0.00
2016-04-11,10.19,10.3,10.17,10.27,241552,10.27,2.60
2016-04-08,9.93,10.05,9.91,10.01,136340,10.01,-0.20
2016-04-07,10,10.07,9.94,10.03,140328,10.03,2.98
2016-04-06,9.71,9.8,9.66,9.74,106452,9.74,-1.22
2016-04-05,9.9,9.9,9.8,9.86,94744,9.86,2.49
2016-04-04,9.68,9.7,9.61,9.62,52548,9.61,-1.33
2016-04-01,9.61,9.75,9.53,9.75,158868,9.75,-1.71
2016-03-31,9.96,10.02,9.86,9.92,107816,9.92,1.22
2016-03-30,9.92,9.94,9.77,9.8,93896,9.8,-2.49
2016-03-29,9.81,10.07,9.79,10.05,120232,10.05,3.61
2016-03-28,9.7,9.73,9.66,9.7,81944,9.7,0.21
2016-03-24,9.7,9.75,9.65,9.68,111732,9.68,-0.10
2016-03-23,9.77,9.78,9.62,9.69,205780,9.69,-4.81
2016-03-22,10.25,10.31,10.11,10.18,93292,10.18,0.89
2016-03-21,10.13,10.16,10.07,10.09,114940,10.09,-1.27
2016-03-18,10.22,10.35,10.18,10.22,133052,10.22,-0.49
2016-03-17,10.5,10.5,10.27,10.27,203572,10.27,-1.15
2016-03-16,9.86,10.41,9.84,10.39,169456,10.39,4.63
2016-03-15,9.9,9.96,9.86,9.93,198092,9.93,-0.10
2016-03-14,10.32,10.33,9.87,9.94,228424,9.94,-2.55
2016-03-11,10.55,10.55,10.19,10.2,126332,10.2,-3.50
2016-03-10,10.38,10.62,10.38,10.57,126044,10.57,3.32
2016-03-09,10.15,10.37,10.1,10.23,187512,10.23,-1.63
2016-03-08,10.63,10.64,10.38,10.4,266092,10.4,-0.95
2016-03-07,10.54,10.56,10.4,10.5,216224,10.5,0.77
2016-03-04,10.5,10.71,10.37,10.42,355912,10.42,-0.38
2016-03-03,10.15,10.52,10.11,10.46,440012,10.46,3.67
2016-03-02,10,10.13,10,10.09,174344,10.09,1.31
2016-03-01,10.15,10.15,9.87,9.96,242524,9.96,-1.48
2016-02-29,9.93,10.11,9.92,10.11,195244,10.1,3.16
2016-02-26,9.86,9.9,9.62,9.8,171508,9.8,-1.90
2016-02-25,9.9,10.11,9.9,9.99,164436,9.99,0.91
2016-02-24,10.15,10.3,9.88,9.9,437300,9.9,0.51
2016-02-23,9.79,9.88,9.75,9.85,179008,9.85,2.71
2016-02-22,9.58,9.68,9.53,9.59,128912,9.59,-3.52
2016-02-19,9.94,10.01,9.82,9.94,294608,9.94,-1.00
2016-02-18,9.52,10.09,9.52,10.04,230772,10.04,4.69
2016-02-17,9.56,9.67,9.46,9.59,223312,9.59,1.59
2016-02-16,9.63,9.7,9.44,9.44,647956,9.44,-6.26
2016-02-12,10.03,10.13,9.98,10.07,281460,10.06,-1.18
2016-02-11,10.15,10.45,9.97,10.19,964772,10.19,7.83
2016-02-10,9.3,9.45,9.16,9.45,175596,9.45,1.61
2016-02-09,9.45,9.47,9.29,9.3,401660,9.3,-0.32
2016-02-08,9.32,9.48,9.26,9.33,455404,9.33,2.75
2016-02-05,8.71,9.13,8.66,9.08,330336,9.08,3.18
2016-02-04,8.82,8.83,8.71,8.8,250956,8.8,1.97
2016-02-03,8.4,8.65,8.4,8.63,129472,8.63,2.49
2016-02-02,8.38,8.44,8.3,8.42,72160,8.42,0.00
2016-02-01,8.36,8.46,8.35,8.42,119992,8.42,2.06
2016-01-29,8.18,8.28,8.15,8.25,65792,8.25,0.61
2016-01-28,8.22,8.25,8.16,8.2,81352,8.2,-1.80
2016-01-27,8.25,8.4,8.21,8.35,74408,8.35,0.60
2016-01-26,8.16,8.36,8.15,8.3,95760,8.3,2.34
2016-01-25,8.09,8.12,8.06,8.11,90548,8.11,2.14
2016-01-22,7.93,8.03,7.91,7.94,70200,7.94,-0.87
2016-01-21,7.92,8.02,7.88,8.01,65536,8.01,0.25
2016-01-20,8.01,8.13,7.96,7.99,281072,7.99,2.44
2016-01-19,7.84,7.86,7.76,7.8,155372,7.8,-0.26
2016-01-15,7.97,7.97,7.79,7.82,173240,7.82,2.09
2016-01-14,7.8,7.83,7.6,7.66,260824,7.66,-3.40
2016-01-13,7.81,7.94,7.79,7.93,147768,7.93,1.02
2016-01-12,7.84,7.88,7.77,7.85,136780,7.85,-0.63
2016-01-11,8.05,8.05,7.89,7.9,171180,7.9,-2.11
2016-01-08,8.06,8.08,7.96,8.07,256724,8.07,-0.62
2016-01-07,8.09,8.15,8,8.12,376964,8.12,2.65
2016-01-06,7.85,7.92,7.8,7.91,143744,7.91,2.73
2016-01-05,7.69,7.72,7.65,7.7,61512,7.7,0.79
2016-01-04,7.69,7.76,7.61,7.64,207908,7.64,2.83
2015-12-31,7.46,7.47,7.42,7.43,89712,7.43,-0.13
2015-12-30,7.46,7.46,7.42,7.44,31856,7.44,-1.46
2015-12-29,7.59,7.59,7.53,7.55,88860,7.55,0.00
2015-12-28,7.59,7.6,7.52,7.55,68440,7.55,-1.44
2015-12-24,7.65,7.67,7.64,7.66,44424,7.66,1.06
2015-12-23,7.6,7.6,7.52,7.58,63232,7.57,-0.39
2015-12-22,7.68,7.7,7.6,7.61,48580,7.61,-1.17
2015-12-21,7.65,7.74,7.65,7.7,160444,7.7,2.67
2015-12-18,7.41,7.56,7.41,7.5,130312,7.5,2.46
2015-12-17,7.34,7.37,7.27,7.32,90384,7.32,-3.94
2015-12-16,7.64,7.69,7.49,7.62,118048,7.62,2.14
2015-12-15,7.51,7.54,7.46,7.46,73368,7.46,-0.27
2015-12-14,7.62,7.64,7.48,7.48,240540,7.48,-2.73
2015-12-11,7.51,7.71,7.51,7.69,154944,7.69,0.79
2015-12-10,7.6,7.65,7.59,7.63,34156,7.63,0.00
2015-12-09,7.76,7.77,7.6,7.63,93340,7.63,-0.39
2015-12-08,7.69,7.69,7.63,7.66,95836,7.66,0.39
2015-12-07,7.74,7.74,7.61,7.63,192840,7.63,-2.80
2015-12-04,7.63,7.86,7.63,7.85,262916,7.84,4.53
2015-12-03,7.43,7.53,7.39,7.51,124152,7.51,2.04
2015-12-02,7.44,7.44,7.32,7.36,141456,7.36,-3.03
2015-12-01,7.61,7.61,7.52,7.59,59108,7.59,0.93
2015-11-30,7.46,7.57,7.46,7.52,82532,7.52,1.08
2015-11-27,7.43,7.46,7.36,7.44,59384,7.44,-2.23
2015-11-25,7.6,7.64,7.6,7.61,35348,7.61,-0.78
2015-11-24,7.74,7.74,7.65,7.67,55180,7.67,1.19
2015-11-23,7.63,7.64,7.57,7.58,106728,7.58,-1.69
2015-11-20,7.79,7.79,7.7,7.71,69804,7.71,-0.77
2015-11-19,7.7,7.84,7.7,7.77,136108,7.77,2.10
2015-11-18,7.59,7.64,7.56,7.61,122536,7.61,0.13
2015-11-17,7.75,7.75,7.55,7.6,350040,7.59,-2.44
2015-11-16,7.85,7.85,7.78,7.79,155976,7.79,0.13
2015-11-13,7.79,7.79,7.77,7.78,62916,7.78,-0.64
2015-11-12,7.72,7.87,7.69,7.83,134432,7.83,0.26
2015-11-11,7.86,7.88,7.81,7.81,46864,7.81,-0.76
2015-11-10,7.87,7.91,7.85,7.87,37252,7.86,-0.63
2015-11-09,7.88,7.93,7.88,7.92,57100,7.92,0.64
2015-11-06,7.88,7.91,7.85,7.87,131724,7.87,-2.84
2015-11-05,8.15,8.17,8.1,8.1,62396,8.1,-0.61
2015-11-04,8.32,8.32,8.14,8.15,147844,8.15,-1.93
2015-11-03,8.42,8.43,8.26,8.31,460788,8.31,-2.81
2015-11-02,8.55,8.6,8.53,8.55,295020,8.55,-1.38
2015-10-30,8.72,8.72,8.65,8.67,87240,8.67,-0.69
2015-10-29,8.81,8.89,8.73,8.73,135984,8.73,-2.13
2015-10-28,9.22,9.31,8.84,8.92,219524,8.92,-1.55
2015-10-27,9.02,9.06,9,9.06,17392,9.06,0.55
2015-10-26,9.08,9.11,9.01,9.01,49448,9.01,-0.22
2015-10-23,9,9.06,8.95,9.03,91420,9.03,-0.33
2015-10-22,9.08,9.15,9.04,9.06,27864,9.06,-0.22
2015-10-21,9.16,9.16,9.04,9.08,69572,9.08,-1.73
2015-10-20,9.19,9.28,9.19,9.24,90800,9.24,1.32
2015-10-19,9.21,9.22,9.1,9.12,141232,9.12,-0.87
2015-10-16,9.31,9.35,9.2,9.2,145500,9.2,-1.39
2015-10-15,9.33,9.44,9.27,9.33,219028,9.33,-0.74
2015-10-14,9.24,9.42,9.2,9.4,453584,9.4,3.30
2015-10-13,9.04,9.11,9.02,9.1,157308,9.1,1.00
2015-10-12,9.08,9.08,8.97,9.01,267536,9.01,0.78
2015-10-09,8.91,8.97,8.86,8.94,178868,8.94,3.00
2015-10-08,8.66,8.81,8.66,8.68,185440,8.68,-1.03
2015-10-07,8.76,8.82,8.72,8.77,59764,8.77,0.00
2015-10-06,8.77,8.82,8.75,8.77,98180,8.77,1.86
2015-10-05,8.67,8.7,8.57,8.61,109652,8.61,-0.46
2015-10-02,8.57,8.68,8.57,8.65,153240,8.65,4.34
2015-10-01,8.31,8.37,8.28,8.29,100024,8.28,-0.24
2015-09-30,8.32,8.34,8.25,8.31,282876,8.31,-2.12
2015-09-29,8.52,8.59,8.48,8.49,55976,8.49,-0.82
2015-09-28,8.54,8.6,8.53,8.56,351296,8.56,-2.73
2015-09-25,8.8,8.82,8.74,8.8,57376,8.8,-1.01
2015-09-24,8.76,8.94,8.76,8.89,216932,8.89,3.98
2015-09-23,8.57,8.6,8.55,8.55,62024,8.55,0.94
2015-09-22,8.44,8.49,8.41,8.47,120644,8.47,-1.40
2015-09-21,8.59,8.61,8.56,8.59,130412,8.59,-0.92
2015-09-18,8.69,8.71,8.63,8.67,118968,8.67,1.05
2015-09-17,8.36,8.6,8.35,8.58,135020,8.58,2.26
2015-09-16,8.31,8.46,8.28,8.39,93896,8.39,2.57
2015-09-15,8.16,8.2,8.15,8.18,27768,8.18,-0.49
2015-09-14,8.15,8.24,8.15,8.22,44324,8.22,0.12
2015-09-11,8.13,8.23,8.08,8.21,78692,8.21,-0.61
2015-09-10,8.29,8.3,8.24,8.26,30016,8.26,0.49
2015-09-09,8.28,8.29,8.12,8.22,130016,8.22,-2.26
2015-09-08,8.43,8.49,8.41,8.41,68488,8.41,-0.36
2015-09-04,8.38,8.44,8.35,8.44,80152,8.44,-0.35
2015-09-03,8.49,8.55,8.44,8.47,158552,8.47,-1.63
2015-09-02,8.67,8.7,8.59,8.61,50468,8.61,-1.15
2015-09-01,8.79,8.8,8.68,8.71,105808,8.71,0.81
2015-08-31,8.53,8.64,8.53,8.64,63780,8.64,0.12
2015-08-28,8.53,8.7,8.53,8.63,292684,8.63,1.77
2015-08-27,8.4,8.53,8.39,8.48,385244,8.48,0.12
2015-08-26,8.46,8.52,8.36,8.47,198880,8.47,-2.76
2015-08-25,8.81,8.85,8.63,8.71,492964,8.71,-2.46
2015-08-24,9.08,9.16,8.8,8.93,545024,8.93,-1.11
2015-08-21,8.99,9.05,8.86,9.03,591480,9.03,1.46
2015-08-20,8.84,8.94,8.79,8.9,398288,8.9,3.37
2015-08-19,8.49,8.63,8.49,8.61,274884,8.61,2.62
2015-08-18,8.33,8.4,8.28,8.39,52016,8.39,-0.12
2015-08-17,8.45,8.45,8.38,8.4,67356,8.4,0.48
2015-08-14,8.41,8.42,8.31,8.36,103192,8.36,0.00
2015-08-13,8.38,8.38,8.33,8.36,96904,8.36,-1.53
2015-08-12,8.4,8.51,8.38,8.49,210876,8.49,2.78
2015-08-11,8.32,8.32,8.19,8.26,100920,8.26,0.98
2015-08-10,8.09,8.27,8.06,8.18,148644,8.18,1.87
2015-08-07,8,8.12,8,8.03,29064,8.03,0.50
2015-08-06,7.92,8.04,7.92,7.99,103768,7.99,1.27
2015-08-05,7.97,7.98,7.88,7.89,83048,7.89,-0.75
2015-08-04,7.99,8.03,7.93,7.95,89208,7.95,0.13
2015-08-03,7.97,8.05,7.92,7.94,135836,7.94,-1.49
2015-07-31,8.01,8.19,8.01,8.06,59700,8.06,1.13
2015-07-30,7.94,8.06,7.9,7.97,112156,7.97,-1.60
2015-07-29,8.07,8.13,8,8.1,91688,8.1,0.25
2015-07-28,8.09,8.12,8.04,8.08,81192,8.08,0.25
2015-07-27,8.07,8.17,8.03,8.06,213668,8.06,-0.86
2015-07-24,7.87,8.16,7.83,8.13,204772,8.13,1.88
2015-07-23,8.09,8.11,7.96,7.98,132260,7.98,-0.99
2015-07-22,7.97,8.09,7.95,8.06,189496,8.06,-0.74
2015-07-21,8.22,8.26,8.11,8.12,269120,8.12,-0.73
2015-07-20,8.32,8.34,8.16,8.18,445436,8.18,-5.43
2015-07-17,8.71,8.75,8.63,8.65,182576,8.65,-1.93
2015-07-16,8.8,8.87,8.8,8.82,142656,8.82,-0.79
2015-07-15,8.91,8.91,8.84,8.89,347312,8.89,-1.22
2015-07-14,9.02,9.02,8.98,9,65504,9,-0.55
2015-07-13,8.97,9.05,8.94,9.05,90744,9.05,-0.77
2015-07-10,9.05,9.14,9.05,9.12,48624,9.12,0.22
2015-07-09,9.15,9.18,9.07,9.1,85768,9.1,0.44
2015-07-08,9.09,9.15,9.06,9.06,73516,9.06,0.55
2015-07-07,9.04,9.04,8.9,9.01,179540,9.01,-2.38
2015-07-06,9.14,9.29,9.14,9.23,66492,9.23,0.65
2015-07-02,9.15,9.18,9.11,9.17,66884,9.17,-0.43
2015-07-01,9.23,9.28,9.19,9.21,34648,9.21,-0.54
2015-06-30,9.26,9.37,9.16,9.26,128268,9.26,-1.49
2015-06-29,9.35,9.4,9.29,9.4,137576,9.4,0.75
2015-06-26,9.26,9.34,9.25,9.33,126900,9.33,0.54
2015-06-25,9.27,9.31,9.27,9.28,48792,9.27,-0.43
2015-06-24,9.28,9.33,9.27,9.32,30180,9.32,-0.43
2015-06-23,9.38,9.4,9.34,9.36,118564,9.35,-1.16
2015-06-22,9.47,9.52,9.46,9.47,149632,9.47,-2.77
2015-06-19,9.75,9.8,9.71,9.74,48448,9.74,-0.10
2015-06-18,9.71,9.81,9.7,9.75,118212,9.75,2.63
2015-06-17,9.38,9.53,9.33,9.5,88752,9.5,0.74
2015-06-16,9.43,9.45,9.36,9.43,85760,9.43,-0.95
2015-06-15,9.45,9.57,9.45,9.52,69280,9.52,1.06
2015-06-12,9.38,9.47,9.38,9.42,37296,9.42,-0.21
2015-06-11,9.39,9.46,9.38,9.44,42740,9.44,-0.74
2015-06-10,9.55,9.58,9.5,9.51,124456,9.51,1.60
2015-06-09,9.42,9.42,9.35,9.36,87968,9.36,0.21
2015-06-08,9.3,9.34,9.25,9.34,52868,9.34,0.86
2015-06-05,9.14,9.29,9.14,9.26,107560,9.26,-1.28
2015-06-04,9.35,9.4,9.31,9.38,117752,9.38,-1.16
2015-06-03,9.62,9.62,9.39,9.49,55972,9.48,-1.56
2015-06-02,9.63,9.65,9.6,9.64,41568,9.64,0.73
2015-06-01,9.73,9.79,9.56,9.57,79892,9.57,-0.21
2015-05-29,9.6,9.63,9.55,9.59,182040,9.59,0.31
2015-05-28,9.51,9.59,9.45,9.56,207672,9.56,0.21
2015-05-27,9.52,9.55,9.52,9.54,16856,9.54,-0.31
2015-05-26,9.56,9.59,9.52,9.57,215192,9.56,-2.74
2015-05-22,9.81,9.89,9.8,9.84,97096,9.84,-0.30
2015-05-21,9.82,9.88,9.81,9.87,51516,9.87,-0.40
2015-05-20,9.9,9.95,9.88,9.91,78036,9.91,0.30
2015-05-19,9.99,10.02,9.86,9.88,62316,9.88,-2.95
2015-05-18,10.23,10.23,10.12,10.18,164504,10.18,-0.10
2015-05-15,10.03,10.21,10,10.19,97196,10.19,0.69
2015-05-14,10.15,10.21,10.1,10.12,172820,10.12,1.20
2015-05-13,9.86,10.07,9.86,10,374368,10,3.73
2015-05-12,9.6,9.67,9.59,9.64,50152,9.64,1.37
2015-05-11,9.59,9.61,9.43,9.51,28080,9.51,-0.83
2015-05-08,9.6,9.62,9.51,9.59,53576,9.59,1.16
2015-05-07,9.53,9.57,9.47,9.48,61348,9.48,-1.46
2015-05-06,9.7,9.7,9.58,9.62,45904,9.62,-0.31
2015-05-05,9.72,9.76,9.65,9.65,42668,9.65,0.63
2015-05-04,9.6,9.65,9.56,9.59,114496,9.59,1.48
2015-05-01,9.32,9.45,9.31,9.45,112744,9.44,-0.42
2015-04-30,9.53,9.56,9.4,9.49,182388,9.48,-3.56
2015-04-29,9.95,9.98,9.79,9.84,118020,9.84,-1.30
2015-04-28,9.78,10.02,9.78,9.97,176764,9.97,1.73
2015-04-27,9.55,9.91,9.55,9.8,279616,9.8,3.81
2015-04-24,9.57,9.57,9.39,9.44,99504,9.44,-2.68
2015-04-23,9.56,9.74,9.56,9.7,66692,9.7,1.46
2015-04-22,9.72,9.74,9.55,9.56,83868,9.56,-2.55
2015-04-21,9.71,9.85,9.71,9.81,36388,9.81,1.03
2015-04-20,9.75,9.75,9.65,9.71,48140,9.71,-1.42
2015-04-17,9.85,9.88,9.82,9.85,25080,9.85,1.03
2015-04-16,9.86,9.89,9.73,9.75,85928,9.75,-0.71
2015-04-15,9.71,9.86,9.69,9.82,73824,9.82,1.55
2015-04-14,9.74,9.74,9.65,9.67,49152,9.67,-1.23
2015-04-13,9.84,9.84,9.73,9.79,78360,9.79,-1.31
2015-04-10,9.93,9.96,9.87,9.92,130180,9.92,2.16
2015-04-09,9.73,9.74,9.68,9.71,61000,9.71,-1.32
2015-04-08,9.97,9.97,9.76,9.84,143052,9.84,-1.40
2015-04-07,10.01,10.04,9.93,9.98,137156,9.98,-0.80
2015-04-06,10.16,10.19,10.04,10.06,158236,10.06,2.44
2015-04-02,9.85,9.86,9.73,9.82,76020,9.82,-0.51
2015-04-01,9.69,9.95,9.69,9.87,154352,9.87,3.46
2015-03-31,9.6,9.65,9.5,9.54,62512,9.53,-0.52
2015-03-30,9.58,9.61,9.53,9.59,119348,9.59,-1.84
2015-03-27,9.83,9.83,9.71,9.77,67596,9.77,-0.91
2015-03-26,9.9,9.92,9.85,9.86,243488,9.86,1.23
2015-03-25,9.79,9.81,9.73,9.74,197684,9.74,0.41
2015-03-24,9.68,9.71,9.58,9.7,103588,9.7,0.31
2015-03-23,9.57,9.68,9.53,9.67,113980,9.67,1.58
2015-03-20,9.43,9.62,9.4,9.52,252496,9.52,2.04
2015-03-19,9.28,9.37,9.24,9.33,134276,9.33,-0.11
2015-03-18,9.01,9.38,9,9.34,93672,9.34,3.89
2015-03-17,8.93,9.14,8.92,8.99,106556,8.99,-1.32
2015-03-16,9.13,9.13,9.01,9.11,117704,9.11,0.11
2015-03-13,9.13,9.18,9.05,9.1,75820,9.1,0.22
2015-03-12,9.16,9.16,9,9.08,117816,9.08,-0.11
2015-03-11,9.16,9.16,9,9.09,273904,9.09,-1.09
2015-03-10,9.29,9.35,9.18,9.19,149212,9.19,-0.97
2015-03-09,9.36,9.39,9.28,9.28,77500,9.28,0.00
2015-03-06,9.49,9.5,9.23,9.28,402768,9.28,-5.40
2015-03-05,9.88,9.99,9.77,9.81,54788,9.81,-0.20
2015-03-04,9.91,9.91,9.81,9.83,53212,9.83,-0.41
2015-03-03,10.05,10.07,9.87,9.87,60608,9.87,-0.40
2015-03-02,10.05,10.07,9.91,9.91,135748,9.91,-1.10
2015-02-27,10.1,10.14,10.02,10.02,177396,10.02,0.30
2015-02-26,10.07,10.07,9.95,9.99,101600,9.98,0.60
2015-02-25,9.94,9.95,9.85,9.93,83984,9.93,1.02
2015-02-24,9.8,9.89,9.69,9.83,340492,9.83,-0.61
2015-02-23,9.81,10.01,9.81,9.89,368640,9.89,0.30
2015-02-20,9.99,10.04,9.81,9.86,104948,9.85,-1.20
2015-02-19,10.05,10.07,9.94,9.98,157064,9.98,-0.50
2015-02-18,9.96,10.05,9.82,10.03,208140,10.03,0.40
2015-02-17,10.04,10.08,9.9,9.99,277152,9.99,-3.10
2015-02-13,10.36,10.43,10.28,10.31,154312,10.31,0.78
2015-02-12,10.27,10.3,10.19,10.23,77884,10.23,0.49
2015-02-11,10.41,10.43,10.16,10.18,225468,10.18,-2.30
2015-02-10,10.43,10.5,10.38,10.42,115508,10.42,-1.23
2015-02-09,10.47,10.55,10.47,10.55,113284,10.55,1.05
2015-02-06,10.54,10.59,10.35,10.44,401228,10.44,-5.18
2015-02-05,10.86,11.01,10.79,11.01,61516,11.01,0.46
2015-02-04,11.01,11.08,10.9,10.96,98188,10.96,0.64
2015-02-03,11.02,11.02,10.79,10.89,225952,10.89,-1.98
2015-02-02,11.01,11.25,11.01,11.11,271680,11.11,-1.51
2015-01-30,10.95,11.29,10.85,11.28,342996,11.28,4.25
2015-01-29,11.06,11.08,10.73,10.82,418132,10.81,-4.42
2015-01-28,11.31,11.39,11.2,11.32,241772,11.32,-1.39
2015-01-27,11.33,11.52,11.33,11.48,539908,11.48,2.14
2015-01-26,11.29,11.3,11.16,11.24,564228,11.24,-2.18
2015-01-23,11.52,11.52,11.32,11.49,245620,11.49,-1.46
2015-01-22,11.63,11.71,11.45,11.66,286868,11.65,1.48
2015-01-21,11.65,11.68,11.34,11.49,326756,11.49,0.17
2015-01-20,11.36,11.53,11.35,11.47,507548,11.47,2.87
2015-01-16,11.03,11.27,11.01,11.15,478748,11.15,2.86
2015-01-15,10.77,11.01,10.77,10.84,418708,10.84,4.73
2015-01-14,10.54,10.59,10.3,10.35,248556,10.35,-0.29
2015-01-13,10.52,10.55,10.34,10.38,240456,10.38,-0.67
2015-01-12,10.26,10.47,10.24,10.45,197140,10.44,2.25
2015-01-09,10.12,10.24,10.11,10.22,156608,10.22,2.20
2015-01-08,10.09,10.15,9.99,10,79000,10,-0.70
2015-01-07,10.08,10.14,10.05,10.07,150660,10.07,-1.27
2015-01-06,10.05,10.28,10,10.2,554208,10.2,2.41
2015-01-05,9.79,10.01,9.79,9.96,109988,9.96,2.89
2015-01-02,9.42,9.77,9.4,9.68,202456,9.68,