time,open,high,low,close,volume,adjClose,changesPercentage
2023-05-22,9.29,9.29,9.29,9.29,0,9.29,0.00
2023-05-19,9.29,9.29,9.29,9.29,0,9.29,0.00
2023-05-18,9.29,9.29,9.29,9.29,100,9.29,16.12
2023-05-17,8,8,8,8,0,8,0.00
2023-05-16,8,8,8,8,0,8,0.00
2023-05-15,8,8,8,8,0,8,0.00
2023-05-12,8,8,8,8,0,8,0.00
2023-05-11,8,8,8,8,0,8,0.00
2023-05-10,8,8,8,8,0,8,0.00
2023-05-09,8,8,8,8,0,8,0.00
2023-05-08,8,8,8,8,0,8,0.00
2023-05-05,8,8,8,8,0,8,0.00
2023-05-04,8,8,8,8,100,8,-10.11
2023-05-03,8.9,8.9,8.9,8.9,0,8.9,0.00
2023-05-02,8.9,8.9,8.9,8.9,0,8.9,0.00
2023-05-01,8.9,8.9,8.9,8.9,0,8.9,0.00
2023-04-28,8.9,8.9,8.9,8.9,0,8.9,0.00
2023-04-27,8.9,8.9,8.9,8.9,0,8.9,0.00
2023-04-26,8.9,8.9,8.9,8.9,0,8.9,0.00
2023-04-25,8.9,8.9,8.9,8.9,0,8.9,0.00
2023-04-24,8.9,8.9,8.9,8.9,0,8.9,0.00
2023-04-21,8.9,8.9,8.9,8.9,0,8.9,0.00
2023-04-20,8.9,8.9,8.9,8.9,0,8.9,0.00
2023-04-19,8.9,8.9,8.9,8.9,0,8.9,0.00
2023-04-18,8.9,8.9,8.9,8.9,0,8.9,0.00
2023-04-17,8.9,8.9,8.9,8.9,0,8.9,0.00
2023-04-14,8.9,8.9,8.9,8.9,0,8.9,0.00
2023-04-13,8.9,8.9,8.9,8.9,0,8.9,0.00
2023-04-12,8.9,8.9,8.9,8.9,0,8.9,0.00
2023-04-11,8.9,8.9,8.9,8.9,0,8.9,0.00
2023-04-10,8.9,8.9,8.9,8.9,0,8.9,0.00
2023-04-06,8.9,8.9,8.9,8.9,0,8.9,0.00
2023-04-05,8.9,8.9,8.9,8.9,0,8.9,0.00
2023-04-04,8.9,8.9,8.9,8.9,0,8.9,0.00
2023-04-03,8.9,8.9,8.9,8.9,0,8.9,0.00
2023-03-31,8.9,8.9,8.9,8.9,1000,8.9,-4.71
2023-03-30,9.34,9.34,9.34,9.34,0,9.34,0.00
2023-03-29,9.34,9.34,9.34,9.34,0,9.34,0.00
2023-03-28,9.34,9.34,9.34,9.34,0,9.34,0.00
2023-03-27,9.34,9.34,9.34,9.34,0,9.34,0.00
2023-03-24,9.34,9.34,9.34,9.34,0,9.34,0.00
2023-03-23,9.34,9.34,9.34,9.34,0,9.34,0.00
2023-03-22,9.34,9.34,9.34,9.34,0,9.34,0.00
2023-03-21,9.1,9.34,9.1,9.34,2939,9.34,4.94
2023-03-20,8.92,9.05,8.55,8.9,16393,8.9,-1.11
2023-03-17,9,9,9,9,100,9,-7.22
2023-03-16,9.7,9.7,9.7,9.7,0,9.7,0.00
2023-03-15,9.81,9.81,9.7,9.7,129983,9.7,-10.68
2023-03-14,10.86,10.86,10.86,10.86,0,10.86,0.00
2023-03-13,10.86,10.86,10.86,10.86,0,10.86,0.00
2023-03-10,10.86,10.86,10.86,10.86,100,10.86,-1.36
2023-03-09,11.01,11.01,11.01,11.01,0,11.01,0.00
2023-03-08,11.01,11.01,11.01,11.01,0,11.01,0.00
2023-03-07,11.01,11.01,11.01,11.01,0,11.01,0.00
2023-03-06,11.01,11.01,11.01,11.01,0,11.01,0.00
2023-03-03,11.01,11.01,11.01,11.01,0,11.01,0.00
2023-03-02,11.01,11.01,11.01,11.01,0,11.01,0.00
2023-03-01,11.01,11.01,11.01,11.01,0,11.01,0.00
2023-02-28,11.01,11.01,11.01,11.01,0,11.01,0.00
2023-02-27,11.01,11.01,11.01,11.01,0,11.01,0.00
2023-02-24,11.01,11.01,11.01,11.01,0,11.01,0.00
2023-02-23,11.01,11.01,11.01,11.01,0,11.01,0.00
2023-02-22,11.01,11.01,11.01,11.01,0,11.01,0.00
2023-02-21,11.01,11.01,11.01,11.01,0,11.01,0.00
2023-02-17,11.01,11.01,11.01,11.01,0,11.01,0.00
2023-02-16,11.01,11.01,11.01,11.01,0,11.01,0.00
2023-02-15,11.01,11.01,11.01,11.01,0,11.01,0.00
2023-02-14,10.98,11.01,10.98,11.01,700,11.01,2.51
2023-02-13,10.74,10.74,10.74,10.74,0,10.74,0.00
2023-02-10,10.74,10.74,10.74,10.74,0,10.74,0.00
2023-02-09,10.74,10.74,10.74,10.74,0,10.74,0.00
2023-02-08,10.74,10.74,10.74,10.74,0,10.74,0.00
2023-02-07,10.74,10.74,10.74,10.74,0,10.74,0.00
2023-02-06,10.74,10.74,10.74,10.74,0,10.74,0.00
2023-02-03,10.74,10.74,10.74,10.74,0,10.74,0.00
2023-02-02,10.74,10.74,10.74,10.74,0,10.74,0.00
2023-02-01,10.74,10.74,10.74,10.74,0,10.74,0.00
2023-01-31,10.74,10.74,10.74,10.74,0,10.74,0.00
2023-01-30,10.74,10.74,10.74,10.74,0,10.74,0.00
2023-01-27,10.74,10.74,10.74,10.74,0,10.74,0.00
2023-01-26,10.74,10.74,10.74,10.74,0,10.74,0.00
2023-01-25,10.74,10.74,10.74,10.74,0,10.74,0.00
2023-01-24,10.74,10.74,10.74,10.74,0,10.74,0.00
2023-01-23,10.74,10.74,10.74,10.74,0,10.74,0.00
2023-01-20,10.74,10.74,10.74,10.74,0,10.74,0.00
2023-01-19,10.74,10.74,10.74,10.74,0,10.74,0.00
2023-01-18,10.74,10.74,10.74,10.74,0,10.74,0.00
2023-01-17,10.74,10.74,10.74,10.74,0,10.74,0.00
2023-01-13,10.74,10.74,10.74,10.74,0,10.74,0.00
2023-01-12,10.74,10.74,10.74,10.74,0,10.74,0.00
2023-01-11,10.74,10.74,10.74,10.74,0,10.74,0.00
2023-01-10,10.74,10.74,10.74,10.74,0,10.74,0.00
2023-01-09,10.74,10.74,10.74,10.74,0,10.74,0.00
2023-01-06,10.74,10.74,10.74,10.74,0,10.74,0.00
2023-01-05,10.74,10.74,10.74,10.74,0,10.74,0.00
2023-01-04,10.72,10.74,10.72,10.74,665,10.74,-2.36
2023-01-03,11,11,11,11,100,11,-5.90
2022-12-30,11.69,11.69,11.69,11.69,0,11.69,0.00
2022-12-29,11.69,11.69,11.69,11.69,0,11.69,0.00
2022-12-28,11.69,11.69,11.69,11.69,0,11.69,0.00
2022-12-27,11.69,11.69,11.69,11.69,0,11.69,0.00
2022-12-23,11.69,11.69,11.69,11.69,0,11.69,0.00
2022-12-22,11.69,11.69,11.69,11.69,100,11.69,-4.42
2022-12-21,12.23,12.23,12.23,12.23,0,12.23,0.00
2022-12-20,12.23,12.23,12.23,12.23,0,12.23,0.00
2022-12-19,12.23,12.23,12.23,12.23,0,12.23,0.00
2022-12-16,12.23,12.23,12.23,12.23,0,12.23,0.00
2022-12-15,12.23,12.23,12.23,12.23,0,12.23,0.00
2022-12-14,12.23,12.23,12.23,12.23,0,12.23,0.00
2022-12-13,12.23,12.23,12.23,12.23,0,12.23,0.00
2022-12-12,12.23,12.23,12.23,12.23,0,12.23,0.00
2022-12-09,12.23,12.23,12.23,12.23,0,12.23,0.00
2022-12-08,12.23,12.23,12.23,12.23,0,12.23,0.00
2022-12-07,12.23,12.23,12.23,12.23,0,12.23,0.00
2022-12-06,12.23,12.23,12.23,12.23,0,12.23,0.00
2022-12-05,12.23,12.23,12.23,12.23,0,12.23,0.00
2022-12-02,12.23,12.23,12.23,12.23,0,12.23,0.00
2022-12-01,12.23,12.23,12.23,12.23,0,12.23,0.00
2022-11-30,12.23,12.23,12.23,12.23,0,12.23,0.00
2022-11-29,12.23,12.23,12.23,12.23,0,12.23,0.00
2022-11-28,12.23,12.23,12.23,12.23,0,12.23,0.00
2022-11-25,12.23,12.23,12.23,12.23,0,12.23,0.00
2022-11-23,12.23,12.23,12.23,12.23,0,12.23,0.00
2022-11-22,12.23,12.23,12.23,12.23,0,12.23,0.00
2022-11-21,12.23,12.23,12.23,12.23,0,12.23,0.00
2022-11-18,12.23,12.23,12.23,12.23,0,12.23,0.00
2022-11-17,12.23,12.23,12.23,12.23,0,12.23,0.00
2022-11-16,12.23,12.23,12.23,12.23,0,12.23,0.00
2022-11-15,12.23,12.23,12.23,12.23,0,12.23,0.00
2022-11-14,12.23,12.23,12.23,12.23,101,12.23,-2.08
2022-11-11,12.49,12.49,12.49,12.49,226,12.49,-3.92
2022-11-10,13,13,13,13,100,13,-17.46
2022-11-09,15.75,15.75,15.75,15.75,0,15.75,0.00
2022-11-08,15.75,15.75,15.75,15.75,0,15.75,0.00
2022-11-07,15.75,15.75,15.75,15.75,0,15.75,0.00
2022-11-04,15.75,15.75,15.75,15.75,0,15.75,0.00
2022-11-03,15.75,15.75,15.75,15.75,0,15.75,0.00
2022-11-02,15.75,15.75,15.75,15.75,0,15.75,0.00
2022-11-01,15.75,15.75,15.75,15.75,0,15.75,0.00
2022-10-31,15.75,15.75,15.75,15.75,150,15.75,-0.94
2022-10-28,15.9,15.9,15.9,15.9,0,15.9,0.00
2022-10-27,15.9,15.9,15.9,15.9,0,15.9,0.00
2022-10-26,15.9,15.9,15.9,15.9,0,15.9,0.00
2022-10-25,15.9,15.9,15.9,15.9,0,15.9,0.00
2022-10-24,15.9,15.9,15.9,15.9,0,15.9,0.00
2022-10-21,15.9,15.9,15.9,15.9,0,15.9,0.00
2022-10-20,15.9,15.9,15.9,15.9,0,15.9,0.00
2022-10-19,15.9,15.9,15.9,15.9,200,15.9,6.85
2022-10-18,14.88,14.88,14.88,14.88,0,14.88,0.00
2022-10-17,14.88,14.88,14.88,14.88,100,14.88,-4.00
2022-10-14,15.5,15.5,15.5,15.5,5073,15.5,4.03
2022-10-13,15.4,15.4,14.9,14.9,1260,14.9,1.29
2022-10-12,14.71,14.71,14.71,14.71,100,14.71,9.61
2022-10-11,13.42,13.42,13.42,13.42,0,13.42,0.00
2022-10-10,13.42,13.42,13.42,13.42,0,13.42,0.00
2022-10-07,13.42,13.42,13.42,13.42,0,13.42,0.00
2022-10-06,13.42,13.42,13.42,13.42,0,13.42,0.00
2022-10-05,13.42,13.42,13.42,13.42,0,13.42,0.00
2022-10-04,13.38,13.44,13.37,13.42,15700,13.42,-9.20
2022-10-03,14.86,14.86,14.78,14.78,15058,14.78,-1.92
2022-09-30,15.07,15.07,15.07,15.07,0,15.07,0.00
2022-09-29,15.07,15.07,15.07,15.07,0,15.07,0.00
2022-09-28,15.07,15.07,15.07,15.07,400,15.07,-6.11
2022-09-27,15.83,16.05,15.83,16.05,681,16.05,15.80
2022-09-26,13.86,13.86,13.86,13.86,0,13.86,0.00
2022-09-23,13.86,13.86,13.86,13.86,0,13.86,0.00
2022-09-22,13.86,13.86,13.86,13.86,0,13.86,0.00
2022-09-21,13.86,13.86,13.86,13.86,0,13.86,0.00
2022-09-20,13.86,13.86,13.86,13.86,0,13.86,0.00
2022-09-19,13.86,13.86,13.86,13.86,0,13.86,0.00
2022-09-16,13.86,13.86,13.86,13.86,0,13.86,0.00
2022-09-15,13.86,13.86,13.86,13.86,0,13.86,0.00
2022-09-14,13.86,13.86,13.86,13.86,0,13.86,0.00
2022-09-13,13.86,13.86,13.86,13.86,0,13.86,0.00
2022-09-12,13.86,13.86,13.86,13.86,0,13.86,0.00
2022-09-09,13.86,13.86,13.86,13.86,0,13.86,0.00
2022-09-08,13.86,13.86,13.86,13.86,0,13.86,0.00
2022-09-07,13.86,13.86,13.86,13.86,0,13.86,0.00
2022-09-06,13.86,13.86,13.86,13.86,0,13.86,0.00
2022-09-02,13.86,13.86,13.86,13.86,0,13.86,0.00
2022-09-01,13.86,13.86,13.86,13.86,0,13.86,0.00
2022-08-31,13.86,13.86,13.86,13.86,100,13.86,2.29
2022-08-30,13.55,13.55,13.55,13.55,0,13.55,0.00
2022-08-29,13.55,13.55,13.55,13.55,0,13.55,0.00
2022-08-26,13.55,13.55,13.55,13.55,0,13.55,0.00
2022-08-25,13.55,13.55,13.55,13.55,0,13.55,0.00
2022-08-24,13.55,13.55,13.55,13.55,0,13.55,0.00
2022-08-23,13.55,13.55,13.55,13.55,0,13.55,0.00
2022-08-22,13.55,13.55,13.55,13.55,0,13.55,0.00
2022-08-19,13.55,13.55,13.55,13.55,0,13.55,0.00
2022-08-18,13.55,13.55,13.55,13.55,0,13.55,0.00
2022-08-17,13.55,13.55,13.55,13.55,0,13.55,0.00
2022-08-16,13.55,13.55,13.55,13.55,0,13.55,0.00
2022-08-15,13.55,13.55,13.55,13.55,0,13.55,0.00
2022-08-12,13.55,13.55,13.55,13.55,0,13.55,0.00
2022-08-11,13.55,13.55,13.55,13.55,0,13.55,0.00
2022-08-10,13.55,13.55,13.55,13.55,0,13.55,0.00
2022-08-09,13.55,13.55,13.55,13.55,0,13.55,0.00
2022-08-08,13.55,13.55,13.55,13.55,0,13.55,0.00
2022-08-05,13.55,13.55,13.55,13.55,0,13.55,0.00
2022-08-04,13.55,13.55,13.55,13.55,0,13.55,0.00
2022-08-03,13.55,13.55,13.55,13.55,0,13.55,0.00
2022-08-02,13.55,13.55,13.55,13.55,0,13.55,0.00
2022-08-01,13.55,13.55,13.55,13.55,0,13.55,0.00
2022-07-29,13.55,13.55,13.55,13.55,0,13.55,0.00
2022-07-28,13.55,13.55,13.55,13.55,0,13.55,0.00
2022-07-27,13.55,13.55,13.55,13.55,0,13.55,0.00
2022-07-26,13.55,13.55,13.55,13.55,0,13.55,0.00
2022-07-25,13.55,13.55,13.55,13.55,0,13.55,0.00
2022-07-22,13.24,13.55,13.17,13.55,2508,13.55,-1.60
2022-07-21,13.77,13.77,13.77,13.77,157,13.77,-1.64
2022-07-20,14,14,14,14,0,14,0.00
2022-07-19,14,14,14,14,0,14,0.00
2022-07-18,14,14,14,14,0,14,0.00
2022-07-15,14,14,14,14,200,14,0.00
2022-07-14,14,14,14,14,200,14,22.27
2022-07-13,11.45,11.45,11.45,11.45,0,11.45,0.00
2022-07-12,11.45,11.45,11.45,11.45,0,11.45,0.00
2022-07-11,11.45,11.45,11.45,11.45,0,11.45,0.00
2022-07-08,11.45,11.45,11.45,11.45,0,11.45,0.00
2022-07-07,11.45,11.45,11.45,11.45,0,11.45,0.00
2022-07-06,11.45,11.45,11.45,11.45,0,11.45,0.00
2022-07-05,11.45,11.45,11.45,11.45,0,11.45,0.00
2022-07-01,11.45,11.45,11.45,11.45,0,11.45,0.00
2022-06-30,11.45,11.45,11.45,11.45,0,11.45,0.00
2022-06-29,11.45,11.45,11.45,11.45,0,11.45,0.00
2022-06-28,11.45,11.45,11.45,11.45,555,11.45,-1.63
2022-06-27,11.64,11.64,11.64,11.64,0,11.64,0.00
2022-06-24,11.64,11.64,11.64,11.64,0,11.64,0.00
2022-06-23,11.64,11.64,11.64,11.64,0,11.64,0.00
2022-06-22,11.64,11.64,11.64,11.64,0,11.64,0.00
2022-06-21,11.64,11.64,11.64,11.64,0,11.64,0.00
2022-06-17,11.64,11.64,11.64,11.64,0,11.64,0.00
2022-06-16,11.64,11.64,11.64,11.64,0,11.64,0.00
2022-06-15,11.64,11.64,11.64,11.64,0,11.64,0.00
2022-06-14,11.52,11.64,11.52,11.64,1020,11.64,6.79
2022-06-13,10.9,10.9,10.9,10.9,0,10.9,0.00
2022-06-10,10.9,10.9,10.9,10.9,0,10.9,0.00
2022-06-09,10.9,10.9,10.9,10.9,0,10.9,0.00
2022-06-08,10.9,10.9,10.9,10.9,0,10.9,0.00
2022-06-07,10.9,10.9,10.9,10.9,500,10.9,-0.91
2022-06-06,11,11,11,11,0,11,0.00
2022-06-03,11,11,11,11,0,11,0.00
2022-06-02,11,11,11,11,0,11,0.00
2022-06-01,11,11,11,11,0,11,0.00
2022-05-31,11,11,11,11,0,11,0.00
2022-05-27,11,11,11,11,0,11,0.00
2022-05-26,11,11,11,11,0,11,0.00
2022-05-25,11,11,11,11,0,11,0.00
2022-05-24,11,11,11,11,0,11,0.00
2022-05-23,10.99,11,10.99,11,1265,11,-2.74
2022-05-20,11.31,11.31,11.31,11.31,0,11.31,0.00
2022-05-19,11.31,11.31,11.31,11.31,141,11.31,3.19
2022-05-18,10.96,10.96,10.96,10.96,0,10.97,0.00
2022-05-17,10.96,10.96,10.96,10.96,0,10.97,0.00
2022-05-16,10.96,10.96,10.96,10.96,0,10.97,0.00
2022-05-13,10.96,10.96,10.96,10.96,0,10.97,0.00
2022-05-12,10.96,10.96,10.96,10.96,0,10.97,0.00
2022-05-11,10.98,10.99,10.96,10.96,600,10.97,-0.36
2022-05-10,11,11,11,11,1800,11,1.66
2022-05-09,10.82,10.82,10.82,10.82,0,10.82,0.00
2022-05-06,10.82,10.82,10.82,10.82,0,10.82,0.00
2022-05-05,10.82,10.82,10.82,10.82,0,10.82,0.00
2022-05-04,10.82,10.82,10.82,10.82,0,10.82,0.00
2022-05-03,10.82,10.82,10.82,10.82,0,10.82,0.00
2022-05-02,10.82,10.82,10.82,10.82,130,10.82,7.88
2022-04-29,10.03,10.03,10.03,10.03,500,10.03,-2.72
2022-04-28,10.31,10.31,10.31,10.31,429,10.31,35.84
2022-04-27,7.59,7.59,7.59,7.59,0,7.59,0.00
2022-04-26,7.59,7.59,7.59,7.59,0,7.59,0.00
2022-04-25,7.59,7.59,7.59,7.59,0,7.59,0.00
2022-04-22,7.59,7.59,7.59,7.59,0,7.59,0.00
2022-04-21,7.59,7.59,7.59,7.59,0,7.59,0.00
2022-04-20,7.59,7.59,7.59,7.59,0,7.59,0.00
2022-04-19,7.59,7.59,7.59,7.59,0,7.59,0.00
2022-04-18,7.59,7.59,7.59,7.59,115,7.59,6.75
2022-04-14,7.11,7.11,7.11,7.11,0,7.11,0.00
2022-04-13,7.11,7.11,7.11,7.11,0,7.11,0.00
2022-04-12,7.11,7.11,7.11,7.11,0,7.11,0.00
2022-04-11,7.11,7.11,7.11,7.11,0,7.11,0.00
2022-04-08,7.11,7.11,7.11,7.11,0,7.11,0.00
2022-04-07,7.11,7.11,7.11,7.11,500,7.11,-18.28
2022-04-06,8.7,8.7,8.7,8.7,0,8.7,0.00
2022-04-05,8.7,8.7,8.7,8.7,0,8.7,0.00
2022-04-04,8.7,8.7,8.7,8.7,0,8.7,0.00
2022-04-01,8.7,8.7,8.7,8.7,0,8.7,0.00
2022-03-31,8.7,8.7,8.7,8.7,0,8.7,0.00
2022-03-30,8.7,8.7,8.7,8.7,0,8.7,0.00
2022-03-29,8.7,8.7,8.7,8.7,0,8.7,0.00
2022-03-28,8.7,8.7,8.7,8.7,0,8.7,0.00
2022-03-25,8.7,8.7,8.7,8.7,0,8.7,0.00
2022-03-24,8.7,8.7,8.7,8.7,0,8.7,0.00
2022-03-23,8.7,8.7,8.7,8.7,500,8.7,-16.35
2022-03-22,10.4,10.4,10.4,10.4,0,10.4,0.00
2022-03-21,10.4,10.4,10.4,10.4,0,10.4,0.00
2022-03-18,10.4,10.4,10.4,10.4,0,10.4,0.00
2022-03-17,10.4,10.4,10.4,10.4,0,10.4,0.00
2022-03-16,10.4,10.4,10.4,10.4,200,10.4,30.00
2022-03-15,8,8,8,8,0,8,0.00
2022-03-14,8,8,8,8,0,8,0.00
2022-03-11,8,8,8,8,0,8,0.00
2022-03-10,8,8,8,8,0,8,0.00
2022-03-09,8,8,8,8,125,8,0.00
2022-03-08,9,9,8,8,300,8,-25.02
2022-03-07,10.67,10.67,10.67,10.67,0,10.67,0.00
2022-03-04,10.67,10.67,10.67,10.67,0,10.67,0.00
2022-03-03,10.67,10.67,10.67,10.67,0,10.67,0.00
2022-03-02,10.67,10.67,10.67,10.67,0,10.67,0.00
2022-03-01,10.67,10.67,10.67,10.67,0,10.67,0.00
2022-02-28,10.67,10.67,10.67,10.67,0,10.67,0.00
2022-02-25,10.67,10.67,10.67,10.67,2548,10.67,5.54
2022-02-24,10.11,10.11,10.11,10.11,100,10.11,-7.67
2022-02-23,10.95,10.95,10.95,10.95,0,10.95,0.00
2022-02-22,10.95,10.95,10.95,10.95,0,10.95,0.00
2022-02-18,10.95,10.95,10.95,10.95,0,10.95,0.00
2022-02-17,11,11,10.95,10.95,300,10.95,-9.58
2022-02-16,12.11,12.11,12.11,12.11,0,12.11,0.00
2022-02-15,12.11,12.11,12.11,12.11,0,12.11,0.00
2022-02-14,12.11,12.11,12.11,12.11,0,12.11,0.00
2022-02-11,12.11,12.11,12.11,12.11,0,12.11,0.00
2022-02-10,12.11,12.11,12.11,12.11,0,12.11,0.00
2022-02-09,12.11,12.11,12.11,12.11,0,12.11,0.00
2022-02-08,12.11,12.11,12.11,12.11,0,12.11,0.00
2022-02-07,12.11,12.11,12.11,12.11,100,12.11,3.77
2022-02-04,11.67,11.67,11.67,11.67,0,11.67,0.00
2022-02-03,11.67,11.67,11.67,11.67,0,11.67,0.00
2022-02-02,11.67,11.67,11.67,11.67,0,11.67,0.00
2022-02-01,11.67,11.67,11.67,11.67,0,11.67,0.00
2022-01-31,11.67,11.67,11.67,11.67,0,11.67,0.00
2022-01-28,11.67,11.67,11.67,11.67,0,11.67,0.00
2022-01-27,11.67,11.67,11.67,11.67,0,11.67,0.00
2022-01-26,11.67,11.67,11.67,11.67,0,11.67,0.00
2022-01-25,11.67,11.67,11.67,11.67,0,11.67,0.00
2022-01-24,11.67,11.67,11.67,11.67,0,11.67,0.00
2022-01-21,11.67,11.67,11.67,11.67,0,11.67,0.00
2022-01-20,11.67,11.67,11.67,11.67,0,11.67,0.00
2022-01-19,11.67,11.67,11.67,11.67,100,11.67,-4.27
2022-01-18,12.19,12.19,12.19,12.19,0,12.19,-19.64
2022-01-14,15.17,15.17,15.17,15.17,0,15.17,0.00
2022-01-13,15.17,15.17,15.17,15.17,0,15.17,0.00
2022-01-12,15.17,15.17,15.17,15.17,0,15.17,0.00
2022-01-11,15.17,15.17,15.17,15.17,0,15.17,0.00
2022-01-10,15.17,15.17,15.17,15.17,0,15.17,0.00
2022-01-07,15.17,15.17,15.17,15.17,0,15.17,0.00
2022-01-06,15.17,15.17,15.17,15.17,0,15.17,0.00
2022-01-05,15.17,15.17,15.17,15.17,0,15.17,0.00
2022-01-04,15.17,15.17,15.17,15.17,0,15.17,0.00
2022-01-03,15.17,15.17,15.17,15.17,0,15.17,0.00
2021-12-31,15.17,15.17,15.17,15.17,0,15.17,0.00
2021-12-30,15.17,15.17,15.17,15.17,0,15.17,0.00
2021-12-29,15.17,15.17,15.17,15.17,0,15.17,0.00
2021-12-28,15.17,15.17,15.17,15.17,0,15.17,0.00
2021-12-27,15.17,15.17,15.17,15.17,0,15.17,0.00
2021-12-23,15.17,15.17,15.17,15.17,0,15.17,0.00
2021-12-22,15.17,15.17,15.17,15.17,0,15.17,0.00
2021-12-21,15.17,15.17,15.17,15.17,0,15.17,0.00
2021-12-20,15.17,15.17,15.17,15.17,0,15.17,0.00
2021-12-17,15.17,15.17,15.17,15.17,0,15.17,0.00
2021-12-16,15.17,15.17,15.17,15.17,0,15.17,0.00
2021-12-15,15.17,15.17,15.17,15.17,0,15.17,0.00
2021-12-14,15.17,15.17,15.17,15.17,0,15.17,0.00
2021-12-13,15.17,15.17,15.17,15.17,0,15.17,0.00
2021-12-10,15.17,15.17,15.17,15.17,0,15.17,0.00
2021-12-09,15.17,15.17,15.17,15.17,0,15.17,0.00
2021-12-08,15.17,15.17,15.17,15.17,0,15.17,0.00
2021-12-07,15.17,15.17,15.17,15.17,0,15.17,0.00
2021-12-06,15.17,15.17,15.17,15.17,0,15.17,0.00
2021-12-03,15.17,15.17,15.17,15.17,0,15.17,0.00
2021-12-02,15.17,15.17,15.17,15.17,0,15.17,0.00
2021-12-01,15.17,15.17,15.17,15.17,0,15.17,0.00
2021-11-30,15.17,15.17,15.17,15.17,0,15.17,0.00
2021-11-29,15.17,15.17,15.17,15.17,0,15.17,0.00
2021-11-26,15.17,15.17,15.17,15.17,0,15.17,0.00
2021-11-24,15.17,15.17,15.17,15.17,0,15.17,0.00
2021-11-23,15.17,15.17,15.17,15.17,0,15.17,0.00
2021-11-22,15.17,15.17,15.17,15.17,0,15.17,0.00
2021-11-19,15.17,15.17,15.17,15.17,0,15.17,0.00
2021-11-18,15.17,15.17,15.17,15.17,0,15.17,0.00
2021-11-17,15.17,15.17,15.17,15.17,0,15.17,0.00
2021-11-16,15.17,15.17,15.17,15.17,0,15.17,0.00
2021-11-15,15.17,15.17,15.17,15.17,0,15.17,0.00
2021-11-12,15.17,15.17,15.17,15.17,0,15.17,0.00
2021-11-11,15.17,15.17,15.17,15.17,0,15.17,0.00
2021-11-10,15.17,15.17,15.17,15.17,0,15.17,0.00
2021-11-09,15.17,15.17,15.17,15.17,0,15.17,0.00
2021-11-08,15.17,15.17,15.17,15.17,0,15.17,0.00
2021-11-05,15.17,15.17,15.17,15.17,0,15.17,0.00
2021-11-04,15.17,15.17,15.17,15.17,0,15.17,0.00
2021-11-03,15.17,15.17,15.17,15.17,0,15.17,0.00
2021-11-02,15.17,15.17,15.17,15.17,0,15.17,0.00
2021-11-01,15.17,15.17,15.17,15.17,0,15.17,0.00
2021-10-29,15.17,15.17,15.17,15.17,0,15.17,0.00
2021-10-28,15.17,15.17,15.17,15.17,0,15.17,0.00
2021-10-27,15.17,15.17,15.17,15.17,0,15.17,0.00
2021-10-26,15.17,15.17,15.17,15.17,0,15.17,0.00
2021-10-25,15.17,15.17,15.17,15.17,0,15.17,0.00
2021-10-22,15.17,15.17,15.17,15.17,0,15.17,0.00
2021-10-21,15.17,15.17,15.17,15.17,0,15.17,0.00
2021-10-20,15.17,15.17,15.17,15.17,0,15.17,0.00
2021-10-19,15.17,15.17,15.17,15.17,0,15.17,0.00
2021-10-18,15.17,15.17,15.17,15.17,0,15.17,0.00
2021-10-15,15.17,15.17,15.17,15.17,0,15.17,0.00
2021-10-14,15.17,15.17,15.17,15.17,0,15.17,0.00
2021-10-13,15.17,15.17,15.17,15.17,0,15.17,0.00
2021-10-12,15.17,15.17,15.17,15.17,0,15.17,0.00
2021-10-11,15.17,15.17,15.17,15.17,0,15.17,0.00
2021-10-08,15.17,15.17,15.17,15.17,0,15.17,0.00
2021-10-07,15.17,15.17,15.17,15.17,0,15.17,0.00
2021-10-06,15.17,15.17,15.17,15.17,0,15.17,0.00
2021-10-05,15.17,15.17,15.17,15.17,0,15.17,0.00
2021-10-04,15.17,15.17,15.17,15.17,0,15.17,0.00
2021-10-01,15.17,15.17,15.17,15.17,0,15.17,0.00
2021-09-30,15.17,15.17,15.17,15.17,0,15.17,0.00
2021-09-29,15.17,15.17,15.17,15.17,0,15.17,0.00
2021-09-28,15.17,15.17,15.17,15.17,0,15.17,0.00
2021-09-27,15.17,15.17,15.17,15.17,0,15.17,0.00
2021-09-24,15.17,15.17,15.17,15.17,0,15.17,0.00
2021-09-23,15.17,15.17,15.17,15.17,0,15.17,0.00
2021-09-22,15.17,15.17,15.17,15.17,0,15.17,0.00
2021-09-21,15.17,15.17,15.17,15.17,0,15.17,0.00
2021-09-20,15.17,15.17,15.17,15.17,0,15.17,0.00
2021-09-17,15.17,15.17,15.17,15.17,0,15.17,0.00
2021-09-16,15.17,15.17,15.17,15.17,0,15.17,0.00
2021-09-15,15.17,15.17,15.17,15.17,0,15.17,0.00
2021-09-14,15.17,15.17,15.17,15.17,0,15.17,0.00
2021-09-13,15.17,15.17,15.17,15.17,0,15.17,0.00
2021-09-10,15.17,15.17,15.17,15.17,0,15.17,0.00
2021-09-09,15.17,15.17,15.17,15.17,0,15.17,0.00
2021-09-08,15.17,15.17,15.17,15.17,0,15.17,0.00
2021-09-07,15.17,15.17,15.17,15.17,0,15.17,0.00
2021-09-03,15.17,15.17,15.17,15.17,0,15.17,0.00
2021-09-02,15.17,15.17,15.17,15.17,0,15.17,0.00
2021-09-01,15.17,15.17,15.17,15.17,0,15.17,0.00
2021-08-31,15.17,15.17,15.17,15.17,0,15.17,0.00
2021-08-30,15.17,15.17,15.17,15.17,0,15.17,0.00
2021-08-27,15.17,15.17,15.17,15.17,0,15.17,0.00
2021-08-26,15.17,15.17,15.17,15.17,0,15.17,0.00
2021-08-25,15.17,15.17,15.17,15.17,0,15.17,0.00
2021-08-24,15.17,15.17,15.17,15.17,0,15.17,0.00
2021-08-23,15.17,15.17,15.17,15.17,0,15.17,0.00
2021-08-20,15.17,15.17,15.17,15.17,0,15.17,0.00
2021-08-19,15.17,15.17,15.17,15.17,0,15.17,0.00
2021-08-18,15.17,15.17,15.17,15.17,0,15.17,0.00
2021-08-17,15.17,15.17,15.17,15.17,0,15.17,0.00
2021-08-16,15.17,15.17,15.17,15.17,0,15.17,0.00
2021-08-13,15.17,15.17,15.17,15.17,0,15.17,0.00
2021-08-12,15.17,15.17,15.17,15.17,0,15.17,0.00
2021-08-11,15.17,15.17,15.17,15.17,0,15.17,0.00
2021-08-10,15.17,15.17,15.17,15.17,0,15.17,0.00
2021-08-09,15.17,15.17,15.17,15.17,0,15.17,0.00
2021-08-06,15.17,15.17,15.17,15.17,0,15.17,0.00
2021-08-05,15.17,15.17,15.17,15.17,0,15.17,0.00
2021-08-04,15.17,15.17,15.17,15.17,0,15.17,0.00
2021-08-03,15.17,15.17,15.17,15.17,0,15.17,0.00
2021-08-02,15.17,15.17,15.17,15.17,0,15.17,0.00
2021-07-30,15.17,15.17,15.17,15.17,0,15.17,0.00
2021-07-29,15.17,15.17,15.17,15.17,0,15.17,0.00
2021-07-28,15.17,15.17,15.17,15.17,0,15.17,0.00
2021-07-27,15.17,15.17,15.17,15.17,0,15.17,0.00
2021-07-26,15.17,15.17,15.17,15.17,0,15.17,0.00
2021-07-23,15.17,15.17,15.17,15.17,0,15.17,0.00
2021-07-22,15.17,15.17,15.17,15.17,0,15.17,0.00
2021-07-21,15.17,15.17,15.17,15.17,0,15.17,0.00
2021-07-20,15.17,15.17,15.17,15.17,0,15.17,0.00
2021-07-19,15.17,15.17,15.17,15.17,0,15.17,0.00
2021-07-16,15.17,15.17,15.17,15.17,0,15.17,0.00
2021-07-15,15.17,15.17,15.17,15.17,0,15.17,0.00
2021-07-14,15.17,15.17,15.17,15.17,0,15.17,0.00
2021-07-13,15.17,15.17,15.17,15.17,0,15.17,0.00
2021-07-12,15.17,15.17,15.17,15.17,0,15.17,0.00
2021-07-09,15.17,15.17,15.17,15.17,0,15.17,0.00
2021-07-08,15.17,15.17,15.17,15.17,0,15.17,0.00
2021-07-07,15.17,15.17,15.17,15.17,0,15.17,0.00
2021-07-06,15.17,15.17,15.17,15.17,0,15.17,0.00
2021-07-02,15.17,15.17,15.17,15.17,0,15.17,0.00
2021-07-01,15.17,15.17,15.17,15.17,0,15.17,0.00
2021-06-30,15.17,15.17,15.17,15.17,0,15.17,0.00
2021-06-29,15.17,15.17,15.17,15.17,0,15.17,0.00
2021-06-28,15.17,15.17,15.17,15.17,0,15.17,0.00
2021-06-25,15.17,15.17,15.17,15.17,0,15.17,0.00
2021-06-24,15.17,15.17,15.17,15.17,0,15.17,0.00
2021-06-23,15.17,15.17,15.17,15.17,0,15.17,0.00
2021-06-22,15.17,15.17,15.17,15.17,0,15.17,0.00
2021-06-21,15.17,15.17,15.17,15.17,0,15.17,0.00
2021-06-18,15.17,15.17,15.17,15.17,0,15.17,0.00
2021-06-17,15.17,15.17,15.17,15.17,0,15.17,0.00
2021-06-16,15.17,15.17,15.17,15.17,0,15.17,0.00
2021-06-15,15.17,15.17,15.17,15.17,0,15.17,0.00
2021-06-14,15.17,15.17,15.17,15.17,0,15.17,0.00
2021-06-11,15.17,15.17,15.17,15.17,0,15.17,0.00
2021-06-10,15.17,15.17,15.17,15.17,0,15.17,0.00
2021-06-09,15.17,15.17,15.17,15.17,0,15.17,0.00
2021-06-08,15.17,15.17,15.17,15.17,0,15.17,0.00
2021-06-07,15.17,15.17,15.17,15.17,0,15.17,0.00
2021-06-04,15.17,15.17,15.17,15.17,0,15.17,0.00
2021-06-03,15.17,15.17,15.17,15.17,0,15.17,0.00
2021-06-02,15.17,15.17,15.17,15.17,0,15.17,0.00
2021-06-01,15.17,15.17,15.17,15.17,0,15.17,0.00
2021-05-28,15.17,15.17,15.17,15.17,0,15.17,0.00
2021-05-27,15.17,15.17,15.17,15.17,0,15.17,0.00
2021-05-26,15.17,15.17,15.17,15.17,0,15.17,0.00
2021-05-25,15.17,15.17,15.17,15.17,0,15.17,0.00
2021-05-24,15.17,15.17,15.17,15.17,0,15.17,0.00
2021-05-21,15.17,15.17,15.17,15.17,0,15.17,0.00
2021-05-20,15.17,15.17,15.17,15.17,0,15.17,0.00
2021-05-19,15.17,15.17,15.17,15.17,0,15.17,0.00
2021-05-18,15.17,15.17,15.17,15.17,0,15.17,0.00
2021-05-17,15.17,15.17,15.17,15.17,0,15.17,0.00
2021-05-14,15.17,15.17,15.17,15.17,0,15.17,0.00
2021-05-13,15.17,15.17,15.17,15.17,0,15.17,0.00
2021-05-12,15.17,15.17,15.17,15.17,0,15.17,0.00
2021-05-11,15.17,15.17,15.17,15.17,0,15.17,0.00
2021-05-10,15.17,15.17,15.17,15.17,0,15.17,0.00
2021-05-07,15.17,15.17,15.17,15.17,0,15.17,0.00
2021-05-06,15.17,15.17,15.17,15.17,0,15.17,0.00
2021-05-05,15.17,15.17,15.17,15.17,0,15.17,0.00
2021-05-04,15.17,15.17,15.17,15.17,0,15.17,0.00
2021-05-03,15.17,15.17,15.17,15.17,0,15.17,0.00
2021-04-30,15.17,15.17,15.17,15.17,0,15.17,0.00
2021-04-29,15.17,15.17,15.17,15.17,0,15.17,0.00
2021-04-28,15.17,15.17,15.17,15.17,0,15.17,0.00
2021-04-27,15.17,15.17,15.17,15.17,0,15.17,0.00
2021-04-26,15.17,15.17,15.17,15.17,0,15.17,0.00
2021-04-23,15.17,15.17,15.17,15.17,0,15.17,0.00
2021-04-22,15.17,15.17,15.17,15.17,0,15.17,0.00
2021-04-21,15.17,15.17,15.17,15.17,0,15.17,0.00
2021-04-20,15.17,15.17,15.17,15.17,0,15.17,0.00
2021-04-19,15.17,15.17,15.17,15.17,0,15.17,0.00
2021-04-16,15.17,15.17,15.17,15.17,0,15.17,0.00
2021-04-15,15.17,15.17,15.17,15.17,0,15.17,0.00
2021-04-14,15.17,15.17,15.17,15.17,0,15.17,0.00
2021-04-13,15.17,15.17,15.17,15.17,0,15.17,0.00
2021-04-12,15.17,15.17,15.17,15.17,0,15.17,0.00
2021-04-09,15.17,15.17,15.17,15.17,0,15.17,0.00
2021-04-08,15.17,15.17,15.17,15.17,0,15.17,0.00
2021-04-07,15.17,15.17,15.17,15.17,0,15.17,0.00
2021-04-06,15.17,15.17,15.17,15.17,0,15.17,0.00
2021-04-05,15.17,15.17,15.17,15.17,0,15.17,0.00
2021-04-01,15.17,15.17,15.17,15.17,0,15.17,0.00
2021-03-31,15.17,15.17,15.17,15.17,0,15.17,0.00
2021-03-30,15.17,15.17,15.17,15.17,0,15.17,0.00
2021-03-29,15.17,15.17,15.17,15.17,0,15.17,0.00
2021-03-26,15.17,15.17,15.17,15.17,0,15.17,0.00
2021-03-25,15.17,15.17,15.17,15.17,0,15.17,0.00
2021-03-24,15.17,15.17,15.17,15.17,0,15.17,0.00
2021-03-23,15.17,15.17,15.17,15.17,0,15.17,0.00
2021-03-22,15.17,15.17,15.17,15.17,0,15.17,0.00
2021-03-19,15.17,15.17,15.17,15.17,0,15.17,0.00
2021-03-18,15.17,15.17,15.17,15.17,0,15.17,0.00
2021-03-17,15.17,15.17,15.17,15.17,0,15.17,0.00
2021-03-16,15.17,15.17,15.17,15.17,0,15.17,0.00
2021-03-15,15.17,15.17,15.17,15.17,0,15.17,0.00
2021-03-12,15.17,15.17,15.17,15.17,0,15.17,0.00
2021-03-11,15.17,15.17,15.17,15.17,0,15.17,0.00
2021-03-10,15.17,15.17,15.17,15.17,0,15.17,0.00
2021-03-09,15.17,15.17,15.17,15.17,0,15.17,0.00
2021-03-08,15.17,15.17,15.17,15.17,0,15.17,0.00
2021-03-05,15.17,15.17,15.17,15.17,0,15.17,0.00
2021-03-04,15.17,15.17,15.17,15.17,0,15.17,0.00
2021-03-03,15.17,15.17,15.17,15.17,0,15.17,0.00
2021-03-02,15.17,15.17,15.17,15.17,0,15.17,0.00
2021-03-01,15.17,15.17,15.17,15.17,0,15.17,0.00
2021-02-26,15.17,15.17,15.17,15.17,0,15.17,0.00
2021-02-25,15.17,15.17,15.17,15.17,0,15.17,0.00
2021-02-24,15.17,15.17,15.17,15.17,0,15.17,0.00
2021-02-23,15.17,15.17,15.17,15.17,0,15.17,0.00
2021-02-22,15.17,15.17,15.17,15.17,0,15.17,0.00
2021-02-19,15.17,15.17,15.17,15.17,0,15.17,0.00
2021-02-18,15.17,15.17,15.17,15.17,0,15.17,0.00
2021-02-17,15.17,15.17,15.17,15.17,0,15.17,0.00
2021-02-16,15.17,15.17,15.17,15.17,0,15.17,0.00
2021-02-12,15.17,15.17,15.17,15.17,0,15.17,0.00
2021-02-11,15.17,15.17,15.17,15.17,0,15.17,0.00
2021-02-10,15.17,15.17,15.17,15.17,0,15.17,0.00
2021-02-09,15.17,15.17,15.17,15.17,0,15.17,0.00
2021-02-08,15.17,15.17,15.17,15.17,0,15.17,0.00
2021-02-05,15.17,15.17,15.17,15.17,0,15.17,0.00
2021-02-04,15.17,15.17,15.17,15.17,0,15.17,0.00
2021-02-03,15.17,15.17,15.17,15.17,0,15.17,0.00
2021-02-02,15.17,15.17,15.17,15.17,0,15.17,0.00
2021-02-01,15.17,15.17,15.17,15.17,0,15.17,0.00
2021-01-29,15.17,15.17,15.17,15.17,0,15.17,0.00
2021-01-28,15.17,15.17,15.17,15.17,0,15.17,0.00
2021-01-27,15.17,15.17,15.17,15.17,0,15.17,0.00
2021-01-26,15.17,15.17,15.17,15.17,0,15.17,0.00
2021-01-25,15.17,15.17,15.17,15.17,0,15.17,0.00
2021-01-22,15.17,15.17,15.17,15.17,0,15.17,0.00
2021-01-21,15.17,15.17,15.17,15.17,0,15.17,0.00
2021-01-20,15.17,15.17,15.17,15.17,0,15.17,0.00
2021-01-19,15.17,15.17,15.17,15.17,0,15.17,0.00
2021-01-15,15.17,15.17,15.17,15.17,0,15.17,0.00
2021-01-14,15.17,15.17,15.17,15.17,0,15.17,0.00
2021-01-13,15.17,15.17,15.17,15.17,0,15.17,0.00
2021-01-12,15.17,15.17,15.17,15.17,0,15.17,0.00
2021-01-11,15.17,15.17,15.17,15.17,0,15.17,0.00
2021-01-08,15.17,15.17,15.17,15.17,0,15.17,0.00
2021-01-07,15.17,15.17,15.17,15.17,0,15.17,0.00
2021-01-06,15.17,15.17,15.17,15.17,0,15.17,0.00
2021-01-05,15.17,15.17,15.17,15.17,0,15.17,0.00
2021-01-04,15.17,15.17,15.17,15.17,0,15.17,0.00
2020-12-31,15.17,15.17,15.17,15.17,0,15.17,0.00
2020-12-30,15.17,15.17,15.17,15.17,0,15.17,0.00
2020-12-29,15.17,15.17,15.17,15.17,0,15.17,0.00
2020-12-28,15.17,15.17,15.17,15.17,0,15.17,0.00
2020-12-24,15.17,15.17,15.17,15.17,0,15.17,0.00
2020-12-23,15.17,15.17,15.17,15.17,0,15.17,0.00
2020-12-22,15.17,15.17,15.17,15.17,0,15.17,0.00
2020-12-21,15.17,15.17,15.17,15.17,0,15.17,0.00
2020-12-18,15.17,15.17,15.17,15.17,0,15.17,0.00
2020-12-17,15.17,15.17,15.17,15.17,0,15.17,0.00
2020-12-16,15.17,15.17,15.17,15.17,0,15.17,0.00
2020-12-15,15.17,15.17,15.17,15.17,0,15.17,0.00
2020-12-14,15.17,15.17,15.17,15.17,0,15.17,0.00
2020-12-11,15.17,15.17,15.17,15.17,0,15.17,0.00
2020-12-10,15.17,15.17,15.17,15.17,0,15.17,0.00
2020-12-09,15.17,15.17,15.17,15.17,0,15.17,0.00
2020-12-08,15.17,15.17,15.17,15.17,0,15.17,0.00
2020-12-07,15.17,15.17,15.17,15.17,0,15.17,0.00
2020-12-04,15.17,15.17,15.17,15.17,0,15.17,0.00
2020-12-03,15.17,15.17,15.17,15.17,0,15.17,0.00
2020-12-02,15.17,15.17,15.17,15.17,0,15.17,0.00
2020-12-01,15.17,15.17,15.17,15.17,0,15.17,0.00
2020-11-30,15.17,15.17,15.17,15.17,0,15.17,0.00
2020-11-27,15.17,15.17,15.17,15.17,0,15.17,0.00
2020-11-25,15.17,15.17,15.17,15.17,0,15.17,0.00
2020-11-24,15.17,15.17,15.17,15.17,0,15.17,0.00
2020-11-23,15.17,15.17,15.17,15.17,0,15.17,0.00
2020-11-20,15.17,15.17,15.17,15.17,0,15.17,0.00
2020-11-19,15.17,15.17,15.17,15.17,0,15.17,0.00
2020-11-18,15.17,15.17,15.17,15.17,0,15.17,0.00
2020-11-17,15.17,15.17,15.17,15.17,0,15.17,0.00
2020-11-16,15.17,15.17,15.17,15.17,0,15.17,0.00
2020-11-13,15.17,15.17,15.17,15.17,0,15.17,0.00
2020-11-12,15.17,15.17,15.17,15.17,0,15.17,0.00
2020-11-11,15.17,15.17,15.17,15.17,0,15.17,0.00
2020-11-10,15.17,15.17,15.17,15.17,0,15.17,0.00
2020-11-09,15.17,15.17,15.17,15.17,0,15.17,0.00
2020-11-06,15.17,15.17,15.17,15.17,0,15.17,0.00
2020-11-05,15.17,15.17,15.17,15.17,0,15.17,0.00
2020-11-04,15.17,15.17,15.17,15.17,0,15.17,0.00
2020-11-03,15.17,15.17,15.17,15.17,0,15.17,0.00
2020-11-02,15.17,15.17,15.17,15.17,0,15.17,0.00
2020-10-30,15.17,15.17,15.17,15.17,0,15.17,0.00
2020-10-29,15.17,15.17,15.17,15.17,0,15.17,0.00
2020-10-28,15.17,15.17,15.17,15.17,0,15.17,0.00
2020-10-27,15.17,15.17,15.17,15.17,0,15.17,0.00
2020-10-26,15.17,15.17,15.17,15.17,0,15.17,0.00
2020-10-23,15.17,15.17,15.17,15.17,0,15.17,0.00
2020-10-22,15.17,15.17,15.17,15.17,0,15.17,0.00
2020-10-21,15.17,15.17,15.17,15.17,0,15.17,0.00
2020-10-20,15.17,15.17,15.17,15.17,0,15.17,0.00
2020-10-19,15.17,15.17,15.17,15.17,0,15.17,0.00
2020-10-16,15.17,15.17,15.17,15.17,0,15.17,0.00
2020-10-15,15.17,15.17,15.17,15.17,0,15.17,0.00
2020-10-14,15.17,15.17,15.17,15.17,0,15.17,0.00
2020-10-13,15.17,15.17,15.17,15.17,0,15.17,0.00
2020-10-12,15.17,15.17,15.17,15.17,0,15.17,0.00
2020-10-09,15.17,15.17,15.17,15.17,0,15.17,0.00
2020-10-08,15.17,15.17,15.17,15.17,0,15.17,0.00
2020-10-07,15.17,15.17,15.17,15.17,0,15.17,0.00
2020-10-06,15.17,15.17,15.17,15.17,0,15.17,0.00
2020-10-05,15.17,15.17,15.17,15.17,0,15.17,0.00
2020-10-02,15.17,15.17,15.17,15.17,0,15.17,0.00
2020-10-01,15.17,15.17,15.17,15.17,0,15.17,0.00
2020-09-30,15.17,15.17,15.17,15.17,0,15.17,0.00
2020-09-29,15.17,15.17,15.17,15.17,0,15.17,0.00
2020-09-28,15.17,15.17,15.17,15.17,0,15.17,0.00
2020-09-25,15.17,15.17,15.17,15.17,0,15.17,0.00
2020-09-24,15.17,15.17,15.17,15.17,0,15.17,0.00
2020-09-23,15.17,15.17,15.17,15.17,0,15.17,0.00
2020-09-22,15.17,15.17,15.17,15.17,0,15.17,0.00
2020-09-21,15.17,15.17,15.17,15.17,0,15.17,0.00
2020-09-18,15.17,15.17,15.17,15.17,0,15.17,0.00
2020-09-17,15.17,15.17,15.17,15.17,0,15.17,0.00
2020-09-16,15.17,15.17,15.17,15.17,0,15.17,0.00
2020-09-15,15.17,15.17,15.17,15.17,0,15.17,0.00
2020-09-14,15.17,15.17,15.17,15.17,0,15.17,0.00
2020-09-11,15.17,15.17,15.17,15.17,0,15.17,0.00
2020-09-10,15.17,15.17,15.17,15.17,0,15.17,0.00
2020-09-09,15.17,15.17,15.17,15.17,0,15.17,0.00
2020-09-08,15.17,15.17,15.17,15.17,0,15.17,0.00
2020-09-04,15.17,15.17,15.17,15.17,0,15.17,0.00
2020-09-03,15.17,15.17,15.17,15.17,0,15.17,0.00
2020-09-02,15.17,15.17,15.17,15.17,0,15.17,0.00
2020-09-01,15.17,15.17,15.17,15.17,0,15.17,0.00
2020-08-31,15.17,15.17,15.17,15.17,0,15.17,0.00
2020-08-28,15.17,15.17,15.17,15.17,0,15.17,0.00
2020-08-27,15.17,15.17,15.17,15.17,0,15.17,0.00
2020-08-26,15.17,15.17,15.17,15.17,0,15.17,0.00
2020-08-25,15.17,15.17,15.17,15.17,0,15.17,0.00
2020-08-24,15.17,15.17,15.17,15.17,0,15.17,0.00
2020-08-21,15.17,15.17,15.17,15.17,0,15.17,0.00
2020-08-20,15.17,15.17,15.17,15.17,0,15.17,0.00
2020-08-19,15.17,15.17,15.17,15.17,0,15.17,0.00
2020-08-18,15.17,15.17,15.17,15.17,0,15.17,0.00
2020-08-17,15.17,15.17,15.17,15.17,0,15.17,0.00
2020-08-14,15.17,15.17,15.17,15.17,0,15.17,0.00
2020-08-13,15.17,15.17,15.17,15.17,0,15.17,0.00
2020-08-12,15.17,15.17,15.17,15.17,0,15.17,0.00
2020-08-11,15.17,15.17,15.17,15.17,0,15.17,0.00
2020-08-10,15.17,15.17,15.17,15.17,0,15.17,0.00
2020-08-07,15.17,15.17,15.17,15.17,0,15.17,0.00
2020-08-06,15.17,15.17,15.17,15.17,0,15.17,0.00
2020-08-05,15.17,15.17,15.17,15.17,0,15.17,0.00
2020-08-04,15.17,15.17,15.17,15.17,0,15.17,0.00
2020-08-03,15.17,15.17,15.17,15.17,0,15.17,0.00
2020-07-31,15.17,15.17,15.17,15.17,0,15.17,0.00
2020-07-30,15.17,15.17,15.17,15.17,0,15.17,0.00
2020-07-29,15.17,15.17,15.17,15.17,0,15.17,0.00
2020-07-28,15.17,15.17,15.17,15.17,0,15.17,0.00
2020-07-27,15.17,15.17,15.17,15.17,0,15.17,0.00
2020-07-24,15.17,15.17,15.17,15.17,0,15.17,0.00
2020-07-23,15.17,15.17,15.17,15.17,0,15.17,0.00
2020-07-22,15.17,15.17,15.17,15.17,0,15.17,0.00
2020-07-21,15.17,15.17,15.17,15.17,0,15.17,0.00
2020-07-20,15.17,15.17,15.17,15.17,0,15.17,0.00
2020-07-17,15.17,15.17,15.17,15.17,0,15.17,0.00
2020-07-16,15.17,15.17,15.17,15.17,0,15.17,0.00
2020-07-15,15.17,15.17,15.17,15.17,0,15.17,0.00
2020-07-14,15.17,15.17,15.17,15.17,0,15.17,0.00
2020-07-13,15.17,15.17,15.17,15.17,0,15.17,0.00
2020-07-10,15.17,15.17,15.17,15.17,0,15.17,0.00
2020-07-09,15.17,15.17,15.17,15.17,0,15.17,0.00
2020-07-08,15.17,15.17,15.17,15.17,0,15.17,0.00
2020-07-07,15.17,15.17,15.17,15.17,0,15.17,0.00
2020-07-06,15.17,15.17,15.17,15.17,0,15.17,0.00
2020-07-02,15.53,15.53,15.07,15.17,87226,15.17,-1.17
2020-07-01,15.13,15.65,15.13,15.35,113742,15.35,2.61
2020-06-30,15.36,15.38,14.78,14.96,69959,14.96,-2.35
2020-06-29,15.27,15.4,15.2,15.32,99684,15.32,0.26
2020-06-26,15.86,16.06,15.24,15.28,113656,15.28,-2.05
2020-06-25,15.58,15.8,15.56,15.6,57897,15.6,0.58
2020-06-24,15.46,15.62,15.15,15.51,151794,15.51,1.51
2020-06-23,15.44,15.51,15.26,15.28,142005,15.28,-3.29
2020-06-22,15.75,15.91,15.46,15.8,275992,15.81,-1.68
2020-06-19,16.44,16.46,15.95,16.07,137087,16.07,-4.12
2020-06-18,16.78,17,16.74,16.76,51956,16.76,1.02
2020-06-17,16.8,16.85,16.58,16.59,50038,16.59,-0.72
2020-06-16,16.85,17.02,16.57,16.71,133747,16.71,-0.12
2020-06-15,17.37,17.5,16.63,16.73,100925,16.73,1.03
2020-06-12,16.36,16.66,16.18,16.56,107317,16.56,-1.08
2020-06-11,16.36,16.85,16.11,16.74,274570,16.74,2.64
2020-06-10,16.82,17.25,16.26,16.31,265479,16.31,-5.01
2020-06-09,17.08,17.22,16.85,17.17,85306,17.17,-2.39
2020-06-08,17.98,18.08,17.51,17.59,146106,17.59,-3.46
2020-06-05,18.2,18.65,18.11,18.22,166026,18.22,6.30
2020-06-04,17.27,17.72,16.99,17.14,182224,17.14,-4.09
2020-06-03,17.65,18.12,17.4,17.87,320230,17.87,6.24
2020-06-02,16.29,17,16.22,16.82,211485,16.82,2.50
2020-06-01,16.58,16.73,16.31,16.41,163111,16.41,-1.08
2020-05-29,16.61,16.72,16.31,16.59,122775,16.59,-2.18
2020-05-28,16.75,17.22,16.63,16.96,135563,16.96,-0.82
2020-05-27,17.82,17.82,17.08,17.1,190236,17.1,-0.29
2020-05-26,16.58,17.28,16.58,17.15,214599,17.15,4.83
2020-05-22,16.5,16.55,16.31,16.36,62746,16.36,-2.39
2020-05-21,16.31,16.97,16.31,16.76,215763,16.76,4.36
2020-05-20,16.08,16.27,15.96,16.06,93167,16.06,-0.80
2020-05-19,16.38,16.43,16.12,16.19,64832,16.19,-2.70
2020-05-18,16.12,16.7,16.1,16.64,190571,16.64,3.23
2020-05-15,16.16,16.45,15.92,16.12,122008,16.12,-2.30
2020-05-14,17.02,17.02,16.35,16.5,102932,16.5,-2.94
2020-05-13,17.23,17.44,17,17,117232,17,-3.41
2020-05-12,17.42,17.66,17.19,17.6,151524,17.6,-0.68
2020-05-11,17.44,17.9,17.34,17.72,123513,17.72,1.90
2020-05-08,17.23,17.52,16.8,17.39,156717,17.39,2.47
2020-05-07,17.86,17.86,16.73,16.97,219757,16.97,-5.88
2020-05-06,17.94,18.27,17.74,18.03,128802,18.03,4.28
2020-05-05,17.54,17.77,17.23,17.29,189226,17.29,-0.86
2020-05-04,17.37,17.56,17.23,17.44,96836,17.44,-0.68
2020-05-01,18.26,18.27,17.38,17.56,206277,17.56,-2.17
2020-04-30,17.47,18.12,17.18,17.95,219880,17.95,6.28
2020-04-29,17.36,17.47,16.82,16.89,172820,16.89,-1.80
2020-04-28,17.05,17.64,17,17.2,226790,17.2,1.42
2020-04-27,16.7,17.2,16.7,16.96,169911,16.96,2.42
2020-04-24,16.23,17.05,16.16,16.56,225069,16.56,1.41
2020-04-23,16.5,16.58,15.9,16.33,139860,16.33,-2.45
2020-04-22,17.04,17.12,16.52,16.74,269038,16.74,-6.58
2020-04-21,18.59,18.68,17.72,17.92,282158,17.92,1.41
2020-04-20,17.89,18.02,17.4,17.67,220355,17.67,-2.43
2020-04-17,17.48,18.26,17.4,18.11,195743,18.11,7.03
2020-04-16,16.68,17.24,16.2,16.92,175582,16.92,1.81
2020-04-15,16.63,16.91,16.4,16.62,239570,16.62,1.47
2020-04-14,16.14,16.58,15.47,16.38,284634,16.38,1.36
2020-04-13,16.95,17.08,15.96,16.16,270417,16.16,-5.28
2020-04-09,17.23,17.5,16.47,17.06,311687,17.06,-9.93
2020-04-08,18.61,18.97,18.38,18.94,124878,18.94,1.01
2020-04-07,18.51,19.12,18.33,18.75,148404,18.75,4.17
2020-04-06,19.18,19.26,17.7,18,231776,18,-10.54
2020-04-03,20.29,20.6,19.96,20.12,304902,20.12,-2.38
2020-04-02,20.98,21.32,20.25,20.61,236486,20.61,-6.66
2020-04-01,22.59,22.91,21.79,22.08,146681,22.08,-2.21
2020-03-31,21.21,22.58,21.08,22.58,203788,22.58,9.82
2020-03-30,20.41,20.99,20.25,20.56,134124,20.56,1.53
2020-03-27,20.32,20.6,19.9,20.25,187166,20.25,0.35
2020-03-26,19.77,20.64,19.42,20.18,235432,20.18,-2.84
2020-03-25,20.6,21.24,20.37,20.77,153195,20.77,3.95
2020-03-24,19.49,21.36,19.11,19.98,501572,19.98,-17.51
2020-03-23,26.56,27.01,23.9,24.22,168390,24.22,-15.23
2020-03-20,28.08,29.16,27.85,28.57,150890,28.57,-4.51
2020-03-19,29.3,29.92,28.39,29.92,193006,29.92,5.54
2020-03-18,27.74,29.54,27.26,28.35,198624,28.35,6.26
2020-03-17,29.01,29.09,25.24,26.68,159233,26.68,-4.17
2020-03-16,30,31.3,27.48,27.84,275794,27.84,2.28
2020-03-13,24.38,28,24.18,27.22,362395,27.22,8.92
2020-03-12,23.51,25.36,23.43,24.99,545311,24.99,12.11
2020-03-11,21.35,22.47,21.29,22.29,289887,22.29,0.95
2020-03-10,21.41,22.12,21.35,22.08,227240,22.08,6.77
2020-03-09,20.53,21.34,20.45,20.68,161793,20.68,-0.96
2020-03-06,20.54,21.91,20.24,20.88,258866,20.88,0.05
2020-03-05,21.47,21.58,20.84,20.87,100935,20.87,-6.29
2020-03-04,22.2,22.43,22,22.27,61069,22.27,-0.40
2020-03-03,23.99,23.99,21.87,22.36,309198,22.36,-9.33
2020-03-02,24.37,24.74,23.95,24.66,105720,24.66,-1.91
2020-02-28,23.36,25.75,23.36,25.14,276852,25.14,10.65
2020-02-27,22.1,22.78,21.8,22.72,119302,22.72,-0.13
2020-02-26,22.84,23.19,22.22,22.75,167559,22.75,-1.34
2020-02-25,22.25,23.2,21.88,23.06,335187,23.06,5.39
2020-02-24,20.92,22.19,20.86,21.88,235197,21.88,-2.84
2020-02-21,22.65,22.72,22.3,22.52,104228,22.52,-4.37
2020-02-20,23.75,23.77,23.41,23.55,74846,23.55,-1.30
2020-02-19,24.31,24.31,23.86,23.86,50439,23.86,-1.85
2020-02-18,24.79,24.98,24.21,24.31,76217,24.31,-3.72
2020-02-14,25.4,25.4,25.2,25.25,19578,25.25,-1.21
2020-02-13,25.63,25.76,25.47,25.56,77192,25.56,-1.81
2020-02-12,26.04,26.18,25.88,26.03,28152,26.03,0.27
2020-02-11,25.76,26.23,25.74,25.96,37740,25.96,1.05
2020-02-10,25.62,25.77,25.52,25.69,27002,25.69,-0.70
2020-02-07,25.83,26.09,25.66,25.87,95791,25.87,-0.73
2020-02-06,26.17,26.23,26,26.06,30481,26.06,-1.70
2020-02-05,26.6,26.71,26.38,26.51,31581,26.51,-0.38
2020-02-04,26.32,26.9,26.28,26.61,81716,26.61,4.07
2020-02-03,25.39,25.87,25.39,25.57,52008,25.57,2.04
2020-01-31,25.32,25.33,24.95,25.06,108675,25.06,-1.69
2020-01-30,25.39,25.67,25.11,25.49,145837,25.49,-0.12
2020-01-29,25.91,25.94,25.5,25.52,63636,25.52,-1.47
2020-01-28,25.55,25.94,25.46,25.9,58335,25.9,2.70
2020-01-27,25.09,25.49,25.06,25.22,68072,25.22,-2.06
2020-01-24,26.29,26.29,25.56,25.75,77006,25.75,-1.79
2020-01-23,26.45,26.45,25.93,26.22,54815,26.22,-0.61
2020-01-22,26.41,26.55,26.37,26.38,25104,26.38,-0.11
2020-01-21,26.9,26.97,26.34,26.41,105200,26.41,-0.19
2020-01-17,26.51,26.61,26.25,26.46,36832,26.46,-0.56
2020-01-16,26.64,26.88,26.57,26.61,84187,26.61,0.53
2020-01-15,26.63,26.87,26.4,26.47,146347,26.47,-1.74
2020-01-14,27.1,27.24,26.88,26.94,100818,26.94,0.34
2020-01-13,26.56,26.86,26.55,26.85,62750,26.85,2.25
2020-01-10,26.63,26.63,26.23,26.26,52183,26.26,-1.68
2020-01-09,26.71,27.01,26.55,26.71,171059,26.71,1.67
2020-01-08,25.42,26.63,25.37,26.27,437432,26.27,2.30
2020-01-07,25.9,25.91,25.6,25.68,202286,25.68,-1.00
2020-01-06,25.42,26.2,25.38,25.94,282592,25.94,-3.17
2020-01-03,26.84,27.03,26.54,26.79,129416,26.79,-4.08
2020-01-02,27.97,28.2,27.76,27.93,66156,27.93,-2.00
2019-12-31,28.24,28.56,28.11,28.5,60273,28.5,-0.56
2019-12-30,28.73,28.74,28.6,28.66,42814,28.66,-0.45
2019-12-27,28.82,28.82,28.55,28.79,30497,28.79,0.14
2019-12-26,28.9,28.96,28.68,28.75,21680,28.75,-2.48
2019-12-24,29.99,29.99,29.42,29.48,32466,29.48,-2.83
2019-12-23,30.56,30.56,30.33,30.34,40624,30.34,-1.62
2019-12-20,30.7,30.94,30.69,30.84,41992,30.84,0.39
2019-12-19,30.91,31.04,30.59,30.72,76968,30.72,-0.74
2019-12-18,31.03,31.07,30.8,30.95,68134,30.95,0.03
2019-12-17,30.9,31.04,30.79,30.94,58645,30.94,0.10
2019-12-16,30.77,31.07,30.73,30.91,14629,30.91,0.03
2019-12-13,31.24,31.59,30.8,30.9,28178,30.9,-1.37
2019-12-12,30.37,31.66,30.37,31.33,49074,31.33,1.13
2019-12-11,31.45,31.48,30.77,30.98,44685,30.98,-2.18
2019-12-10,31.45,31.77,31.42,31.67,18045,31.67,-0.78
2019-12-09,31.73,31.99,31.73,31.92,21407,31.92,0.00
2019-12-06,31.75,32,31.53,31.92,50607,31.92,3.10
2019-12-05,31.04,31.04,30.64,30.96,71125,30.96,-0.03
2019-12-04,30.79,31.15,30.04,30.97,91697,30.97,0.49
2019-12-03,30.82,30.92,30.54,30.82,48662,30.82,-2.90
2019-12-02,32.02,32.04,31.55,31.74,58184,31.74,0.25
2019-11-29,32.2,32.24,31.51,31.66,25231,31.66,-1.80
2019-11-27,32.22,32.35,32.12,32.24,29256,32.24,1.64
2019-11-26,32.24,32.5,31.66,31.72,54425,31.72,-1.52
2019-11-25,32.02,32.25,31.84,32.21,68210,32.21,1.48
2019-11-22,31.27,31.77,31.25,31.74,39190,31.74,0.60
2019-11-21,31.28,31.66,31.23,31.55,74952,31.55,1.58
2019-11-20,31.17,31.45,30.89,31.06,60228,31.06,-0.06
2019-11-19,31.45,31.45,30.88,31.08,62835,31.08,-0.16
2019-11-18,31.26,31.34,30.96,31.13,110175,31.13,-0.86
2019-11-15,31.5,31.52,31.25,31.4,92977,31.4,0.77
2019-11-14,31.26,31.54,30.92,31.16,56959,31.16,-1.24
2019-11-13,31.64,31.77,31.38,31.55,73802,31.55,-1.16
2019-11-12,32.21,32.78,31.81,31.92,130663,31.92,-0.78
2019-11-11,31.82,32.6,31.68,32.17,120074,32.17,0.78
2019-11-08,31.76,31.92,31.34,31.92,99690,31.92,1.98
2019-11-07,30.17,31.74,30.11,31.3,152463,31.3,4.65
2019-11-06,30.14,30.22,29.72,29.91,63826,29.91,-1.35
2019-11-05,29.83,30.61,29.72,30.32,178576,30.32,4.91
2019-11-04,28.84,29.11,28.74,28.9,75153,28.9,0.87
2019-11-01,28.84,28.95,28.44,28.65,166262,28.65,-0.21
2019-10-31,29,29.02,28.57,28.71,180643,28.71,-3.14
2019-10-30,29.94,30.55,29.58,29.64,173994,29.64,-1.59
2019-10-29,30.25,30.4,29.92,30.12,53566,30.12,0.90
2019-10-28,29.5,30,29.5,29.85,94497,29.85,2.54
2019-10-25,28.48,29.36,28.48,29.11,84642,29.11,-0.58
2019-10-24,29.61,29.66,29.17,29.28,105797,29.28,-2.07
2019-10-23,29.86,29.92,29.63,29.9,58366,29.9,-0.80
2019-10-22,30.19,30.43,30.07,30.14,66284,30.14,-0.72
2019-10-21,29.78,30.47,29.76,30.36,60464,30.36,1.50
2019-10-18,29.91,30,29.8,29.91,31823,29.91,0.20
2019-10-17,29.89,29.96,29.53,29.85,115820,29.85,-0.43
2019-10-16,30.13,30.39,29.9,29.98,65272,29.98,-1.70
2019-10-15,30.08,30.73,30.06,30.5,83568,30.5,2.21
2019-10-14,29.94,29.99,29.71,29.84,85821,29.84,-1.26
2019-10-11,30.24,30.91,30.14,30.22,265057,30.22,1.79
2019-10-10,29.21,29.82,29.19,29.69,130971,29.69,2.73
2019-10-09,28.86,29.17,28.57,28.9,130527,28.9,-0.28
2019-10-08,28.94,29.43,28.75,28.98,276845,28.98,-2.56
2019-10-07,29.44,30.02,29.1,29.74,167977,29.74,2.48
2019-10-04,29.28,29.41,28.74,29.02,221533,29.02,0.17
2019-10-03,29.34,29.36,28.2,28.97,298627,28.97,-1.29
2019-10-02,29.71,29.88,28.98,29.35,225346,29.35,-3.58
2019-10-01,31.5,31.61,30.07,30.44,246092,30.44,-1.68
2019-09-30,30.42,31.51,30.16,30.96,268374,30.96,4.59
2019-09-27,30.02,30.15,29.24,29.6,241280,29.6,1.65
2019-09-26,28.91,29.26,28.68,29.12,270182,29.12,0.03
2019-09-25,27.84,29.34,27.73,29.11,308343,29.11,5.66
2019-09-24,28.33,28.5,27.41,27.55,266453,27.55,-1.61
2019-09-23,28.31,28.39,27.88,28,86074,28,-1.75
2019-09-20,29.34,29.41,28.46,28.5,235561,28.5,-3.46
2019-09-19,29.34,29.63,29.24,29.52,143203,29.52,-1.17
2019-09-18,29.14,30.38,28.74,29.87,342791,29.87,1.91
2019-09-17,29.2,29.55,29,29.31,229939,29.31,-0.58
2019-09-16,29.3,29.67,29.08,29.48,246567,29.48,-2.48
2019-09-13,29.26,30.29,29.09,30.23,368070,30.23,2.54
2019-09-12,28.6,29.61,28.37,29.48,259675,29.48,-0.64
2019-09-11,30.12,30.12,29.53,29.67,174169,29.67,-1.75
2019-09-10,29.58,30.2,29.37,30.2,189978,30.2,2.58
2019-09-09,28.85,29.58,28.79,29.44,203474,29.44,1.17
2019-09-06,28.09,29.16,27.86,29.1,260055,29.1,2.54
2019-09-05,27.39,29,27.38,28.38,254300,28.38,7.30
2019-09-04,27.04,27.04,26.38,26.45,130770,26.45,-1.89
2019-09-03,27.44,27.54,26.73,26.96,230097,26.96,-4.26
2019-08-30,28.08,28.55,27.8,28.16,214099,28.16,0.97
2019-08-29,27.2,28.37,27.17,27.89,187801,27.89,2.20
2019-08-28,27.18,27.56,27.05,27.29,198276,27.29,0.74
2019-08-27,27.81,27.81,27.01,27.09,155955,27.09,-2.90
2019-08-26,27.77,27.99,27.42,27.9,113519,27.9,0.04
2019-08-23,29.31,29.42,27.79,27.89,230329,27.89,-5.87
2019-08-22,29.62,29.72,29.33,29.63,78940,29.63,0.78
2019-08-21,29.49,29.55,29.1,29.4,103093,29.4,1.03
2019-08-20,29.36,29.45,29.1,29.1,88753,29.1,-2.25
2019-08-19,29.68,29.91,29.39,29.77,200405,29.77,3.58
2019-08-16,28.8,29.31,28.56,28.74,229716,28.74,1.91
2019-08-15,28.65,28.83,28.05,28.2,172283,28.2,-1.98
2019-08-14,28.7,29.22,28.18,28.77,381386,28.77,-2.08
2019-08-13,28.49,30.75,28.47,29.38,731719,29.38,1.84
2019-08-12,29.39,29.39,28.4,28.85,278206,28.85,-2.60
2019-08-09,29.74,29.8,29.2,29.62,113151,29.62,1.06
2019-08-08,29.84,29.94,28.94,29.31,220378,29.31,-1.41
2019-08-07,29.68,29.81,28.87,29.73,361589,29.73,-4.92
2019-08-06,31.66,31.88,31.18,31.27,131528,31.27,-2.34
2019-08-05,31.9,32.54,31.43,32.02,176677,32.02,-3.99
2019-08-02,33.79,33.8,32.88,33.35,117480,33.35,1.00
2019-08-01,36.16,36.21,33.02,33.02,137090,33.02,-6.93
2019-07-31,34.15,35.6,33.9,35.48,270979,35.48,3.99
2019-07-30,34.29,34.52,34.01,34.12,59989,34.12,-0.55
2019-07-29,34.79,35.23,34.31,34.31,67710,34.31,-2.28
2019-07-26,34.66,35.13,34.65,35.11,126399,35.11,-0.59
2019-07-25,34.67,35.54,34.67,35.32,128435,35.32,2.23
2019-07-24,34.37,34.81,34.2,34.55,30328,34.55,-1.51
2019-07-23,34.51,35.15,34.13,35.08,102823,35.08,1.59
2019-07-22,34.41,34.59,34.2,34.53,31159,34.53,0.23
2019-07-19,33.68,34.8,33.27,34.45,175997,34.45,4.71
2019-07-18,34.92,35.1,32.79,32.9,164986,32.9,-4.17
2019-07-17,35.57,35.66,34.33,34.33,80082,34.33,-4.80
2019-07-16,35.46,36.25,35.34,36.06,88194,36.06,2.36
2019-07-15,35.39,35.68,35.22,35.23,33667,35.23,0.20
2019-07-12,35.63,35.92,35.02,35.16,58743,35.16,-1.71
2019-07-11,35.12,36,35.02,35.77,179613,35.77,2.52
2019-07-10,35.58,36.04,34.88,34.89,129475,34.89,-4.52
2019-07-09,36.85,37.07,36.32,36.54,63337,36.54,-1.03
2019-07-08,36.2,36.92,36.08,36.92,40418,36.92,1.88
2019-07-05,36.82,37.21,36.1,36.24,92477,36.24,3.48
2019-07-03,35.1,35.36,34.69,35.02,102632,35.02,-0.68
2019-07-02,37.01,37.08,35.1,35.26,113970,35.26,-6.10
2019-07-01,36.8,37.62,36.66,37.55,175383,37.55,5.77
2019-06-28,35.63,35.94,35.38,35.5,76716,35.5,-0.73
2019-06-27,36.15,36.19,35.7,35.76,171771,35.76,0.28
2019-06-26,35.65,36.09,35.23,35.66,211727,35.66,2.71
2019-06-25,34.17,35.47,33.63,34.72,543449,34.72,-0.66
2019-06-24,35.84,35.99,34.84,34.95,151745,34.95,-4.09
2019-06-21,36.66,37.22,36.34,36.44,140602,36.44,-1.99
2019-06-20,37.96,38.13,36.88,37.18,186660,37.18,-7.99
2019-06-19,41.51,41.55,40.34,40.41,170148,40.41,-2.06
2019-06-18,40.68,41.86,40.54,41.26,120217,41.26,-1.34
2019-06-17,41.59,42.05,41.51,41.82,53339,41.82,0.24
2019-06-14,41.04,42,40.67,41.72,94956,41.72,0.07
2019-06-13,42.24,42.26,41.5,41.69,57151,41.69,-1.79
2019-06-12,42.66,42.68,42.06,42.45,49856,42.45,-1.39
2019-06-11,43.33,43.35,42.86,43.05,42039,43.05,0.37
2019-06-10,42.8,43.17,42.76,42.89,68764,42.89,3.00
2019-06-07,41.44,41.87,40.99,41.64,115121,41.64,-1.63
2019-06-06,42.3,42.43,41.77,42.33,93988,42.33,-1.08
2019-06-05,42,42.96,41.84,42.79,74442,42.79,-0.49
2019-06-04,43.36,43.62,42.82,43,84960,43,-0.30
2019-06-03,44.18,44.39,42.86,43.13,88548,43.13,-4.24
2019-05-31,45.98,46.16,45.02,45.04,52067,45.04,-4.17
2019-05-30,47.85,48,47,47,22324,47,-1.94
2019-05-29,47.65,48.04,47.54,47.93,18243,47.93,-0.19
2019-05-28,48.15,48.3,48.02,48.02,13431,48.02,1.22
2019-05-24,47.57,47.82,47.4,47.44,23711,47.44,-0.15
2019-05-23,47.98,48,47.17,47.51,37809,47.51,-2.38
2019-05-22,48.57,48.69,48.39,48.67,15273,48.67,0.33
2019-05-21,48.92,49.12,48.51,48.51,34382,48.51,0.71
2019-05-20,48.24,48.41,48.07,48.17,19863,48.17,0.04
2019-05-17,47.67,48.5,47.67,48.15,42914,48.15,2.19
2019-05-16,46.5,47.39,46.47,47.12,25561,47.12,2.23
2019-05-15,45.75,46.19,45.67,46.09,32082,46.09,0.20
2019-05-14,45.81,46.33,45.76,46,40257,46,0.63
2019-05-13,45.82,46.13,45.56,45.71,68313,45.71,-3.20
2019-05-10,47.22,47.25,46.86,47.22,42285,47.22,-0.44
2019-05-09,47.7,47.8,46.97,47.43,42061,47.43,-0.63
2019-05-08,47,47.82,47,47.73,26638,47.73,0.87
2019-05-07,47.72,47.72,47.2,47.32,35859,47.32,-0.98
2019-05-06,48.11,48.11,47.48,47.79,16260,47.79,-0.44
2019-05-03,48.19,48.26,47.58,48,43081,48,-1.88
2019-05-02,49.25,49.36,48.75,48.92,43722,48.92,1.20
2019-05-01,47.58,48.57,46.96,48.34,87122,48.34,2.05
2019-04-30,47.72,47.72,47.25,47.37,35118,47.37,-0.88
2019-04-29,47.71,48.01,47.71,47.79,28840,47.79,1.42
2019-04-26,47.32,47.33,46.8,47.12,51056,47.12,-2.02
2019-04-25,47.91,48.16,47.51,48.09,37119,48.09,-0.39
2019-04-24,48.75,48.77,48,48.28,27235,48.28,-1.05
2019-04-23,49.27,49.32,48.63,48.79,40412,48.79,0.95
2019-04-22,48.26,48.51,48.26,48.33,18598,48.33,-0.12
2019-04-18,48.52,48.65,48.19,48.39,24141,48.39,-0.06
2019-04-17,48.27,48.54,48.21,48.42,39666,48.42,0.60
2019-04-16,48.34,48.48,48.06,48.13,59694,48.13,2.78
2019-04-15,47.32,47.41,46.62,46.83,30633,46.83,0.54
2019-04-12,46.37,46.58,46.04,46.58,20190,46.58,0.41
2019-04-11,45.76,46.57,45.6,46.39,44837,46.39,3.85
2019-04-10,44.99,44.99,44.44,44.67,47022,44.67,-0.91
2019-04-09,44.95,45.17,44.88,45.08,58668,45.08,-1.34
2019-04-08,45.24,45.79,45.2,45.69,22390,45.69,-1.45
2019-04-05,46.48,46.71,46.27,46.36,22439,46.36,0.39
2019-04-04,47.39,47.47,46.07,46.18,40429,46.18,-0.77
2019-04-03,46.66,46.69,46.33,46.54,24911,46.54,0.32
2019-04-02,46.66,46.69,46.35,46.39,27173,46.39,-0.94
2019-04-01,45.85,46.84,45.85,46.83,58988,46.83,1.23
2019-03-29,45.58,46.28,45.53,46.26,52497,46.26,-0.17
2019-03-28,46.02,46.6,45.92,46.34,43480,46.34,4.23
2019-03-27,43.73,44.53,43.73,44.46,20790,44.46,1.55
2019-03-26,43.56,43.98,43.56,43.78,14779,43.78,1.55
2019-03-25,43.51,43.52,42.93,43.11,33459,43.11,-2.22
2019-03-22,44.17,44.38,43.87,44.09,24496,44.09,-0.74
2019-03-21,43.7,45.05,43.7,44.42,55208,44.42,1.23
2019-03-20,44.45,45.55,43.6,43.88,86071,43.88,-1.88
2019-03-19,44.37,44.75,44.35,44.72,32298,44.72,-0.69
2019-03-18,44.85,45.27,44.73,45.03,17241,45.03,-0.31
2019-03-15,45.1,45.22,44.73,45.17,40112,45.17,-1.35
2019-03-14,45.94,46.12,45.72,45.79,40785,45.79,3.36
2019-03-13,44.57,44.67,44.22,44.3,16543,44.3,-2.12
2019-03-12,45.7,45.78,45.17,45.26,21551,45.26,-1.78
2019-03-11,45.72,46.39,45.72,46.08,41280,46.08,1.54
2019-03-08,45.5,45.87,45.32,45.38,77647,45.38,-3.34
2019-03-07,47.19,47.2,46.7,46.95,19449,46.95,0.58
2019-03-06,46.98,47.11,46.68,46.68,25739,46.68,0.21
2019-03-05,46.99,47.38,46.58,46.58,67710,46.58,-0.34
2019-03-04,46.76,47.17,46.47,46.74,62123,46.74,0.78
2019-03-01,44.63,46.38,44.15,46.38,135250,46.38,5.27
2019-02-28,43.3,44.06,43.3,44.06,95157,44.06,1.94
2019-02-27,42.83,43.59,42.8,43.22,51416,43.22,1.96
2019-02-26,42.62,42.86,42.35,42.39,59872,42.39,-0.40
2019-02-25,42.14,42.71,42.05,42.56,26856,42.56,0.35
2019-02-22,42.41,42.49,42,42.41,35464,42.41,-1.07
2019-02-21,41.85,42.87,41.8,42.87,59716,42.87,3.48
2019-02-20,40.97,41.61,40.77,41.43,61795,41.43,0.51
2019-02-19,41.95,42.01,41.17,41.22,51370,41.22,-4.49
2019-02-15,43.45,43.88,43.02,43.16,60099,43.16,-2.06
2019-02-14,44.27,44.59,43.9,44.07,47817,44.07,-1.48
2019-02-13,44.18,44.79,43.47,44.73,44996,44.73,1.29
2019-02-12,44.08,44.44,44.04,44.16,20893,44.16,-0.61
2019-02-11,44.88,44.89,44.27,44.43,32299,44.43,1.46
2019-02-08,43.96,43.96,43.68,43.79,28423,43.79,-1.11
2019-02-07,44.23,44.6,44.1,44.28,50017,44.28,-0.58
2019-02-06,43.8,44.57,43.8,44.54,41893,44.54,1.92
2019-02-05,43.71,43.94,43.6,43.7,46328,43.7,-0.70
2019-02-04,43.99,44.15,43.69,44.01,70062,44.01,1.43
2019-02-01,43.01,43.55,42.96,43.39,61926,43.39,0.53
2019-01-31,42.72,43.27,42.69,43.16,68347,43.16,-0.16
2019-01-30,44.08,44.2,42.78,43.23,179985,43.23,-1.68
2019-01-29,44.23,44.47,43.93,43.97,43167,43.97,-1.63
2019-01-28,45.26,45.26,44.7,44.7,36658,44.7,-0.97
2019-01-25,46.1,46.1,45.09,45.14,118602,45.14,-4.38
2019-01-24,47.11,47.4,46.92,47.21,57879,47.21,0.49
2019-01-23,47.28,47.44,46.62,46.98,70034,46.98,0.45
2019-01-22,46.78,47.45,46.71,46.77,36504,46.77,-0.85
2019-01-18,46.96,47.19,46.68,47.17,52279,47.17,2.61
2019-01-17,46.02,46.27,45.79,45.97,63051,45.97,0.39
2019-01-16,45.96,45.96,45.56,45.79,50140,45.79,-0.93
2019-01-15,45.72,46.42,45.6,46.22,34029,46.22,0.68
2019-01-14,45.8,46.11,45.76,45.91,28858,45.91,-0.71
2019-01-11,46.23,46.32,45.94,46.24,42263,46.24,-0.39
2019-01-10,45.79,46.43,45.79,46.42,16111,46.42,1.78
2019-01-09,46.57,46.57,45.58,45.61,68892,45.61,-1.87
2019-01-08,46.87,46.91,46.31,46.48,28817,46.48,0.85
2019-01-07,45.76,46.3,45.64,46.09,26745,46.09,-0.73
2019-01-04,46.7,47.3,46.35,46.43,76191,46.43,2.36
2019-01-03,46.15,46.15,45.36,45.36,41211,45.36,-2.79
2019-01-02,46.63,47.11,46.16,46.66,29529,46.66,-0.19
2018-12-31,46.99,47.09,46.73,46.75,19413,46.75,-0.40
2018-12-28,47.21,47.24,46.88,46.94,25026,46.94,-1.10
2018-12-27,47.41,47.92,47.07,47.46,24086,47.46,-2.00
2018-12-26,47.27,48.55,46.99,48.43,31510,48.43,0.85
2018-12-24,48.62,48.62,48,48.02,21752,48.02,-3.38
2018-12-21,49.07,49.82,49.04,49.7,35255,49.7,1.45
2018-12-20,49.13,49.63,48.38,48.99,139062,48.99,-4.45
2018-12-19,50.2,51.3,49.34,51.27,131481,51.27,1.81
2018-12-18,50.77,50.77,50.32,50.36,14020,50.36,-0.75
2018-12-17,51.24,51.39,50.54,50.74,30188,50.74,-1.95
2018-12-14,52.36,52.45,51.52,51.75,73072,51.75,1.27
2018-12-13,51.12,51.4,51.04,51.1,21942,51.1,0.85
2018-12-12,50.81,50.89,50.5,50.67,29586,50.67,-0.67
2018-12-11,50.78,51.24,50.56,51.01,33799,51.01,0.26
2018-12-10,50.79,51.07,50.49,50.88,40898,50.88,1.23
2018-12-07,50.88,50.94,50.08,50.26,49320,50.26,-2.65
2018-12-06,51.17,51.75,50.9,51.63,36162,51.63,0.12
2018-12-04,51.16,51.74,51.15,51.57,54300,51.57,-1.98
2018-12-03,52.18,52.61,51.98,52.61,56599,52.61,-2.16
2018-11-30,53.94,54.4,53.63,53.77,29656,53.77,0.81
2018-11-29,53.14,53.62,52.77,53.34,34107,53.34,-0.93
2018-11-28,54.86,55.07,52.92,53.84,51636,53.84,-1.34
2018-11-27,53.58,54.97,53.57,54.57,49568,54.57,1.90
2018-11-26,53.33,53.63,53.28,53.55,18701,53.55,0.15
2018-11-23,53.32,53.52,53.29,53.47,12044,53.47,0.56
2018-11-21,53.15,53.19,52.54,53.17,30555,53.17,-0.77
2018-11-20,53.13,53.86,53.13,53.58,54446,53.58,0.22
2018-11-19,53.76,53.88,53.17,53.46,84337,53.46,-0.28
2018-11-16,53.21,53.82,53.14,53.61,148812,53.61,-2.08
2018-11-15,54.68,54.98,54.46,54.75,67496,54.75,-0.31
2018-11-14,56.68,56.69,54.34,54.92,91320,54.92,-2.56
2018-11-13,56.33,56.7,56.08,56.36,62664,56.36,-0.12
2018-11-12,55.92,56.5,55.87,56.43,90258,56.43,2.14
2018-11-09,55.05,55.55,54.87,55.25,28449,55.25,3.45
2018-11-08,53.33,53.71,53.06,53.41,36936,53.41,0.66
2018-11-07,52.62,53.08,52.54,53.06,23217,53.06,0.13
2018-11-06,52.37,53.32,52.3,52.99,41227,52.99,1.18
2018-11-05,52.62,52.63,52.08,52.37,47453,52.37,0.56
2018-11-02,52.13,52.41,51.72,52.08,57110,52.08,0.08
2018-11-01,52.58,52.78,51.6,52.04,76986,52.04,-4.30
2018-10-31,54.68,54.94,54.38,54.38,39281,54.38,1.72
2018-10-30,53.35,53.61,53.14,53.46,33201,53.46,1.42
2018-10-29,52.53,53.3,52.42,52.71,42928,52.71,1.19
2018-10-26,51.95,52.47,50.87,52.09,108786,52.09,-0.84
2018-10-25,52.18,52.75,52.07,52.53,59677,52.53,0.75
2018-10-24,52.47,52.82,52.05,52.14,52470,52.14,-0.65
2018-10-23,51.36,52.54,51.28,52.48,114750,52.48,-1.85
2018-10-22,53.62,53.81,53.38,53.47,63777,53.47,0.94
2018-10-19,52.69,53.08,52.68,52.97,82859,52.97,-0.32
2018-10-18,53.27,53.47,52.47,53.14,102118,53.14,-0.23
2018-10-17,53.09,53.44,52.54,53.26,147269,53.26,0.17
2018-10-16,52.33,53.19,52.21,53.17,89724,53.17,0.23
2018-10-15,52.9,53.11,52.35,53.05,77537,53.05,-1.83
2018-10-12,53.6,54.24,53.42,54.04,102735,54.04,1.22
2018-10-11,55.75,55.9,52.97,53.39,223223,53.39,-7.55
2018-10-10,58.47,58.76,57.73,57.75,60652,57.75,-0.77
2018-10-09,58.58,59.13,58.18,58.2,70398,58.2,-0.33
2018-10-08,58.77,59.29,58.36,58.39,73772,58.39,3.62
2018-10-05,56.39,56.74,55.95,56.35,91673,56.35,-0.95
2018-10-04,56.36,57.22,55.93,56.89,163187,56.89,-0.19
2018-10-03,56.3,57.2,56.1,57,102652,57,1.19
2018-10-02,56.55,56.7,55.58,56.33,147408,56.33,-3.48
2018-10-01,58.64,59.03,58.32,58.36,46323,58.36,0.53
2018-09-28,59.04,59.15,57.73,58.05,119505,58.05,-1.93
2018-09-27,59.15,59.5,58.68,59.19,101246,59.19,2.71
2018-09-26,57.51,58.18,56.84,57.63,236163,57.63,1.66
2018-09-25,56.57,56.75,56.38,56.69,28532,56.69,-0.51
2018-09-24,56.5,57.02,56.25,56.98,32155,56.98,-0.02
2018-09-21,57.84,57.89,56.7,56.99,65567,56.99,2.17
2018-09-20,55.85,56.37,55.68,55.78,42201,55.78,-0.94
2018-09-19,56.28,56.66,55.99,56.31,46352,56.31,-1.33
2018-09-18,56.5,57.18,56.33,57.07,42068,57.07,0.62
2018-09-17,56.75,56.82,56.11,56.72,29698,56.72,-1.61
2018-09-14,56.49,57.71,56.35,57.65,88747,57.65,1.96
2018-09-13,55.07,56.74,54.99,56.54,115728,56.54,1.24
2018-09-12,57.46,57.55,55.55,55.85,106270,55.85,-2.58
2018-09-11,58.21,58.53,57.09,57.33,120038,57.33,-0.14
2018-09-10,57.23,57.59,56.97,57.41,53619,57.41,0.23
2018-09-07,57.16,57.63,56.82,57.28,50898,57.28,0.88
2018-09-06,56.25,57.17,55.72,56.78,81848,56.78,-0.61
2018-09-05,57.01,57.38,56.99,57.13,73414,57.13,-0.95
2018-09-04,57.97,58.17,57.55,57.68,77674,57.68,1.59
2018-08-31,56.48,56.91,55.97,56.78,72844,56.78,0.32
2018-08-30,56.21,57.15,56.21,56.6,125658,56.6,1.56
2018-08-29,55.8,56.22,55.73,55.73,44786,55.73,-1.29
2018-08-28,54.98,56.61,54.79,56.46,153508,56.46,2.32
2018-08-27,55.81,55.81,54.89,55.18,162827,55.18,-1.13
2018-08-24,57.17,57.22,55.37,55.81,183498,55.81,-5.10
2018-08-23,58.08,59.09,57.83,58.81,89142,58.81,2.89
2018-08-22,56.97,57.45,56.83,57.16,98890,57.16,-0.61
2018-08-21,57.9,58.44,57.43,57.51,62951,57.51,-0.91
2018-08-20,58.49,58.83,58.01,58.04,83059,58.04,-1.54
2018-08-17,59.61,60.09,58.94,58.95,104772,58.95,-2.59
2018-08-16,59.98,60.54,59.33,60.52,87592,60.52,0.20
2018-08-15,58.88,60.61,58.88,60.4,114999,60.4,5.08
2018-08-14,57.24,57.81,56.89,57.48,87119,57.48,-0.31
2018-08-13,56.47,57.87,56.47,57.66,119583,57.66,4.57
2018-08-10,55.03,55.25,54.39,55.14,56800,55.14,0.13
2018-08-09,54.63,55.09,54.54,55.07,43815,55.07,0.51
2018-08-08,55.02,55.5,54.74,54.79,86484,54.79,-0.85
2018-08-07,54.85,55.47,54.78,55.26,57159,55.26,-0.65
2018-08-06,55.29,55.62,55.06,55.62,64839,55.62,1.61
2018-08-03,54.47,54.8,53.93,54.74,82831,54.74,-1.17
2018-08-02,54.38,55.44,54.31,55.39,100036,55.39,1.84
2018-08-01,53.81,54.39,53.61,54.39,173306,54.39,2.16
2018-07-31,53.95,54,52.71,53.24,132944,53.24,-0.80
2018-07-30,53.47,53.68,53.19,53.67,43877,53.67,0.47
2018-07-27,53.27,53.46,52.94,53.42,110982,53.42,-0.06
2018-07-26,52.81,53.48,52.53,53.45,109733,53.45,2.36
2018-07-25,52.08,52.66,52.04,52.22,160259,52.22,-1.69
2018-07-24,52.88,53.28,52.62,53.12,79218,53.12,-0.17
2018-07-23,52.88,53.54,52.82,53.21,209018,53.21,1.55
2018-07-20,52.58,52.77,52.18,52.4,90389,52.4,-1.87
2018-07-19,54.33,54.33,52.49,53.4,226885,53.4,1.46
2018-07-18,53.02,53.28,52.59,52.63,104429,52.63,-0.02
2018-07-17,52.11,52.84,51.88,52.64,186402,52.64,3.26
2018-07-16,51.04,51.32,50.96,50.98,37937,50.98,0.14
2018-07-13,50.86,51.06,50.74,50.91,144937,50.91,1.35
2018-07-12,50.37,50.41,50.11,50.23,45831,50.23,-1.08
2018-07-11,49.77,50.81,49.72,50.78,227536,50.78,3.25
2018-07-10,49.23,49.54,49.08,49.18,50741,49.18,0.72
2018-07-09,48.22,48.85,48.19,48.83,89709,48.83,-0.77
2018-07-06,49.03,49.32,49.01,49.21,126593,49.21,0.59
2018-07-05,49.14,49.2,48.65,48.92,46658,48.92,-0.97
2018-07-03,49.76,49.76,48.86,49.4,63056,49.4,-3.12
2018-07-02,50.11,51.04,50.07,50.99,62509,50.99,3.09
2018-06-29,49.76,49.95,49.14,49.46,88404,49.46,-1.06
2018-06-28,49.53,50.25,49.47,49.99,74818,49.99,0.93
2018-06-27,49.09,49.61,49.01,49.53,105460,49.53,1.77
2018-06-26,48.69,48.9,48.32,48.67,52103,48.67,1.46
2018-06-25,47.76,48.01,47.58,47.97,26354,47.97,1.18
2018-06-22,47.55,47.68,47.37,47.41,38382,47.41,-0.63
2018-06-21,47.9,47.98,47.42,47.71,70902,47.71,0.55
2018-06-20,46.86,47.56,46.84,47.45,43679,47.45,1.43
2018-06-19,46.81,47.04,46.63,46.78,71132,46.78,0.73
2018-06-18,46.16,46.5,46.14,46.44,34381,46.44,0.54
2018-06-15,45.3,46.7,45.3,46.19,103749,46.19,5.17
2018-06-14,43.68,44,43.5,43.92,35741,43.92,-0.52
2018-06-13,44.55,44.89,44.08,44.15,56748,44.15,-0.94
2018-06-12,44.43,44.7,44.19,44.57,99137,44.57,1.55
2018-06-11,44.21,44.26,43.89,43.89,52599,43.89,-0.86
2018-06-08,44.25,44.41,44.23,44.27,7423,44.27,-0.40
2018-06-07,44.37,44.63,44.21,44.45,37373,44.45,0.09
2018-06-06,44.27,44.65,43.97,44.41,34918,44.41,-0.07
2018-06-05,44.83,45.06,44.14,44.44,28588,44.44,-1.22
2018-06-04,44.47,45,44.45,44.99,35421,44.99,0.49
2018-06-01,44.8,44.92,44.3,44.77,33541,44.77,1.34
2018-05-31,43.98,44.19,43.55,44.18,34757,44.18,0.73
2018-05-30,44.02,44.09,43.7,43.86,31507,43.86,-0.57
2018-05-29,44.49,44.65,43.64,44.11,88193,44.11,0.16
2018-05-25,43.63,44.09,43.61,44.04,33292,44.04,1.01
2018-05-24,44.18,44.2,43.38,43.6,118093,43.6,-2.72
2018-05-23,45.26,45.29,44.64,44.82,95074,44.82,-0.27
2018-05-22,44.64,45.03,44.61,44.94,60508,44.94,0.13
2018-05-21,45.23,45.43,44.84,44.88,33740,44.88,-0.11
2018-05-18,45.32,45.32,44.69,44.93,106138,44.93,-0.11
2018-05-17,45.16,45.34,44.92,44.98,42973,44.98,-0.07
2018-05-16,44.96,45.33,44.76,45.01,58365,45.01,0.45
2018-05-15,44.49,45.18,44.49,44.81,87216,44.81,4.79
2018-05-14,42.04,42.78,42.01,42.76,46635,42.76,1.35
2018-05-11,41.61,42.24,41.61,42.19,46653,42.19,0.40
2018-05-10,41.98,42.44,41.81,42.02,91042,42.02,-2.03
2018-05-09,42.78,42.97,42.36,42.89,50080,42.89,0.61
2018-05-08,43.1,43.44,42.31,42.63,86560,42.63,0.02
2018-05-07,42.72,42.87,42.5,42.62,28565,42.62,0.05
2018-05-04,43.11,43.19,42.57,42.6,59604,42.6,-0.61
2018-05-03,42.49,42.86,42.41,42.86,36659,42.86,-1.58
2018-05-02,43.32,43.61,42.68,43.55,144060,43.55,0.07
2018-05-01,43.31,43.82,43.27,43.52,52108,43.52,2.21
2018-04-30,42.8,43,42,42.58,66309,42.58,2.21
2018-04-27,41.93,41.99,41.58,41.66,34391,41.66,-1.44
2018-04-26,41.63,42.45,41.63,42.27,70239,42.27,1.22
2018-04-25,41.93,42.04,41.65,41.76,54124,41.76,2.03
2018-04-24,41.4,41.47,40.82,40.93,68723,40.93,-1.49
2018-04-23,41.54,41.78,41.43,41.55,57786,41.55,2.37
2018-04-20,40.5,40.6,40.23,40.59,74153,40.59,2.47
2018-04-19,39.42,40.03,39.36,39.61,118780,39.61,0.58
2018-04-18,38.9,39.39,38.7,39.38,98377,39.38,-0.20
2018-04-17,40.13,40.13,39.43,39.46,101302,39.46,-0.23
2018-04-16,39.45,39.61,39.17,39.55,119641,39.55,-0.38
2018-04-13,40.12,40.12,39.51,39.7,90799,39.7,-2.05
2018-04-12,39.89,40.65,39.84,40.53,212469,40.53,3.63
2018-04-11,39.14,39.37,37.83,39.11,312092,39.11,-2.40
2018-04-10,40.16,40.45,39.89,40.07,74152,40.07,-0.84
2018-04-09,40.71,40.9,40.32,40.41,45332,40.41,-0.79
2018-04-06,40.58,41,40.57,40.73,120929,40.73,-1.74
2018-04-05,41.69,41.72,41.11,41.45,67596,41.45,1.77
2018-04-04,39.66,40.79,39.64,40.73,98280,40.73,-0.32
2018-04-03,40.62,41.08,40.6,40.86,74488,40.86,2.41
2018-04-02,40.44,40.76,39.69,39.9,53398,39.9,-3.65
2018-03-29,41.76,41.81,41.41,41.41,44835,41.41,-0.05
2018-03-28,40.7,41.62,40.62,41.43,115888,41.43,4.46
2018-03-27,39.89,40.06,39.59,39.66,111032,39.66,1.90
2018-03-26,39.15,39.15,38.7,38.92,90034,38.92,-1.59
2018-03-23,39.35,39.76,39.15,39.55,96675,39.55,-4.03
2018-03-22,41.08,41.51,40.86,41.21,37178,41.21,1.25
2018-03-21,41.78,42.15,40.43,40.7,358417,40.7,-5.19
2018-03-20,42.83,43.29,42.69,42.93,84036,42.93,1.42
2018-03-19,42.67,42.84,42.08,42.33,94811,42.33,-0.70
2018-03-16,42.36,43.01,42.36,42.63,58813,42.63,0.68
2018-03-15,42.07,42.49,42.01,42.34,80571,42.34,1.97
2018-03-14,41.7,41.84,41.46,41.52,44290,41.52,0.24
2018-03-13,41.5,42.04,41.21,41.42,109171,41.42,-0.48
2018-03-12,42.14,42.31,41.6,41.62,80846,41.62,-0.05
2018-03-09,42.36,42.4,41.48,41.64,148867,41.64,-0.26
2018-03-08,41.47,42.03,41.47,41.75,101411,41.75,0.70
2018-03-07,40.91,41.72,40.87,41.46,56021,41.46,2.04
2018-03-06,40.94,41,40.19,40.63,117449,40.63,-3.28
2018-03-05,41.83,42.23,41.74,42.01,40435,42.01,0.55
2018-03-02,41.47,42.18,41.45,41.78,51975,41.78,-1.67
2018-03-01,43.14,43.7,41.9,42.49,234131,42.49,0.54
2018-02-28,42.15,42.39,41.82,42.26,63218,42.26,0.24
2018-02-27,41.19,42.65,41.15,42.16,113587,42.16,3.41
2018-02-26,40.78,41.03,40.64,40.77,45948,40.77,-0.90
2018-02-23,41.16,41.35,41.01,41.14,65256,41.14,0.54
2018-02-22,41.29,41.3,40.88,40.92,102723,40.92,-1.49
2018-02-21,40.84,41.75,40.51,41.54,131985,41.54,1.39
2018-02-20,39.99,41.14,39.93,40.97,170898,40.97,4.04
2018-02-16,39.06,39.69,38.72,39.38,167325,39.38,1.08
2018-02-15,38.93,39.37,38.84,38.96,93593,38.96,-0.31
2018-02-14,40.9,41.08,38.81,39.08,316316,39.08,-5.35
2018-02-13,41.74,41.88,41.24,41.29,40836,41.29,-1.78
2018-02-12,42.24,42.3,41.58,42.04,83859,42.04,-1.55
2018-02-09,42.82,43.04,42.3,42.7,163188,42.71,0.66
2018-02-08,42.52,42.89,42.06,42.42,139795,42.42,-0.52
2018-02-07,41.92,43,41.65,42.64,167851,42.64,1.52
2018-02-06,40.88,42.14,40.82,42,236871,42,3.32
2018-02-05,40.63,40.94,40.15,40.65,153340,40.65,-1.00
2018-02-02,40.64,41.43,40.59,41.06,168333,41.06,4.21
2018-02-01,40.25,40.34,39.34,39.4,79548,39.4,-0.83
2018-01-31,39.99,41,39.63,39.73,155295,39.73,-2.07
2018-01-30,39.57,40.64,39.55,40.57,74772,40.57,1.12
2018-01-29,39.89,40.48,39.84,40.12,90446,40.12,1.85
2018-01-26,39.26,39.46,38.99,39.39,68796,39.39,-0.28
2018-01-25,38.82,40.01,38.12,39.5,180728,39.5,2.15
2018-01-24,39.08,39.23,38.33,38.67,175871,38.67,-3.76
2018-01-23,40.89,41.02,40.11,40.18,131075,40.18,-1.40
2018-01-22,40.9,41.1,40.67,40.75,63461,40.75,-0.56
2018-01-19,40.82,40.98,40.67,40.98,55973,40.98,-1.32
2018-01-18,41.26,41.58,41.01,41.53,63424,41.53,0.68
2018-01-17,40.65,41.44,40.22,41.25,168779,41.25,2.28
2018-01-16,40.81,40.97,40.28,40.33,43841,40.33,-0.25
2018-01-12,41.38,41.55,40.3,40.43,112917,40.43,-3.53
2018-01-11,42.01,42.09,41.73,41.91,116743,41.91,-1.02
2018-01-10,42.2,42.61,42.07,42.34,183210,42.35,-0.73
2018-01-09,42.9,43.12,42.5,42.65,184572,42.65,1.38
2018-01-08,42.15,42.47,42.03,42.07,125294,42.07,0.05
2018-01-05,42.44,42.48,41.87,42.05,63634,42.05,0.45
2018-01-04,42.46,42.56,41.47,41.86,91575,41.86,-1.53
2018-01-03,42.27,43.19,42.25,42.51,128183,42.51,0.81
2018-01-02,42.79,42.83,42.15,42.17,206878,42.17,-3.32
2017-12-29,43.61,43.84,43.16,43.62,309288,43.62,-2.04
2017-12-28,44.55,44.76,44.45,44.53,67392,44.53,-0.98
2017-12-27,45.33,45.42,44.88,44.97,35641,44.97,-1.03
2017-12-26,45.7,45.75,45.36,45.44,18757,45.44,-2.15
2017-12-22,46.88,46.94,46.26,46.44,53334,46.44,-1.78
2017-12-21,47.61,47.66,47.14,47.28,27271,47.28,-0.46
2017-12-20,47.72,47.81,47.23,47.5,35518,47.5,-0.92
2017-12-19,48.09,48.23,47.86,47.94,32370,47.94,-0.15
2017-12-18,48.15,48.22,47.78,48.01,52544,48.01,-1.42
2017-12-15,48.45,48.96,48.36,48.7,67286,48.7,-0.77
2017-12-14,48.92,49.36,48.72,49.08,65987,49.08,0.53
2017-12-13,50.08,50.34,47.2,48.82,157009,48.82,-2.69
2017-12-12,50.76,51.16,50.16,50.17,67109,50.17,-0.44
2017-12-11,49.93,50.61,49.73,50.39,38569,50.39,1.35
2017-12-08,49.6,49.94,49.25,49.72,66697,49.72,-0.12
2017-12-07,49.15,50.22,48.86,49.78,97691,49.78,4.12
2017-12-06,47.87,48.02,47.42,47.81,63172,47.81,0.57
2017-12-05,47.37,48.21,47.31,47.54,163818,47.54,2.28
2017-12-04,46.52,46.87,46.48,46.48,75436,46.48,1.04
2017-12-01,46.79,47.01,45.01,46,253621,46,-1.41
2017-11-30,46.24,47.1,46.01,46.66,123051,46.66,2.48
2017-11-29,45.31,45.8,45.22,45.53,67565,45.53,1.97
2017-11-28,44.37,44.89,44.28,44.65,90131,44.65,0.29
2017-11-27,44.1,44.67,44.04,44.52,64721,44.52,-1.50
2017-11-24,44.99,45.24,44.89,45.2,37408,45.2,0.94
2017-11-22,45.21,45.31,44.45,44.78,48526,44.78,-2.80
2017-11-21,45.9,46.08,45.64,46.07,60003,46.07,-0.65
2017-11-20,45.21,46.62,45.13,46.37,160937,46.37,3.92
2017-11-17,45.44,45.67,44.3,44.62,148097,44.62,-3.69
2017-11-16,46.27,46.45,46.01,46.33,68864,46.33,0.04
2017-11-15,45.48,46.49,45.24,46.31,53270,46.31,0.46
2017-11-14,46.93,47.04,45.79,46.1,98326,46.1,-0.63
2017-11-13,46.4,46.43,46.18,46.39,60784,46.39,-0.45
2017-11-10,45.66,46.82,45.56,46.6,177806,46.6,2.49
2017-11-09,45.81,45.95,45.21,45.47,83982,45.47,-1.24
2017-11-08,45.65,46.05,45.34,46.04,119775,46.04,-1.14
2017-11-07,46.21,47,46.14,46.57,31129,46.57,1.33
2017-11-06,47.13,47.2,45.82,45.96,74162,45.96,-2.77
2017-11-03,46.39,47.71,46.31,47.27,44837,47.27,1.50
2017-11-02,46.47,46.71,45.67,46.57,52135,46.57,-0.17
2017-11-01,46.88,46.96,46.18,46.65,79160,46.65,-1.12
2017-10-31,47,47.47,46.99,47.18,110794,47.18,1.20
2017-10-30,46.89,47.03,46.29,46.62,56568,46.62,-0.66
2017-10-27,47.57,47.74,46.9,46.93,75788,46.93,-1.49
2017-10-26,46.65,47.75,46.65,47.64,115000,47.64,2.76
2017-10-25,46.48,46.91,46.18,46.36,130060,46.36,-0.17
2017-10-24,46.52,46.82,46.02,46.44,79302,46.44,1.20
2017-10-23,46.86,46.88,45.8,45.89,154080,45.89,-0.48
2017-10-20,46.04,46.37,45.75,46.11,126467,46.11,1.92
2017-10-19,45.46,45.53,45.06,45.24,70948,45.24,-1.74
2017-10-18,46,46.16,45.8,46.04,68162,46.04,1.10
2017-10-17,45.64,45.91,45.35,45.54,100066,45.54,2.15
2017-10-16,43.66,44.91,43.52,44.58,99699,44.58,2.13
2017-10-13,43.81,44.15,43.65,43.65,69301,43.65,-2.35
2017-10-12,44.75,45.1,44.55,44.7,25373,44.7,-0.25
2017-10-11,45.04,45.63,44.72,44.81,89003,44.81,-0.95
2017-10-10,45,45.25,44.63,45.24,45137,45.24,-0.81
2017-10-09,46.1,46.17,45.57,45.61,91282,45.61,-2.50
2017-10-06,47.75,48.31,46.66,46.78,169026,46.78,-1.41
2017-10-05,46.7,47.55,46.64,47.45,52239,47.45,1.67
2017-10-04,46.6,47.08,46.58,46.67,37386,46.67,-0.85
2017-10-03,47.17,47.22,46.79,47.07,84104,47.07,-0.15
2017-10-02,46.61,47.14,46.5,47.14,87074,47.14,2.10
2017-09-29,45.45,46.19,45.26,46.17,86955,46.17,1.49
2017-09-28,45.72,45.9,45.27,45.49,36972,45.49,-0.59
2017-09-27,45.67,45.79,45.21,45.76,58006,45.76,2.83
2017-09-26,44,44.69,43.86,44.5,75420,44.5,3.42
2017-09-25,44.94,44.98,42.9,43.03,159954,43.03,-3.13
2017-09-22,44.69,44.77,44.38,44.42,167882,44.42,-1.40
2017-09-21,45.2,45.23,44.68,45.05,90180,45.05,2.15
2017-09-20,42.98,44.51,42.38,44.1,180521,44.1,2.44
2017-09-19,43.19,43.62,43,43.05,85302,43.05,-0.67
2017-09-18,42.98,43.69,42.88,43.34,105437,43.34,2.85
2017-09-15,41.64,42.19,41.64,42.14,63905,42.14,1.66
2017-09-14,41.99,41.99,41.24,41.45,92018,41.45,-1.33
2017-09-13,41.23,42.07,41.2,42.01,148444,42.01,2.26
2017-09-12,41.61,41.65,41.06,41.08,35037,41.08,-0.84
2017-09-11,40.88,41.54,40.73,41.43,106873,41.43,4.33
2017-09-08,39.48,40,39.44,39.71,59877,39.71,0.40
2017-09-07,40.07,40.24,39.41,39.55,108373,39.55,-3.16
2017-09-06,40.3,41.02,40.25,40.84,107316,40.84,1.64
2017-09-05,40.98,41.03,39.91,40.18,101843,40.18,-3.32
2017-09-01,41.57,42.52,41.55,41.56,106810,41.56,-0.65
2017-08-31,43.08,43.08,41.8,41.83,84477,41.83,-3.28
2017-08-30,43.31,43.45,43.08,43.25,33661,43.25,-0.02
2017-08-29,41.72,43.54,41.71,43.26,104670,43.26,0.72
2017-08-28,44.42,44.43,42.91,42.95,122403,42.95,-4.77
2017-08-25,45.07,46.75,44.79,45.1,128839,45.1,-1.16
2017-08-24,45.45,45.73,45.25,45.63,26700,45.63,0.97
2017-08-23,45.37,45.54,45.16,45.19,30024,45.19,-1.01
2017-08-22,45.27,46.06,45.27,45.65,67270,45.65,1.38
2017-08-21,45.3,45.3,44.79,45.03,62738,45.03,-1.18
2017-08-18,44.32,45.82,44.16,45.57,171751,45.57,0.53
2017-08-17,45.58,46.19,45.25,45.33,96733,45.33,-1.65
2017-08-16,47.44,47.48,45.87,46.09,138441,46.09,-2.17
2017-08-15,47.54,47.54,46.82,47.11,106483,47.11,2.24
2017-08-14,45.92,46.24,45.69,46.08,80390,46.08,2.24
2017-08-11,45.64,45.89,45.03,45.07,56610,45.07,-1.34
2017-08-10,45.79,45.84,45.43,45.68,123512,45.68,-2.27
2017-08-09,47.04,47.33,46.46,46.74,173531,46.74,-3.59
2017-08-08,48.33,49.56,48.24,48.48,137118,48.48,-0.94
2017-08-07,49.06,49.06,48.6,48.94,63190,48.94,0.29
2017-08-04,48.35,49.2,48.28,48.8,121856,48.8,2.54
2017-08-03,47.91,47.91,47.35,47.59,100577,47.59,-0.46
2017-08-02,47.66,47.88,47.14,47.81,37739,47.81,0.61
2017-08-01,47.58,47.64,46.97,47.52,42946,47.52,0.13
2017-07-31,47.72,47.79,47.41,47.46,38884,47.46,-0.15
2017-07-28,48.12,48.17,47.35,47.53,74647,47.53,-2.16
2017-07-27,48.18,49.19,48.18,48.58,73306,48.58,0.27
2017-07-26,50.13,50.14,48.13,48.45,84688,48.45,-2.48
2017-07-25,49.59,49.84,49.23,49.68,141497,49.68,1.12
2017-07-24,48.89,49.31,48.89,49.13,81447,49.13,-0.28
2017-07-21,49.64,49.9,49.12,49.27,48917,49.27,-2.55
2017-07-20,50.96,51.24,50.07,50.56,46592,50.56,-0.35
2017-07-19,50.6,51.02,50.5,50.74,58548,50.74,0.08
2017-07-18,50.88,51,50.36,50.7,88297,50.7,-2.01
2017-07-17,51.62,51.88,51.5,51.74,58827,51.74,-1.41
2017-07-14,52.12,52.62,51.88,52.48,79941,52.48,-2.49
2017-07-13,53.54,54.01,53.54,53.82,38572,53.82,0.60
2017-07-12,53.21,53.68,53.13,53.5,45583,53.5,-1.04
2017-07-11,54.63,55.06,53.9,54.06,42501,54.06,-0.39
2017-07-10,54.96,55.21,53.92,54.27,73802,54.27,-0.55
2017-07-07,53.96,55.2,53.96,54.57,121665,54.57,3.08
2017-07-06,52.88,53.24,52.79,52.94,71176,52.94,0.09
2017-07-05,53.75,53.8,52.69,52.89,46258,52.89,-1.18
2017-07-03,52.89,53.66,52.46,53.52,63782,53.52,5.15
2017-06-30,50.85,50.95,50.47,50.9,38605,50.9,0.77
2017-06-29,51.01,51.09,50.22,50.51,37048,50.51,1.45
2017-06-28,49.64,50.06,49.64,49.79,43442,49.79,-0.18
2017-06-27,49.81,50.26,49.63,49.88,57596,49.88,-1.17
2017-06-26,50.52,50.71,50.32,50.47,26686,50.47,2.87
2017-06-23,48.81,49.19,48.81,49.06,42349,49.06,-1.35
2017-06-22,49.47,50.01,49.41,49.73,70045,49.73,-0.98
2017-06-21,50.68,50.68,50.11,50.22,39876,50.22,-0.87
2017-06-20,50.35,50.81,50.3,50.66,58136,50.66,0.62
2017-06-19,49.86,50.45,49.83,50.35,66999,50.35,2.28
2017-06-16,49.22,49.3,49.06,49.23,18046,49.23,0.08
2017-06-15,49.34,49.45,49.06,49.19,63005,49.19,1.26
2017-06-14,46.61,48.86,45.52,48.58,331210,48.58,1.61
2017-06-13,48.51,48.51,47.6,47.81,108597,47.81,-0.42
2017-06-12,48.02,48.08,47.67,48.01,40739,48.01,0.54
2017-06-09,47.93,47.93,47.36,47.75,131474,47.75,2.69
2017-06-08,46.03,47.22,46.03,46.5,125284,46.5,1.93
2017-06-07,45.29,46.07,44.83,45.62,85879,45.62,1.67
2017-06-06,44.88,45.29,44.6,44.87,69256,44.87,-3.36
2017-06-05,46.24,46.64,46.24,46.43,27238,46.43,-0.32
2017-06-02,46.88,47.01,46.5,46.58,39953,46.58,-2.37
2017-06-01,48.29,48.36,47.65,47.71,44984,47.71,-0.04
2017-05-31,48.17,48.19,47.1,47.73,91134,47.73,-1.26
2017-05-30,48.22,48.51,48.16,48.34,21251,48.34,1.11
2017-05-26,47.91,48.03,47.51,47.81,65568,47.81,-2.59
2017-05-25,49.12,49.34,48.92,49.08,31809,49.08,0.25
2017-05-24,49.66,49.82,48.83,48.96,50572,48.96,-1.23
2017-05-23,48.33,49.74,48.28,49.57,77634,49.57,2.00
2017-05-22,48.98,48.98,48.36,48.6,30748,48.6,-1.36
2017-05-19,49.26,49.86,49.07,49.27,98758,49.27,-1.30
2017-05-18,48.77,50.25,48.77,49.92,103715,49.92,2.51
2017-05-17,49.28,49.43,48.48,48.7,109121,48.7,-5.55
2017-05-16,51.84,51.88,51.24,51.56,29867,51.56,-1.34
2017-05-15,51.71,52.43,51.71,52.26,32303,52.26,-0.76
2017-05-12,52.36,52.82,52.23,52.66,118030,52.66,-0.87
2017-05-11,53.5,53.52,52.71,53.12,69137,53.12,-1.17
2017-05-10,53.23,53.96,53.16,53.75,38690,53.75,0.13
2017-05-09,53.58,54.38,53.51,53.68,73750,53.68,1.72
2017-05-08,52.38,52.86,52.28,52.77,68107,52.77,0.61
2017-05-05,52.66,52.89,52.38,52.45,134912,52.45,-0.47
2017-05-04,52.73,52.95,52.18,52.7,133688,52.7,2.81
2017-05-03,49.72,51.26,49.52,51.26,170544,51.26,4.34
2017-05-02,49.55,49.56,49.11,49.13,40923,49.13,0.12
2017-05-01,48.4,49.42,47.79,49.07,107265,49.07,2.76
2017-04-28,48.2,48.37,47.75,47.75,71678,47.75,-0.91
2017-04-27,48.15,48.72,47.97,48.19,176016,48.19,1.15
2017-04-26,48.41,48.8,47.47,47.64,111702,47.64,-1.41
2017-04-25,48.04,48.56,47.73,48.32,130357,48.32,3.05
2017-04-24,47.68,47.79,46.86,46.89,90947,46.89,2.07
2017-04-21,46.16,46.57,45.62,45.94,155207,45.94,-0.95
2017-04-20,46.53,46.86,46.17,46.38,118119,46.38,-0.49
2017-04-19,46.04,47.14,46.04,46.61,294890,46.61,2.51
2017-04-18,45.89,46.63,45.2,45.47,155922,45.47,-1.47
2017-04-17,45.69,46.35,45.19,46.15,82855,46.15,0.98
2017-04-13,45.72,46.31,45.69,45.7,73956,45.7,-1.49
2017-04-12,47.08,47.32,46.16,46.39,109806,46.39,-1.90
2017-04-11,48.39,48.39,47.08,47.29,165637,47.29,-4.48
2017-04-10,50.02,50.24,49.23,49.51,53948,49.51,-0.04
2017-04-07,48.36,49.79,47.93,49.53,105110,49.53,-0.58
2017-04-06,49.76,50.1,49.6,49.82,32795,49.82,1.14
2017-04-05,50.54,50.81,49.25,49.26,151536,49.26,-0.14
2017-04-04,49.33,49.57,49.14,49.33,34261,49.33,-0.78
2017-04-03,50.5,50.5,49.64,49.72,42153,49.72,-1.39
2017-03-31,50.62,50.74,50.06,50.42,33221,50.42,-0.59
2017-03-30,50.33,50.86,49.98,50.72,54467,50.72,2.09
2017-03-29,49.78,49.9,49.51,49.68,30705,49.68,-0.56
2017-03-28,49.11,50.22,49,49.96,88765,49.96,1.17
2017-03-27,48.79,49.7,48.65,49.38,146950,49.38,-1.67
2017-03-24,50.6,50.75,49.75,50.22,20819,50.22,-0.57
2017-03-23,49.84,50.9,49.71,50.51,89467,50.51,0.54
2017-03-22,50.16,50.37,49.83,50.24,80863,50.24,-0.75
2017-03-21,51.53,51.55,50.33,50.62,62738,50.62,-2.45
2017-03-20,52.2,52.31,51.84,51.89,58019,51.89,-1.42
2017-03-17,52.45,52.72,52.29,52.64,52692,52.64,-0.64
2017-03-16,52.21,53.05,52.2,52.98,139438,52.98,-1.43
2017-03-15,56.7,57.13,53.73,53.75,195775,53.75,-5.50
2017-03-14,56.37,57.08,55.66,56.88,41187,56.88,1.37
2017-03-13,56.16,56.3,55.78,56.11,44311,56.11,0.04
2017-03-10,56.45,56.88,56.06,56.09,78352,56.09,-0.58
2017-03-09,55.93,56.49,55.63,56.42,89822,56.42,1.66
2017-03-08,55.67,55.69,55.13,55.5,71233,55.5,1.80
2017-03-07,54,54.75,53.88,54.52,60613,54.52,2.60
2017-03-06,52.31,53.29,52.31,53.14,47290,53.14,2.13
2017-03-03,52.9,53.54,51.86,52.03,329354,52.03,-0.02
2017-03-02,51.84,52.53,51.14,52.04,250593,52.04,3.73
2017-03-01,51.51,51.52,50.06,50.17,101404,50.17,0.46
2017-02-28,49.32,50.35,49.18,49.94,115172,49.94,-0.18
2017-02-27,49.29,50.04,48.5,50.03,207858,50.03,1.50
2017-02-24,49.24,49.89,49.13,49.29,66696,49.29,-1.95
2017-02-23,50.51,50.54,50,50.27,42678,50.27,-2.73
2017-02-22,51.75,52.75,51.6,51.68,33584,51.68,-0.37
2017-02-21,52.81,53.17,51.56,51.87,19430,51.87,-0.10
2017-02-17,51.27,51.94,51.1,51.92,13316,51.92,0.84
2017-02-16,51.68,51.68,51.11,51.49,13197,51.49,-1.64
2017-02-15,53.84,53.84,52.28,52.35,20963,52.35,-1.25
2017-02-14,52.13,53.75,52.12,53.01,81743,53.01,-0.43
2017-02-13,53.3,54.03,53.11,53.24,23944,53.24,2.07
2017-02-10,53.31,53.34,51.68,52.16,88491,52.16,-0.69
2017-02-09,51.15,52.59,50.85,52.52,74153,52.52,2.28
2017-02-08,51.43,51.72,50.84,51.35,34985,51.35,-1.78
2017-02-07,52.5,52.64,51.94,52.28,34411,52.28,0.50
2017-02-06,52.79,53.24,51.98,52.02,59594,52.02,-3.90
2017-02-03,54.66,54.68,53.82,54.13,43537,54.13,-0.79
2017-02-02,53.85,54.76,53.55,54.56,65378,54.56,-1.62
2017-02-01,56.22,56.85,55.13,55.46,50834,55.46,0.73
2017-01-31,55.44,55.51,54.6,55.06,143894,55.06,-4.03
2017-01-30,57.91,57.95,56.83,57.37,28746,57.37,-1.27
2017-01-27,58.85,59.08,57.94,58.11,29301,58.11,-0.43
2017-01-26,58.48,59,58.03,58.36,65036,58.36,2.73
2017-01-25,57.1,57.71,56.61,56.81,64933,56.81,2.51
2017-01-24,54.8,55.82,54.46,55.42,71216,55.42,1.39
2017-01-23,55.09,55.35,54.2,54.66,65533,54.66,-1.96
2017-01-20,56.44,56.74,54.75,55.75,117415,55.75,-0.69
2017-01-19,56.84,57.54,55.95,56.14,56836,56.14,0.14
2017-01-18,54.78,56.47,54.64,56.06,36020,56.06,2.58
2017-01-17,54.52,55.1,54.44,54.65,88731,54.65,-4.26
2017-01-13,57.89,58.56,56.99,57.08,63056,57.08,-0.75
2017-01-12,56.54,57.62,56.01,57.51,87181,57.51,-0.95
2017-01-11,59.18,60.16,57.05,58.06,72025,58.06,-1.16
2017-01-10,59.12,59.37,58.25,58.74,24381,58.74,-1.16
2017-01-09,59.87,60.16,59.07,59.43,40041,59.43,-2.45
2017-01-06,60.74,61.16,59.92,60.92,13602,60.92,2.16
2017-01-05,60.35,60.43,58.98,59.63,55579,59.63,-4.58
2017-01-04,62.15,62.77,61.9,62.49,63416,62.49,-0.92
2017-01-03,64.57,65.02,62.27,63.07,42593,63.07,-2.35
2016-12-30,63.25,64.66,62.99,64.59,65767,64.59,1.78
2016-12-29,65.4,65.53,63.09,63.46,85825,63.46,-4.05
2016-12-28,66.91,67.07,66.02,66.14,32515,66.14,-0.72
2016-12-27,66.73,67.22,66.38,66.62,56134,66.62,-1.68
2016-12-23,67.91,67.92,67.3,67.76,22164,67.76,-0.98
2016-12-22,68.28,68.57,67.54,68.43,23556,68.43,0.75
2016-12-21,67.12,68.17,67,67.92,26085,67.92,0.07
2016-12-20,68.64,68.79,67.6,67.87,52630,67.87,2.04
2016-12-19,66.55,66.99,65.9,66.51,33860,66.51,-1.47
2016-12-16,67.73,68.49,66.06,67.5,90237,67.5,-1.88
2016-12-15,68.04,69.37,67.74,68.79,131476,68.79,3.93
2016-12-14,62.51,66.85,62.51,66.19,184280,66.19,4.07
2016-12-13,63.32,64.19,63.14,63.6,34850,63.6,0.98
2016-12-12,63.31,63.8,62.52,62.98,38185,62.98,-1.15
2016-12-09,62.42,64.14,62.31,63.71,75650,63.71,3.24
2016-12-08,61.39,61.81,61.39,61.71,18832,61.71,0.64
2016-12-07,60.83,61.34,60.16,61.32,24133,61.32,-1.11
2016-12-06,61.63,62.28,61.2,62.01,38814,62.01,0.37
2016-12-05,62.51,63.7,60.98,61.78,61404,61.78,1.49
2016-12-02,61.26,61.36,60.6,60.87,38979,60.87,-1.38
2016-12-01,62.58,63.45,61.11,61.72,78481,61.72,0.46
2016-11-30,60.1,61.72,60.1,61.44,91731,61.44,4.01
2016-11-29,59.83,59.91,58.79,59.07,31949,59.07,1.32
2016-11-28,59.2,59.82,58.23,58.3,62071,58.3,-3.09
2016-11-25,59.17,60.58,58.9,60.16,24455,60.16,1.81
2016-11-23,57.97,60.11,57.97,59.09,229671,59.09,5.88
2016-11-22,55.53,56.61,55.53,55.81,30350,55.81,0.02
2016-11-21,55.49,56.1,55.25,55.8,25145,55.8,-0.91
2016-11-18,55.96,56.62,55.54,56.31,28535,56.31,2.34
2016-11-17,53.9,55.92,53.5,55.02,53082,55.02,2.04
2016-11-16,53.51,54.11,53.45,53.92,22074,53.92,0.48
2016-11-15,54.55,54.91,53.39,53.66,57638,53.66,-2.37
2016-11-14,55,55.87,53.67,54.96,80248,54.96,2.16
2016-11-11,50.73,54.93,50.51,53.8,175015,53.8,6.60
2016-11-10,48.41,50.92,48.37,50.47,220058,50.47,4.71
2016-11-09,44.96,48.82,44.89,48.2,185732,48.2,0.17
2016-11-08,47.55,48.49,46.39,48.12,81897,48.12,1.22
2016-11-07,46.94,47.74,46.91,47.54,39764,47.54,5.50
2016-11-04,45,45.42,44.91,45.06,46475,45.06,-0.20
2016-11-03,46.17,46.18,45.14,45.15,40487,45.15,-1.48
2016-11-02,45.74,45.93,44.71,45.83,49507,45.83,-2.34
2016-11-01,46.87,47.09,46.43,46.93,26866,46.93,-2.11
2016-10-31,48.49,48.78,47.94,47.94,36414,47.94,-0.87
2016-10-28,48.83,49.27,47.2,48.36,130141,48.36,-1.31
2016-10-27,48.99,49.41,48.93,49,23478,49,-0.73
2016-10-26,48.59,49.59,48.55,49.36,17453,49.36,1.65
2016-10-25,49.29,49.31,48.35,48.56,51053,48.56,-2.23
2016-10-24,48.75,50.1,48.75,49.67,15349,49.67,0.61
2016-10-21,49.45,49.68,49.25,49.37,31051,49.37,-0.12
2016-10-20,48.68,49.55,48.39,49.43,20657,49.43,0.75
2016-10-19,48.93,49.22,48.61,49.06,32639,49.06,-1.66
2016-10-18,50.26,50.51,49.61,49.89,22991,49.89,-1.81
2016-10-17,50.75,50.93,50.52,50.81,37402,50.81,-0.74
2016-10-14,51.25,51.27,50.36,51.19,43957,51.19,1.65
2016-10-13,50.22,50.6,49.82,50.36,33478,50.36,-0.55
2016-10-12,50.66,51.14,50.28,50.64,32286,50.64,-0.41
2016-10-11,50.4,50.89,50.18,50.85,51352,50.85,1.50
2016-10-10,49.97,50.37,49.79,50.1,25405,50.1,-1.07
2016-10-07,49.7,52.55,49.63,50.64,66424,50.64,-0.26
2016-10-06,50.7,51.25,50.47,50.77,71348,50.77,2.94
2016-10-05,48.68,49.81,48.5,49.32,57888,49.32,0.53
2016-10-04,46.71,49.31,46.71,49.06,193451,49.06,10.25
2016-10-03,44.38,44.91,44.34,44.5,43036,44.5,0.95
2016-09-30,43.11,44.45,43.11,44.08,45924,44.08,0.92
2016-09-29,43.93,44.1,43.35,43.68,23042,43.68,0.55
2016-09-28,43.32,43.93,43.32,43.44,22410,43.44,0.86
2016-09-27,42.79,43.26,42.79,43.07,28882,43.07,2.21
2016-09-26,41.66,42.24,41.64,42.14,23494,42.14,0.29
2016-09-23,42.05,42.28,41.88,42.02,48498,42.02,-0.26
2016-09-22,42.09,42.16,41.46,42.13,86664,42.13,-0.68
2016-09-21,43.37,43.7,42.39,42.42,59830,42.42,-4.50
2016-09-20,44.5,44.66,44.27,44.42,13195,44.42,-0.27
2016-09-19,44.33,44.59,44.24,44.54,18296,44.54,-0.65
2016-09-16,45.09,45.21,44.7,44.83,28837,44.83,0.76
2016-09-15,44.19,44.94,43.84,44.49,40851,44.49,1.92
2016-09-14,43.81,43.81,43.32,43.65,33292,43.65,-1.07
2016-09-13,43.38,44.27,43.22,44.12,47012,44.12,2.25
2016-09-12,43.47,43.87,42.85,43.15,39855,43.15,0.14
2016-09-09,42.48,43.09,42.3,43.09,56958,43.09,2.23
2016-09-08,41.57,42.56,41.31,42.15,54401,42.15,1.71
2016-09-07,40.94,41.63,40.94,41.44,66689,41.44,0.80
2016-09-06,42.47,42.65,40.82,41.11,96994,41.11,-5.30
2016-09-02,43.62,44.42,43.3,43.41,30573,43.41,-2.89
2016-09-01,45.44,45.63,44.63,44.7,39574,44.7,-1.50
2016-08-31,45.47,45.49,45.05,45.38,27459,45.38,0.64
2016-08-30,44.35,45.21,44.15,45.09,22231,45.09,2.95
2016-08-29,44.15,44.2,43.63,43.8,11245,43.8,-0.54
2016-08-26,43.19,44.19,41.92,44.04,28953,44.04,0.43
2016-08-25,44.2,44.2,43.8,43.85,19264,43.85,0.16
2016-08-24,43.24,43.79,43.22,43.78,103853,43.78,3.52
2016-08-23,41.98,42.4,41.9,42.29,21983,42.29,-0.02
2016-08-22,42.52,42.57,42.23,42.3,24670,42.3,0.59
2016-08-19,41.97,42.25,41.43,42.05,99912,42.05,2.74
2016-08-18,41.1,41.37,40.85,40.93,23788,40.93,-1.40
2016-08-17,41.79,42.32,41.05,41.51,64612,41.51,-0.24
2016-08-16,41.8,41.95,41,41.61,33183,41.61,-1.23
2016-08-15,42.41,42.41,41.74,42.13,20502,42.13,-1.13
2016-08-12,40.83,42.64,40.78,42.61,88116,42.61,0.85
2016-08-11,41.41,42.39,40.85,42.25,24316,42.25,1.88
2016-08-10,40.85,41.76,40.8,41.47,22372,41.47,-1.21
2016-08-09,42.09,42.21,41.84,41.98,25249,41.98,-1.32
2016-08-08,42.71,42.71,42.36,42.54,15121,42.54,0.35
2016-08-05,41.7,42.56,41.61,42.39,158407,42.39,5.11
2016-08-04,40.03,40.33,39.89,40.33,10101,40.33,-0.44
2016-08-03,40.19,40.67,40.18,40.51,32816,40.51,1.76
2016-08-02,40.13,40.17,39.69,39.81,87572,39.81,-2.81
2016-08-01,41.53,41.53,40.8,40.96,15694,40.96,-0.19
2016-07-29,41.67,42.14,40.83,41.04,145044,41.04,-3.39
2016-07-28,41.98,42.79,41.98,42.48,29421,42.48,1.07
2016-07-27,43.3,43.8,41.83,42.03,36869,42.03,-4.63
2016-07-26,43.96,44.25,43.92,44.07,16576,44.07,-1.19
2016-07-25,44.55,44.73,43.91,44.6,65164,44.6,2.04
2016-07-22,43.62,44,43.62,43.71,25340,43.71,2.44
2016-07-21,44.37,44.44,42.64,42.67,89415,42.67,-4.56
2016-07-20,44.65,44.84,44,44.71,49142,44.71,4.17
2016-07-19,43.08,43.2,42.73,42.92,14459,42.92,-0.16
2016-07-18,43.14,43.44,42.66,42.99,32838,42.99,-0.58
2016-07-15,43.69,43.73,42.96,43.24,28838,43.24,0.93
2016-07-14,43.79,44,42.72,42.84,35246,42.84,2.54
2016-07-13,42.02,42.41,41.77,41.78,20168,41.78,-2.77
2016-07-12,41.63,43,41.63,42.97,50427,42.97,5.04
2016-07-11,40.2,40.95,40.2,40.91,22630,40.91,2.97
2016-07-08,40.39,41.07,39.71,39.73,57218,39.73,-1.68
2016-07-07,40.32,41.08,40.17,40.41,40528,40.41,1.23
2016-07-06,39.7,40.18,39.17,39.92,36545,39.92,-1.82
2016-07-05,41.33,41.77,40.6,40.66,41723,40.66,-2.59
2016-07-01,42.25,42.6,41.69,41.74,52604,41.74,-4.57
2016-06-30,44.17,44.65,43.74,43.74,30645,43.74,-1.20
2016-06-29,44.24,44.4,43.32,44.27,50810,44.27,-1.38
2016-06-28,44.61,45.04,44.14,44.89,71832,44.89,3.53
2016-06-27,43.62,44.25,43.15,43.36,66777,43.36,-1.94
2016-06-24,43.17,45.14,42.76,44.22,114130,44.22,-14.60
2016-06-23,51.27,51.78,50.65,51.78,32341,51.78,2.15
2016-06-22,50.81,50.91,50.35,50.69,25642,50.69,-0.18
2016-06-21,49.83,50.82,49.66,50.78,83605,50.78,6.28
2016-06-20,49.1,49.26,47.78,47.78,61358,47.78,1.42
2016-06-17,47.92,48.47,47,47.11,120020,47.11,-3.54
2016-06-16,45.62,49.01,45.14,48.84,62050,48.84,2.84
2016-06-15,48.83,48.93,47.35,47.49,88087,47.49,-2.20
2016-06-14,48.26,49.05,48.22,48.56,42630,48.56,-0.23
2016-06-13,48.47,49.42,48.47,48.67,22767,48.67,-2.29
2016-06-10,50.02,50.55,49.44,49.81,45502,49.81,-1.62
2016-06-09,51.36,51.36,50.17,50.63,37280,50.63,-1.46
2016-06-08,51.64,51.72,51.12,51.38,49802,51.38,-4.32
2016-06-07,54.15,54.15,53.47,53.7,15860,53.7,0.30
2016-06-06,53.65,54.06,53.3,53.54,35282,53.54,-0.45
2016-06-03,54.6,54.6,53.71,53.78,134645,53.78,-7.97
2016-06-02,58.35,58.52,58.17,58.44,6792,58.44,0.59
2016-06-01,58,59.14,57.9,58.1,36782,58.1,0.35
2016-05-31,59.3,59.3,57.43,57.9,34398,57.9,-1.25
2016-05-27,57.62,59.04,57.56,58.63,80651,58.63,2.57
2016-05-26,55.86,57.33,55.61,57.16,28180,57.16,1.01
2016-05-25,57.03,57.42,56.47,56.59,78492,56.59,1.04
2016-05-24,54.84,56.1,54.76,56.01,144713,56.01,5.32
2016-05-23,53.92,54.03,52.98,53.18,56530,53.18,0.80
2016-05-20,52.15,53.22,52.1,52.76,21838,52.76,0.27
2016-05-19,53.68,53.72,52.46,52.62,60981,52.62,0.48
2016-05-18,50.88,52.53,50.1,52.37,38481,52.37,5.63
2016-05-17,50.37,50.5,49.35,49.58,16205,49.58,-1.29
2016-05-16,48.78,50.51,48.73,50.23,23487,50.23,-0.20
2016-05-13,51.07,51.35,50.33,50.33,18637,50.33,-1.41
2016-05-12,49.98,51.18,49.55,51.05,67463,51.05,2.43
2016-05-11,50.05,50.65,49.73,49.84,49851,49.84,-2.75
2016-05-10,51.51,52.25,50.81,51.25,58074,51.25,-0.58
2016-05-09,50.97,51.65,50.88,51.55,47929,51.55,5.98
2016-05-06,49.02,49.14,47.98,48.64,41785,48.64,-2.93
2016-05-05,49.31,51.02,49.29,50.11,44938,50.11,0.50
2016-05-04,49.14,50.67,48.77,49.86,52975,49.86,1.80
2016-05-03,48.1,49.49,48.07,48.98,68396,48.98,0.60
2016-05-02,48,48.9,47.88,48.69,93620,48.69,0.83
2016-04-29,49.72,49.8,47.88,48.29,211291,48.29,-5.96
2016-04-28,53.11,53.27,51.22,51.35,109115,51.35,-5.36
2016-04-27,54.37,54.7,53.54,54.26,45806,54.26,-0.82
2016-04-26,54.65,55.01,54.5,54.71,62623,54.71,-1.16
2016-04-25,55.58,55.87,54.8,55.35,28978,55.35,-0.98
2016-04-22,54.8,56.78,54.57,55.9,97453,55.9,3.73
2016-04-21,52.54,54.21,52.41,53.89,169678,53.89,-1.08
2016-04-20,53.57,55.09,53.11,54.48,60722,54.48,1.41
2016-04-19,53.25,53.79,52.92,53.72,56184,53.72,-4.79
2016-04-18,55.23,56.53,55.2,56.42,58842,56.42,0.59
2016-04-15,56.91,57.09,55.79,56.09,51859,56.09,-2.20
2016-04-14,55.91,57.64,55.79,57.35,165908,57.35,4.33
2016-04-13,54.15,55.17,54.11,54.97,64484,54.97,3.62
2016-04-12,53.13,53.85,52.9,53.05,41784,53.05,-0.43
2016-04-11,54.77,54.77,52.98,53.28,33568,53.28,-4.09
2016-04-08,56.12,56.22,55.08,55.55,51570,55.55,0.31
2016-04-07,55.22,56.39,54.98,55.38,96618,55.38,-4.19
2016-04-06,58.19,58.47,57.24,57.8,111604,57.8,1.72
2016-04-05,56.62,57.36,56.36,56.82,113749,56.82,-3.94
2016-04-04,58.29,59.15,58.25,59.15,67252,59.15,2.30
2016-04-01,59.04,59.77,57.82,57.82,144903,57.82,1.94
2016-03-31,56.04,57,55.77,56.72,44324,56.72,-1.41
2016-03-30,56.58,57.75,56.18,57.53,81902,57.53,3.96
2016-03-29,57.6,58.02,55.2,55.34,99001,55.34,-5.30
2016-03-28,58.28,58.88,57.95,58.44,30463,58.44,-0.70
2016-03-24,58.22,58.86,58.05,58.85,42722,58.85,0.60
2016-03-23,58.3,59,57.8,58.5,93301,58.5,6.93
2016-03-22,54.12,55.05,53.56,54.71,43642,54.71,-1.01
2016-03-21,55.22,55.53,54.76,55.27,42608,55.27,2.30
2016-03-18,54.29,54.5,53.43,54.03,35573,54.03,0.65
2016-03-17,52.34,54,52.24,53.68,219941,53.68,0.41
2016-03-16,57.85,58.2,53.04,53.46,138332,53.46,-6.29
2016-03-15,57.32,57.78,56.93,57.05,125136,57.05,-0.17
2016-03-14,53.8,57.62,53.8,57.15,312863,57.15,3.98
2016-03-11,52.72,54.96,52.4,54.96,109305,54.96,4.77
2016-03-10,53.71,53.71,51.87,52.46,507442,52.46,-4.46
2016-03-09,55.44,55.9,53.9,54.91,72371,54.91,2.50
2016-03-08,52,53.74,51.9,53.57,186606,53.57,1.42
2016-03-07,53.01,53.68,52.4,52.82,78069,52.82,-1.40
2016-03-04,52.91,54.02,51.23,53.57,234626,53.57,0.22
2016-03-03,56.4,56.4,52.74,53.45,139611,53.45,-5.06
2016-03-02,57.02,57.1,55.92,56.3,52225,56.3,-2.04
2016-03-01,56.23,58.22,56.23,57.47,109438,57.47,1.92
2016-02-29,58.16,58.16,56.39,56.39,25314,56.39,-3.98
2016-02-26,58.41,60.7,58.04,58.73,96395,58.73,2.14
2016-02-25,58,58.07,56.35,57.5,50501,57.5,-0.96
2016-02-24,56.2,58.29,54.67,58.06,73170,58.06,-1.26
2016-02-23,59.46,59.57,58.5,58.8,40030,58.8,-4.39
2016-02-22,61.28,61.5,60.7,61.5,25120,61.5,5.34
2016-02-19,58.32,59,57.77,58.38,17260,58.38,1.92
2016-02-18,62.11,62.11,56.71,57.28,34901,57.28,-6.83
2016-02-17,61.92,62.31,60.77,61.48,28777,61.48,-2.13
2016-02-16,60.9,62.82,60.42,62.82,47667,62.82,9.50
2016-02-12,57.93,57.95,57,57.37,22558,57.37,1.52
2016-02-11,57.6,58.65,53.75,56.51,98666,56.51,-12.50
2016-02-10,65.44,66.72,64.38,64.58,34574,64.58,-1.43
2016-02-09,64.57,66.02,64.07,65.52,62234,65.52,0.34
2016-02-08,66.34,66.69,63.99,65.3,44780,65.3,-4.85
2016-02-05,73.75,73.88,68.62,68.63,26777,68.63,-4.57
2016-02-04,72.51,73.28,71.76,71.92,36054,71.92,-3.91
2016-02-03,77.67,77.67,74.18,74.85,17346,74.85,-3.09
2016-02-02,77.25,78.65,77.24,77.24,3706,77.24,-0.12
2016-02-01,78.78,78.78,77.33,77.33,13212,77.33,-3.18
2016-01-29,80.55,81.17,79.87,79.87,6794,79.87,-0.99
2016-01-28,80.6,80.81,80.03,80.67,13651,80.67,3.29
2016-01-27,79.71,80.37,77.62,78.1,17935,78.1,-1.18
2016-01-26,81.44,81.44,78.64,79.03,11256,79.03,-3.84
2016-01-25,82.32,82.81,82,82.19,2765,82.19,-2.54
2016-01-22,84.84,85.07,83.33,84.33,8054,84.33,0.57
2016-01-21,84.9,85.51,83.85,83.85,6164,83.85,0.18
2016-01-20,84.13,84.7,82,83.7,9990,83.7,-3.79
2016-01-19,86.76,87.63,86.76,87,31233,87,0.17
2016-01-15,85.03,87.13,85.03,86.85,15047,86.85,-2.96
2016-01-14,88.02,91,87,89.5,23310,89.5,4.47
2016-01-13,87.46,87.92,85.61,85.67,21025,85.67,-1.24
2016-01-12,88.26,88.26,86.05,86.75,11165,86.75,1.26
2016-01-11,83.82,85.8,83.82,85.67,50857,85.67,2.37
2016-01-08,84.29,84.77,83.34,83.69,23635,83.69,1.54
2016-01-07,83.23,84.18,82.21,82.42,42169,82.42,-4.17
2016-01-06,87,87.92,85.62,86.01,13732,86.01,-4.41
2016-01-05,90.27,90.31,89.48,89.98,9118,89.98,-1.18
2016-01-04,90.1,91.49,88.76,91.05,14635,91.05,-4.00
2015-12-31,94.43,95.19,94.38,94.84,13722,94.84,0.08
2015-12-30,94.69,94.96,94.65,94.76,4931,94.76,2.01
2015-12-29,91.76,92.89,91.76,92.89,5135,92.89,0.38
2015-12-28,91.76,93.11,91.72,92.54,11485,92.54,1.84
2015-12-24,91.47,91.47,90.74,90.87,1196,90.87,-1.70
2015-12-23,92.37,92.64,92.3,92.44,7303,92.44,0.82
2015-12-22,90.8,91.79,89.99,91.69,32113,91.69,1.64
2015-12-21,91.29,91.29,89.52,90.21,17624,90.21,-3.63
2015-12-18,95.94,95.94,92.25,93.61,30083,93.61,-4.33
2015-12-17,96.84,98.6,96.77,97.85,17153,97.85,6.29
2015-12-16,92.96,94.51,91.08,92.06,11970,92.06,-3.85
2015-12-15,95.36,95.75,94.29,95.75,13220,95.75,1.30
2015-12-14,93.36,94.8,93.19,94.52,5746,94.52,3.32
2015-12-11,94.72,94.72,90.84,91.48,19014,91.48,-1.34
2015-12-10,93.04,93.04,92.52,92.72,4287,92.72,0.16
2015-12-09,90.09,92.88,89.77,92.57,18742,92.57,0.61
2015-12-08,91.07,92.45,91.07,92.01,11770,92.01,-0.48
2015-12-07,90.52,92.99,90.52,92.45,11429,92.45,3.88
2015-12-04,92.99,92.99,88.54,89,17826,89,-6.82
2015-12-03,96.9,97.64,94.76,95.51,28929,95.51,-2.84
2015-12-02,96.75,98.3,96.73,98.3,8596,98.3,4.69
2015-12-01,94.08,94.96,93.57,93.9,11444,93.9,-1.11
2015-11-30,96.62,96.62,94.1,94.95,6826,94.95,-1.81
2015-11-27,97.38,97.75,96.21,96.7,18460,96.7,3.17
2015-11-25,94.04,94.32,93.13,93.73,34329,93.73,1.23
2015-11-24,91.91,92.66,91.66,92.59,16778,92.59,-1.93
2015-11-23,94,94.61,93.29,94.41,18756,94.41,2.88
2015-11-20,90.61,92.22,90.61,91.77,15309,91.77,1.19
2015-11-19,92.5,92.5,90.18,90.69,21705,90.69,-3.44
2015-11-18,94,94.59,92.26,93.92,21645,93.92,-0.23
2015-11-17,91.88,95,91.57,94.14,34617,94.14,3.92
2015-11-16,90.25,91,89.87,90.59,7576,90.59,-0.34
2015-11-13,91.12,91.12,90.57,90.9,5172,90.9,0.87
2015-11-12,92.58,92.58,89.28,90.12,20364,90.12,-0.11
2015-11-11,89.87,90.23,89.2,90.22,11863,90.22,0.97
2015-11-10,89.92,90,88.16,89.35,8625,89.35,0.73
2015-11-09,89.08,89.12,88.34,88.7,18885,88.7,-0.72
2015-11-06,89.24,89.5,88.85,89.34,12281,89.34,4.17
2015-11-05,84.98,85.77,84.74,85.76,8075,85.76,1.08
2015-11-04,82.51,85.02,82.36,84.84,11729,84.84,2.58
2015-11-03,80.77,83.05,80.77,82.71,15309,82.71,4.56
2015-11-02,79.09,79.29,78.7,79.1,24220,79.1,1.85
2015-10-30,77.2,78,77,77.66,7240,77.66,1.50
2015-10-29,75.78,76.75,75.31,76.51,7793,76.51,2.38
2015-10-28,71.22,75.49,69.9,74.73,14071,74.73,2.45
2015-10-27,73.76,73.76,72.84,72.94,1764,72.94,-0.83
2015-10-26,72.94,73.67,72.53,73.55,10268,73.55,0.40
2015-10-23,72.9,74.11,72.9,73.26,7223,73.26,0.22
2015-10-22,73.29,73.48,72.26,73.1,4995,73.1,0.21
2015-10-21,71.9,73.3,71.9,72.95,11576,72.95,2.57
2015-10-20,71.7,71.7,70.4,71.12,35127,71.12,-2.05
2015-10-19,71.97,72.63,71.85,72.61,29271,72.61,1.69
2015-10-16,70.5,71.4,70.17,71.4,2518,71.4,1.94
2015-10-15,70.31,70.62,68.7,70.04,18815,70.04,1.21
2015-10-14,71.48,72.05,68.93,69.2,21921,69.2,-5.40
2015-10-13,73.53,73.53,73.15,73.15,3039,73.15,-1.23
2015-10-12,73.67,74.32,72.98,74.06,14424,74.06,-1.27
2015-10-09,76.39,76.39,74.76,75.01,18842,75.01,-4.68
2015-10-08,78.93,78.93,76.38,78.69,33943,78.69,1.76
2015-10-07,77.3,77.85,76.68,77.33,15058,77.33,0.05
2015-10-06,77.18,77.62,76.35,77.29,13579,77.29,-2.95
2015-10-05,78.6,80.18,78.32,79.64,15424,79.64,0.73
2015-10-02,79.87,79.87,78.47,79.06,9643,79.06,-6.22
2015-10-01,83.86,84.38,83.67,84.3,3573,84.3,0.14
2015-09-30,84,84.86,83.91,84.18,8328,84.18,3.21
2015-09-29,80.9,81.76,80.32,81.56,11009,81.56,1.12
2015-09-28,81.11,81.11,79.93,80.66,7486,80.66,3.94
2015-09-25,77.48,78.1,77.39,77.6,6347,77.6,1.65
2015-09-24,78.01,78.18,75.88,76.34,9815,76.34,-6.04
2015-09-23,80.58,81.25,80.52,81.25,5413,81.25,-1.52
2015-09-22,83.01,83.22,82.25,82.5,12109,82.5,2.12
2015-09-21,80.68,81.01,80.62,80.79,5680,80.79,1.47
2015-09-18,79.64,79.91,79,79.62,8290,79.62,-2.04
2015-09-17,84.2,84.43,80.8,81.28,16918,81.28,-3.05
2015-09-16,85.62,85.62,82.9,83.84,14306,83.84,-4.10
2015-09-15,87.16,87.78,87.16,87.42,31361,87.42,1.12
2015-09-14,87.47,87.62,86.42,86.45,16312,86.45,-0.40
2015-09-11,88.14,88.9,86.71,86.8,23750,86.8,0.82
2015-09-10,85.93,86.47,85.57,86.09,9890,86.09,-0.82
2015-09-09,85.98,88.27,85.85,86.8,11325,86.8,3.73
2015-09-08,83.77,84.1,82.79,83.68,5002,83.68,0.12
2015-09-04,84.57,84.57,83.58,83.58,12219,83.58,0.66
2015-09-03,83.41,83.41,82.71,83.03,7271,83.03,2.25
2015-09-02,80.26,81.41,80,81.2,9843,81.2,1.58
2015-09-01,79.24,80.2,78.85,79.94,13476,79.94,-0.95
2015-08-31,82.27,82.37,80.71,80.71,10725,80.71,-0.53
2015-08-28,82.46,82.46,79.75,81.14,23274,81.14,-2.56
2015-08-27,84.24,84.7,82.68,83.27,35924,83.27,-0.20
2015-08-26,83.31,84.71,82.7,83.44,30505,83.44,4.21
2015-08-25,78.48,80.87,78.28,80.07,36634,80.07,3.48
2015-08-24,75.28,78.68,73.98,77.38,38008,77.38,1.71
2015-08-21,76.57,78.19,75.79,76.08,37415,76.08,-2.24
2015-08-20,79,79.24,77.13,77.82,28248,77.82,-4.82
2015-08-19,84.19,84.19,81.68,81.76,27684,81.76,-4.26
2015-08-18,86.74,87.32,85.19,85.4,14163,85.4,-0.09
2015-08-17,84.78,85.48,84.46,85.48,6472,85.48,-0.60
2015-08-14,85.19,86.58,84.84,86,6976,86,0.07
2015-08-13,85.68,86.32,85.35,85.94,20998,85.94,2.36
2015-08-12,85.69,85.8,83.66,83.96,24968,83.96,-4.11
2015-08-11,87.16,88.77,86.94,87.56,16482,87.56,-1.27
2015-08-10,90.89,90.94,87.52,88.69,40424,88.69,-3.28
2015-08-07,92.06,92.06,90.2,91.7,18729,91.7,-0.65
2015-08-06,93.19,93.19,91.35,92.3,16753,92.3,-1.58
2015-08-05,92.6,94.11,92.2,93.78,18814,93.78,0.94
2015-08-04,91.87,93.21,91.6,92.91,8522,92.91,-0.26
2015-08-03,91.8,93.46,91.43,93.15,17102,93.15,2.36
2015-07-31,89.82,92.07,88.62,91,23731,91,-1.99
2015-07-30,93.39,93.79,91.1,92.85,29802,92.85,2.45
2015-07-29,91.06,92.14,89.56,90.63,10324,90.63,-0.29
2015-07-28,90.78,91.2,89.99,90.89,15896,90.89,-0.48
2015-07-27,90.99,91.71,89.32,91.33,24983,91.33,1.74
2015-07-24,94.36,95,89.08,89.77,48685,89.77,-3.20
2015-07-23,91,92.76,90.16,92.74,54963,92.74,1.52
2015-07-22,92.7,92.85,91.15,91.35,30343,91.35,1.57
2015-07-21,88.78,90.28,87.78,89.94,25813,89.94,0.77
2015-07-20,87.12,89.25,86.96,89.25,51004,89.25,8.17
2015-07-17,81.23,82.88,81.12,82.51,19665,82.51,3.24
2015-07-16,80.18,80.18,79.5,79.92,20498,79.92,1.01
2015-07-15,79.08,79.98,78.92,79.12,28105,79.12,1.68
2015-07-14,77.18,78.02,77.05,77.81,4983,77.81,0.71
2015-07-13,78.51,78.51,77.04,77.26,26712,77.26,0.99
2015-07-10,76.68,77.11,74.86,76.5,31923,76.5,0.00
2015-07-09,75.45,76.74,75.36,76.5,7000,76.5,-0.61
2015-07-08,76.24,77.05,75.55,76.97,20600,76.97,-0.58
2015-07-07,77,78.69,76.99,77.42,25144,77.42,3.16
2015-07-06,76.29,76.29,74.25,75.05,22664,75.05,-1.16
2015-07-02,76.15,76.34,74.94,75.93,7782,75.93,0.74
2015-07-01,75.03,75.42,74.71,75.37,29563,75.37,1.03
2015-06-30,74.81,75.54,73.48,74.6,8086,74.6,1.91
2015-06-29,73.71,74.05,73.06,73.2,10790,73.2,-1.19
2015-06-26,75.11,75.11,74.08,74.08,5591,74.08,-0.48
2015-06-25,74.63,74.63,74.04,74.44,3166,74.44,0.26
2015-06-24,74.4,74.9,73.99,74.25,5462,74.25,0.77
2015-06-23,73.6,73.7,73.18,73.68,6728,73.68,2.01
2015-06-22,71.89,72.52,70.27,72.23,9135,72.23,3.90
2015-06-19,69.16,69.6,68.94,69.52,30407,69.52,0.48
2015-06-18,69.14,69.88,68.48,69.19,40807,69.19,-4.17
2015-06-17,73.82,74.97,71.81,72.2,19050,72.2,-1.50
2015-06-16,73.59,74.04,73.1,73.3,4409,73.3,1.68
2015-06-15,73.58,73.58,71.65,72.09,16106,72.09,-1.62
2015-06-12,73.87,73.87,73.06,73.28,11179,73.28,0.12
2015-06-11,73.51,73.77,72.99,73.19,6245,73.19,1.23
2015-06-10,71.75,72.3,71.59,72.3,3768,72.3,-2.22
2015-06-09,73.63,74.23,73.63,73.94,2902,73.94,-0.92
2015-06-08,75.09,75.33,74.63,74.63,1068,74.63,-0.73
2015-06-05,75.73,75.9,75.18,75.18,7946,75.18,1.21
2015-06-04,73.91,74.91,73.91,74.28,5488,74.28,2.57
2015-06-03,71.55,73.16,71.55,72.42,9209,72.42,1.99
2015-06-02,71.3,71.3,70.85,71.01,2700,71.01,-1.13
2015-06-01,69.8,71.99,69.56,71.82,16397,71.82,0.24
2015-05-29,71.16,71.86,71.16,71.65,2840,71.65,-0.29
2015-05-28,72.3,73,71.73,71.86,5706,71.86,-0.31
2015-05-27,72.3,72.41,71.9,72.08,6527,72.08,0.17
2015-05-26,72.12,72.34,71.65,71.96,7998,71.96,4.43
2015-05-22,69.25,69.34,68.6,68.91,6064,68.91,-0.06
2015-05-21,69,69.22,68.75,68.95,4093,68.95,1.11
2015-05-20,68.11,68.59,67.83,68.19,6268,68.19,-0.67
2015-05-19,67.34,69.07,67.34,68.65,12670,68.65,4.25
2015-05-18,65.37,66.19,65.37,65.85,6600,65.85,0.02
2015-05-15,67.25,67.39,65.83,65.84,24453,65.84,-0.95
2015-05-14,66.27,66.61,65.66,66.47,13883,66.47,-1.60
2015-05-13,69.19,69.22,67,67.55,20082,67.55,-5.59
2015-05-12,72.13,72.13,71.37,71.55,4451,71.55,-2.28
2015-05-11,72.31,74.23,72.26,73.22,9650,73.22,0.81
2015-05-08,72.18,73.13,71.78,72.63,10254,72.63,-1.32
2015-05-07,72.75,73.83,72.75,73.6,14987,73.6,2.31
2015-05-06,71.1,72.41,71.1,71.94,8324,71.94,0.43
2015-05-05,71,71.8,70.76,71.63,7864,71.63,-1.49
2015-05-04,72.39,75.67,71.78,72.71,8060,72.71,-2.52
2015-05-01,75.95,75.95,74.53,74.59,12121,74.59,1.57
2015-04-30,72.95,74.51,72.95,73.44,14638,73.44,4.90
2015-04-29,69.01,70.42,68.57,70.01,42363,70.01,2.04
2015-04-28,70.84,70.84,68.16,68.61,24196,68.61,-2.47
2015-04-27,73.46,73.62,69.6,70.35,20452,70.35,-6.41
2015-04-24,73.38,75.65,73.37,75.17,9204,75.17,4.03
2015-04-23,73.7,73.7,71.62,72.26,12908,72.26,-1.87
2015-04-22,71.78,73.86,71.78,73.64,16383,73.64,3.57
2015-04-21,72.28,72.28,70.61,71.1,7870,71.1,-1.50
2015-04-20,72.07,72.99,71.66,72.18,9414,72.18,2.28
2015-04-17,70.92,71.1,70.46,70.57,5733,70.57,-1.38
2015-04-16,70.49,72.08,70.4,71.56,5795,71.56,1.10
2015-04-15,72.08,72.58,70.6,70.78,9935,70.78,-2.71
2015-04-14,71.92,72.75,71.6,72.75,5505,72.75,1.98
2015-04-13,70.81,71.67,70.74,71.34,17307,71.34,2.22
2015-04-10,69.83,70.2,69.5,69.79,6621,69.79,-3.35
2015-04-09,72.32,72.64,72.2,72.21,6016,72.21,1.70
2015-04-08,69.77,71.92,69.77,71,10864,71,2.07
2015-04-07,69.46,69.9,69.1,69.56,8075,69.56,1.46
2015-04-06,67.35,68.56,67.3,68.56,13238,68.56,-3.80
2015-04-02,70.78,75.18,70.78,71.27,7658,71.27,0.68
2015-04-01,72.59,72.59,70.03,70.79,24870,70.79,-5.39
2015-03-31,74.39,75.2,73.71,74.82,11340,74.82,0.46
2015-03-30,74.42,74.8,74.11,74.48,18401,74.48,3.46
2015-03-27,71.66,72.88,71.6,71.99,12118,71.99,1.11
2015-03-26,70.83,71.56,70.65,71.2,12578,71.2,-1.85
2015-03-25,72.07,72.61,71.77,72.54,5159,72.54,-0.70
2015-03-24,73.33,74.02,72.98,73.05,7827,73.05,-0.56
2015-03-23,74.86,74.86,73.46,73.46,13023,73.46,-1.82
2015-03-20,76.73,76.73,74.1,74.82,11651,74.82,-3.46
2015-03-19,78.82,79.13,77.31,77.5,7984,77.5,0.19
2015-03-18,82.27,82.59,76.67,77.35,54452,77.35,-6.17
2015-03-17,82.98,83.24,79.7,82.44,14075,82.43,1.85
2015-03-16,80.25,81.83,80.18,80.94,14047,80.94,0.33
2015-03-13,80.24,81.52,80.24,80.67,10254,80.67,-0.71
2015-03-12,80.18,82.02,80.18,81.25,18543,81.25,0.04
2015-03-11,80.02,82.3,80.02,81.22,27825,81.22,1.91
2015-03-10,78.4,80.12,77.7,79.7,18879,79.7,1.39
2015-03-09,77.64,78.62,77.32,78.61,22785,78.61,-0.19
2015-03-06,76.21,79.14,75.92,78.76,35969,78.76,8.31
2015-03-05,72.1,73.05,71.15,72.72,15833,72.72,0.32
2015-03-04,71.55,72.74,71.47,72.49,10131,72.49,0.61
2015-03-03,70.61,72.05,70.12,72.05,7387,72.05,0.85
2015-03-02,69.85,71.44,69.75,71.44,7519,71.44,1.61
2015-02-27,69.86,70.4,68.75,70.31,9898,70.31,-0.69
2015-02-26,69.91,71.06,69.86,70.8,21231,70.8,-1.08
2015-02-25,71.15,71.98,71.15,71.57,11150,71.57,-1.15
2015-02-24,72.91,73.95,71.83,72.4,29811,72.4,0.49
2015-02-23,72.66,72.66,70.84,72.05,12935,72.05,-0.24
2015-02-20,70.84,72.74,70.24,72.22,13443,72.22,1.55
2015-02-19,70.1,71.32,70.02,71.12,14275,71.12,0.92
2015-02-18,70.65,72.78,70.11,70.47,33871,70.47,-0.83
2015-02-17,69.41,71.75,69.41,71.06,18389,71.06,5.10
2015-02-13,67.33,67.91,66.68,67.61,15401,67.61,-1.66
2015-02-12,68.09,69.13,68,68.75,18727,68.75,-0.82
2015-02-11,66.71,69.36,66.65,69.32,39819,69.32,3.85
2015-02-10,66.96,67.13,66.4,66.75,32069,66.75,1.64
2015-02-09,65.97,66.3,65.52,65.67,4475,65.67,-1.40
2015-02-06,65.91,67.3,65.28,66.6,42506,66.6,7.85
2015-02-05,62.83,63.36,61.75,61.75,10496,61.75,-0.40
2015-02-04,61.91,63.24,61.01,62,18328,62,-1.12
2015-02-03,61.88,63.5,61.81,62.7,18993,62.7,3.19
2015-02-02,61.58,61.71,59.61,60.76,17667,60.76,2.03
2015-01-30,62.29,63.33,59.47,59.55,22201,59.55,-6.40
2015-01-29,61.86,64.32,61.42,63.62,49061,63.62,6.57
2015-01-28,59.67,60.03,59.07,59.7,11973,59.7,2.51
2015-01-27,59.66,59.66,58.14,58.24,17584,58.24,-3.72
2015-01-26,59.62,60.94,59.62,60.49,11791,60.49,3.31
2015-01-23,58.31,59.55,58.12,58.55,21014,58.55,2.56
2015-01-22,57.43,58.33,56.6,57.09,33752,57.09,-2.63
2015-01-21,57.02,59.76,57.02,58.63,25569,58.63,-0.17
2015-01-20,59.37,59.61,58.08,58.73,17565,58.73,-4.10
2015-01-16,62.4,62.4,60.39,61.24,29666,61.24,-3.70
2015-01-15,64.69,64.69,61.67,63.59,23221,63.59,-7.29
2015-01-14,66.97,68.59,66.71,68.59,13730,68.59,0.23
2015-01-13,66.94,68.86,66.9,68.43,12879,68.43,0.62
2015-01-12,69.64,69.94,67.75,68.01,10044,68.01,-3.20
2015-01-09,71.33,71.39,70.14,70.26,19731,70.26,-3.26
2015-01-08,71.95,72.72,71,72.63,25536,72.63,1.34
2015-01-07,71.54,71.98,71.02,71.67,13087,71.67,1.26
2015-01-06,72.05,72.52,69.49,70.78,41034,70.78,-3.09
2015-01-05,75.05,75.05,72.76,73.04,26926,73.04,-4.62
2015-01-02,79.75,79.87,75.49,76.58,71878,76.58,