time,open,high,low,close,volume,adjClose,changesPercentage
2023-11-27,201.36,201.36,201.36,201.36,0,201.36,0.00
2023-11-24,201.36,201.36,201.36,201.36,0,201.36,0.00
2023-11-22,201.36,201.36,201.36,201.36,0,201.36,0.00
2023-11-21,201.36,201.36,201.36,201.36,0,201.36,0.00
2023-11-20,201.36,201.36,201.36,201.36,0,201.36,0.00
2023-11-17,201.36,201.36,201.36,201.36,0,201.36,0.00
2023-11-16,201.36,201.36,201.36,201.36,0,201.36,0.00
2023-11-15,201.36,201.36,201.36,201.36,0,201.36,0.00
2023-11-14,201.36,201.36,201.36,201.36,0,201.36,0.00
2023-11-13,201.36,201.36,201.36,201.36,0,201.36,0.00
2023-11-10,201.36,201.36,201.36,201.36,0,201.36,0.00
2023-11-09,201.36,201.36,201.36,201.36,0,201.36,0.00
2023-11-08,201.36,201.36,201.36,201.36,0,201.36,0.00
2023-11-07,201.36,201.36,201.36,201.36,0,201.36,0.00
2023-11-06,201.36,201.36,201.36,201.36,0,201.36,0.00
2023-11-03,201.36,201.36,201.36,201.36,0,201.36,0.00
2023-11-02,201.36,201.36,201.36,201.36,0,201.36,0.00
2023-11-01,201.36,201.36,201.36,201.36,0,201.36,20.21
2023-10-31,165,167.5,165,167.5,141,167.5,2.13
2023-10-30,160.01,165.87,160.01,164,1149,164,2.49
2023-10-27,160.01,160.01,160.01,160.01,1,160.01,0.01
2023-10-26,160,160,160,160,90,160,-1.84
2023-10-25,162.79,163,162.79,163,2,160,1.88
2023-10-24,160,160,160,160,0,160,0.00
2023-10-23,177,177,160,160,90,160,-2.04
2023-10-20,169.95,169.95,163.33,163.33,245,163.33,0.82
2023-10-19,156.24,162,156.24,162,238,162,2.92
2023-10-18,157.03,157.41,157.03,157.41,5,157.41,5.22
2023-10-17,149.69,149.69,149.6,149.6,4,149.6,-1.90
2023-10-16,152.5,152.5,152.5,152.5,0,152.5,0.00
2023-10-13,146.39,152.8,146.39,152.5,86,152.5,8.09
2023-10-12,141.09,141.09,141.09,141.09,0,141.09,0.00
2023-10-11,140.68,141.09,140.68,141.09,210,141.09,3.64
2023-10-10,134.63,138.63,134.63,136.13,3,136.13,-0.92
2023-10-09,132.84,137.4,132.84,137.4,365,137.4,4.66
2023-10-06,131.28,131.28,131.28,131.28,2,131.28,1.16
2023-10-05,127.25,129.77,127.25,129.77,5,129.77,-0.86
2023-10-04,131.69,131.69,128.56,130.89,7,130.89,-1.07
2023-10-03,133.23,133.23,128.63,132.31,48,132.31,-1.08
2023-10-02,133.76,133.76,133.76,133.76,1,133.76,-6.73
2023-09-29,139.73,143.41,139.73,143.41,2,143.41,0.04
2023-09-28,139.96,143.35,139.96,143.35,12,143.35,-2.03
2023-09-27,146.32,146.32,146.32,146.32,0,146.32,0.00
2023-09-26,150.36,150.36,146.32,146.32,2,146.32,-4.37
2023-09-25,153,153,153,153,200,149.86,0.59
2023-09-22,152.11,152.11,152.11,152.11,1,152.11,-2.14
2023-09-21,155.43,155.43,155.43,155.43,0,155.43,0.00
2023-09-20,159,159.16,155.43,155.43,591,155.43,0.51
2023-09-19,154.45,156.25,154.45,154.64,601,154.64,1.18
2023-09-18,152.73,152.93,152.73,152.84,34,152.84,0.71
2023-09-15,151.77,151.77,151.77,151.77,0,151.77,0.00
2023-09-14,151.03,151.77,151.03,151.77,2,151.77,1.91
2023-09-13,150,150,148.92,148.92,65,148.92,-5.44
2023-09-12,157.48,157.48,157.48,157.48,0,157.48,0.00
2023-09-11,157.48,157.48,157.48,157.48,0,157.48,0.00
2023-09-08,157.48,157.48,157.48,157.48,0,157.48,0.00
2023-09-07,157.48,157.48,157.48,157.48,0,157.48,0.00
2023-09-06,157.48,157.48,157.48,157.48,0,157.48,0.00
2023-09-05,157.48,157.48,157.48,157.48,2,157.48,-0.34
2023-09-01,158.01,158.01,158.01,158.01,57,158.01,0.00
2023-08-31,159,159,158.01,158.01,260,158.01,0.01
2023-08-30,161.99,161.99,158,158,177,158,2.32
2023-08-29,154.41,154.41,154.41,154.41,5,154.41,1.17
2023-08-28,151.25,155.77,151.25,152.62,55,152.62,1.32
2023-08-25,150.26,150.63,150.26,150.63,6,150.63,-2.12
2023-08-24,153.9,153.9,153.9,153.9,100,153.9,0.85
2023-08-23,152.6,152.61,152.6,152.61,30,152.61,1.49
2023-08-22,146.98,150.37,146.98,150.37,2,150.37,0.92
2023-08-21,151,151,146.54,149,427,149,-0.57
2023-08-18,149.86,149.86,149.86,149.86,0,149.86,0.00
2023-08-17,145.01,149.86,145.01,149.86,9,149.86,-2.80
2023-08-16,154.17,154.17,154.17,154.17,0,154.17,0.00
2023-08-15,154.01,154.17,150.04,154.17,72,154.17,-0.01
2023-08-14,150.08,154.19,150.08,154.19,2,154.19,-1.68
2023-08-11,152.23,156.83,152.23,156.83,88,156.83,2.94
2023-08-10,155,155,152.35,152.35,978,152.35,-1.91
2023-08-09,155.32,155.32,155.32,155.32,0,155.32,0.00
2023-08-08,155.32,155.32,155.32,155.32,4,155.32,-2.70
2023-08-07,159.63,159.63,159.63,159.63,0,159.63,0.00
2023-08-04,159.63,159.63,159.63,159.63,0,159.63,0.00
2023-08-03,162.74,162.74,159.63,159.63,12,159.63,-1.85
2023-08-02,158.46,162.64,158.46,162.64,31,162.64,-1.59
2023-08-01,161.9,165.42,161.9,165.27,12,165.27,-2.78
2023-07-31,171.31,171.31,167.5,170,857,170,3.32
2023-07-28,165.04,165.04,164.53,164.53,31,164.53,0.73
2023-07-27,163.33,163.33,163.33,163.33,1,163.33,-5.69
2023-07-26,171.9,173.18,168.91,173.18,392,173.18,4.38
2023-07-25,164.4,165.91,164.4,165.91,21,165.91,1.28
2023-07-24,167.57,167.57,163.82,163.82,14,163.82,-3.22
2023-07-21,169.27,169.27,169.27,169.27,0,169.27,0.00
2023-07-20,170.04,170.04,167.45,169.27,354,169.27,12.85
2023-07-19,171.28,171.28,150,150,105,150,-13.39
2023-07-18,169.62,173.19,169.62,173.19,254,173.19,4.33
2023-07-17,164.21,166,164.21,166,30,166,0.41
2023-07-14,165.33,165.33,165.33,165.33,1,165.33,-0.45
2023-07-13,166.07,166.07,166.07,166.07,27,166.07,-0.56
2023-07-12,168.96,168.96,167,167,10,167,4.19
2023-07-11,160.29,160.29,160.29,160.29,42,160.29,-0.19
2023-07-10,160.6,160.6,160.6,160.6,0,160.6,0.00
2023-07-07,156.53,160.6,156.53,160.6,129,160.6,3.69
2023-07-06,157.53,157.53,154.88,154.88,41,154.88,-3.13
2023-07-05,159.88,159.88,159.88,159.88,1,159.88,1.66
2023-07-03,157.27,157.27,157.27,157.27,0,157.27,0.00
2023-06-30,156.33,157.27,156.33,157.27,121,157.27,1.43
2023-06-29,154.71,155.06,154.71,155.06,96,155.06,0.69
2023-06-28,158.5,158.5,154,154,39,154,-1.14
2023-06-27,155.77,155.77,155.77,155.77,3,155.77,-4.36
2023-06-26,162.87,162.87,162.87,162.87,0,162.87,0.00
2023-06-23,162.87,162.87,162.87,162.87,0,162.87,0.00
2023-06-22,162.87,162.87,162.87,162.87,0,162.87,0.00
2023-06-21,159.37,162.87,159.37,162.87,710,162.87,-1.87
2023-06-20,164.83,165.98,164.83,165.98,2,165.98,-0.61
2023-06-16,170.52,170.52,166.08,167,218,167,-0.14
2023-06-15,168.8,168.86,166.25,167.23,136,167.23,0.86
2023-06-14,171.47,171.47,165.8,165.8,53,165.8,-0.99
2023-06-13,172.49,172.49,167.46,167.46,269,167.46,-2.62
2023-06-12,171.97,171.97,171.97,171.97,1,171.97,1.66
2023-06-09,173.24,173.24,169.17,169.17,99,169.17,-2.34
2023-06-08,173.23,173.23,173.23,173.23,0,173.23,0.00
2023-06-07,170.71,173.23,170.71,173.23,26,173.23,0.60
2023-06-06,172.2,172.2,172.2,172.2,0,172.2,0.00
2023-06-05,167.09,172.3,167.09,172.2,234,172.2,3.52
2023-06-02,172.15,172.15,166.35,166.35,86,166.35,-4.13
2023-06-01,173.51,173.51,173.51,173.51,57,173.51,0.29
2023-05-31,170.3,174.61,170.3,173,259,173,0.44
2023-05-30,170.24,172.25,168.03,172.25,958,172.25,4.14
2023-05-26,166.18,170.28,165.4,165.4,215,165.4,0.14
2023-05-25,165.17,165.17,165.17,165.17,25,165.17,-3.05
2023-05-24,170.36,170.36,170.36,170.36,1,170.36,-1.56
2023-05-23,173.06,173.06,173.06,173.06,4,173.06,-0.86
2023-05-22,174.07,174.56,174.07,174.56,125,174.56,-0.44
2023-05-19,170.1,175.33,170.1,175.33,144,175.33,1.68
2023-05-18,169.62,172.44,169.32,172.44,51,172.44,-7.54
2023-05-17,186.51,186.51,186.51,186.51,0,186.51,0.00
2023-05-16,186.51,186.51,186.51,186.51,0,186.51,0.00
2023-05-15,186.51,186.51,186.51,186.51,1,186.51,9.17
2023-05-12,185,185.5,170.85,170.85,19,170.85,-8.15
2023-05-11,190,190,186,186,111,186,-2.82
2023-05-10,191.4,191.4,191.4,191.4,0,191.4,0.00
2023-05-09,190.81,194.35,190.27,191.4,901,191.4,-0.83
2023-05-08,188.86,193.11,188.86,193,833,193,3.54
2023-05-05,190.17,190.17,186,186.4,61,186.4,-6.02
2023-05-04,196.35,198.35,196.35,198.35,102,198.35,4.86
2023-05-03,187.2,191.6,187.2,189.15,184,189.15,1.29
2023-05-02,185.84,188.75,185.36,186.74,237,186.74,4.32
2023-05-01,185,187.41,179,179,102,179,-2.19
2023-04-28,183,183,183,183,30,183,-0.13
2023-04-27,183.23,183.23,183.23,183.23,0,183.23,0.00
2023-04-26,183.23,183.23,183.23,183.23,0,183.23,0.00
2023-04-25,178.81,183.23,178.81,183.23,15,183.23,3.67
2023-04-24,176.75,176.75,176.75,176.75,100,176.75,-0.05
2023-04-21,182,182.25,176.75,176.84,130,176.84,-3.81
2023-04-20,187,189,183.84,183.84,3035,183.84,0.45
2023-04-19,178.46,184,178.46,183.01,136,183.01,-3.17
2023-04-18,189,189,189,189,1101,189,3.28
2023-04-17,182.18,185,181,183,463,183,-3.79
2023-04-14,190.2,190.2,190.2,190.2,2,190.2,-4.90
2023-04-13,199,200,199,200,138,200,6.38
2023-04-12,190,193.82,188,188,362,188,1.37
2023-04-11,185.46,185.46,185.46,185.46,0,185.46,0.00
2023-04-10,180.42,185.46,180.42,185.46,101,185.46,-2.39
2023-04-06,190,190,186.73,190,270,190,-0.39
2023-04-05,190.74,190.74,190.74,190.74,0,190.74,0.00
2023-04-04,192,193,190.33,190.74,1033,190.74,3.96
2023-04-03,182,183.48,182,183.47,122,183.47,4.03
2023-03-31,157.67,197,157.67,176.36,32,176.36,-4.75
2023-03-30,180,185.15,180,185.15,737,185.15,2.86
2023-03-29,175.13,180,175.13,180,1020,180,0.94
2023-03-28,174.83,178.32,174.83,178.32,32,178.32,-0.12
2023-03-27,172.37,178.53,172.37,178.53,71,178.53,-0.73
2023-03-24,189.24,189.24,179.85,179.85,24,179.85,-1.42
2023-03-23,185.5,185.5,182.44,182.44,102,182.44,2.20
2023-03-22,199,199,172.31,178.51,7,178.51,3.95
2023-03-21,173.56,173.9,169.89,171.72,30518,171.72,-7.18
2023-03-20,181.52,185,178.19,185,2145,185,2.65
2023-03-17,176.81,186.06,176.81,180.22,1371,180.22,8.82
2023-03-16,166.19,166.19,160.77,165.62,41,165.62,0.42
2023-03-15,166.61,170.12,164.62,164.93,11774,164.93,2.28
2023-03-14,163,163,161.25,161.25,452,161.25,-1.30
2023-03-13,160.77,163.37,160.77,163.37,31,163.37,8.01
2023-03-10,153.43,153.43,151.25,151.25,463,151.25,7.95
2023-03-09,140.11,140.11,140.11,140.11,0,140.11,0.00
2023-03-08,140.11,140.11,140.11,140.11,0,140.11,0.00
2023-03-07,141.32,141.32,140.11,140.11,25,140.11,-6.42
2023-03-06,149.73,149.73,149.73,149.73,3,149.73,-1.23
2023-03-03,148.78,151.6,148.78,151.6,21,151.6,2.81
2023-03-02,147.45,147.45,147.45,147.45,5,147.45,0.05
2023-03-01,146.32,147.38,146.32,147.38,102,147.38,5.27
2023-02-28,140,140,140,140,100,140,-4.28
2023-02-27,146.26,146.26,146.26,146.26,0,146.26,0.00
2023-02-24,146.26,146.26,146.26,146.26,0,146.26,0.00
2023-02-23,146.26,146.26,146.26,146.26,0,146.26,0.00
2023-02-22,146.26,146.26,146.26,146.26,0,146.26,0.00
2023-02-21,146.26,146.26,146.26,146.26,30,146.26,-1.41
2023-02-17,148.35,148.35,148.35,148.35,1,148.35,0.58
2023-02-16,145.99,147.5,145.99,147.5,600,147.5,2.42
2023-02-15,146.59,146.59,144.02,144.02,12,144.02,-4.85
2023-02-14,150.21,151.36,149.08,151.36,50,151.36,0.53
2023-02-13,152.07,152.07,150.56,150.56,115,150.56,-9.21
2023-02-10,154.07,165.84,154.07,165.84,2,165.85,3.65
2023-02-09,160,160,160,160,500,160,0.52
2023-02-08,159.17,159.17,159.17,159.17,0,159.17,0.00
2023-02-07,159.17,159.17,159.17,159.17,3,159.17,3.07
2023-02-06,154.48,154.48,154.43,154.43,249,154.43,-7.35
2023-02-03,166.69,166.69,166.69,166.69,107,166.69,-2.88
2023-02-02,171.63,171.63,171.63,171.63,1,171.63,-5.18
2023-02-01,171.39,181,168.48,181,370,181,4.95
2023-01-31,171,174,171,172.46,337,172.46,0.82
2023-01-30,171.97,171.97,170.8,171.05,161,171.05,-2.12
2023-01-27,174.38,174.75,173.46,174.75,442,174.75,-0.01
2023-01-26,172,174.76,171.97,174.76,797,174.76,-2.76
2023-01-25,179.72,179.72,179.72,179.72,15,179.72,1.35
2023-01-24,173.04,177.33,173.04,177.33,44,177.33,2.71
2023-01-23,166.75,177,90,172.65,244,172.65,-2.64
2023-01-20,177.33,177.33,177.33,177.33,17,177.33,1.98
2023-01-19,173.89,173.89,173.89,173.89,80,173.89,4.23
2023-01-18,166.83,166.83,166.83,166.83,1,166.83,-1.28
2023-01-17,168.99,168.99,168.99,168.99,10,168.99,-1.04
2023-01-13,170.77,170.77,170.77,170.77,0,170.77,0.00
2023-01-12,163.55,170.77,163.55,170.77,215,170.77,3.81
2023-01-11,160.48,164.5,160.48,164.5,206,164.5,2.72
2023-01-10,160.15,160.15,160.15,160.15,6,160.15,-0.14
2023-01-09,160.38,160.38,160.38,160.38,10,160.38,0.87
2023-01-06,157,159.01,157,159,221,159,4.61
2023-01-05,158,158,152,152,9,152,-5.60
2023-01-04,158,161.01,158,161.01,101,161.01,9.30
2023-01-03,147.31,147.31,147.31,147.31,0,147.31,0.00
2022-12-30,146.83,155,146.26,147.31,120,147.31,1.08
2022-12-29,145.74,145.74,145.74,145.74,18,145.74,2.22
2022-12-28,142.62,142.62,142.57,142.57,400,142.57,-4.85
2022-12-27,148.43,149.83,148.43,149.83,1009,149.83,5.76
2022-12-23,138.82,141.83,138.82,141.67,390,141.67,1.38
2022-12-22,143.41,155,139.74,139.74,206,139.74,-4.53
2022-12-21,146.96,148.59,146.37,146.37,91,146.37,-0.31
2022-12-20,147.4,147.4,146.76,146.82,219,146.82,3.69
2022-12-19,141.59,141.59,141.59,141.59,0,141.59,0.00
2022-12-16,139.34,141.59,139.34,141.59,374,141.59,-0.22
2022-12-15,142.98,142.98,141.9,141.9,5,141.91,-2.97
2022-12-14,146.24,146.24,146.24,146.24,2,146.24,0.05
2022-12-13,146.25,173.25,146.16,146.16,102,146.16,3.61
2022-12-12,140.61,141.07,140.61,141.07,114,141.07,-2.10
2022-12-09,144.61,145.82,144.09,144.09,476,144.09,0.90
2022-12-08,142.81,142.81,142.81,142.81,51,50.5,0.00
2022-12-07,139.02,142.81,139.02,142.81,51,50.5,3.98
2022-12-06,138.08,138.08,137.35,137.35,8,48.57,-4.55
2022-12-05,143.9,143.9,143.9,143.9,0,143.9,0.00
2022-12-02,142.81,143.9,142.81,143.9,20,143.9,-0.31
2022-12-01,144.35,144.35,144.35,144.35,1,144.35,7.24
2022-11-30,134.6,134.6,133.06,134.6,35102,134.6,1.89
2022-11-29,132.1,132.1,132.1,132.1,0,132.1,0.00
2022-11-28,132.01,132.1,75,132.1,989,132.1,0.02
2022-11-25,132.08,132.08,132.08,132.08,0,132.08,0.00
2022-11-23,131.9,132.08,131.9,132.08,98,132.08,0.47
2022-11-22,132.05,133.01,131.41,131.46,879,131.46,0.35
2022-11-21,131,131,131,131,10,131,-4.49
2022-11-18,137.16,137.16,137.16,137.16,0,137.16,0.00
2022-11-17,137.16,137.16,137.16,137.16,10,137.16,-1.12
2022-11-16,138.71,138.71,138.71,138.71,0,138.71,0.00
2022-11-15,141.45,141.45,138.71,138.71,11,138.71,1.77
2022-11-14,136.3,136.3,136.3,136.3,0,136.3,0.00
2022-11-11,136.74,136.74,136.3,136.3,17,136.3,0.96
2022-11-10,134.01,135.01,90,135.01,164,135.01,7.72
2022-11-09,125.33,125.33,125.33,125.33,0,125.33,0.00
2022-11-08,117.69,126.15,117.69,125.33,153,125.33,3.54
2022-11-07,121.19,121.19,116.32,121.05,92,121.05,3.16
2022-11-04,117.34,117.34,90,117.34,12,117.34,10.67
2022-11-03,106.03,106.03,106.03,106.03,1,106.03,-6.95
2022-11-02,113.95,113.95,113.95,113.95,6,113.95,1.79
2022-11-01,111.95,111.95,111.95,111.95,0,111.95,0.00
2022-10-31,111.95,111.95,111.95,111.95,0,111.95,0.00
2022-10-28,110.92,111.95,50,111.95,142,111.95,-4.92
2022-10-27,115.29,117.74,115.29,117.74,2,117.74,1.45
2022-10-26,115.55,116.06,115.55,116.06,7,116.06,0.63
2022-10-25,115.33,115.33,115.33,115.33,0,115.33,0.00
2022-10-24,112.45,115.33,112.45,115.33,8,115.33,0.28
2022-10-21,109.62,115.01,109.62,115.01,922,115.01,3.29
2022-10-20,111.35,111.35,111.35,111.35,25,111.35,2.37
2022-10-19,108.77,108.77,108.77,108.77,425,108.77,-3.89
2022-10-18,113.17,113.17,113.17,113.17,0,113.17,0.00
2022-10-17,116.6,117.3,113.17,113.17,424,113.17,-3.57
2022-10-14,117.36,117.36,117.36,117.36,0,117.36,0.00
2022-10-13,117.36,117.36,117.36,117.36,0,117.36,0.00
2022-10-12,117.36,117.36,117.36,117.36,130,117.36,-1.98
2022-10-11,119.73,119.73,119.73,119.73,1,119.73,-4.97
2022-10-10,125.99,125.99,125.99,125.99,0,125.99,0.00
2022-10-07,122.89,125.99,122.89,125.99,14,125.99,-2.13
2022-10-06,128.73,128.73,128.73,128.73,5,128.73,-0.97
2022-10-05,128.66,129.99,128.22,129.99,180,129.99,-1.52
2022-10-04,128.1,132.38,127.89,132,21798,132,5.09
2022-10-03,119.12,125.61,119.02,125.61,6656,125.61,5.62
2022-09-30,118.93,118.93,118.93,118.93,1,118.93,1.50
2022-09-29,117.17,117.17,117.17,117.17,30,117.17,-0.59
2022-09-28,115.56,117.87,115.56,117.87,100,117.87,5.85
2022-09-27,112.21,113.12,110,111.36,337,111.37,-1.99
2022-09-26,114.74,114.74,113.62,113.62,270,113.62,-0.69
2022-09-23,114.79,114.85,113.88,114.41,1046,114.41,-5.07
2022-09-22,120.52,120.52,120.52,120.52,4,120.52,2.14
2022-09-21,119.97,120,118,118,400,118,-2.34
2022-09-20,120.83,120.83,120.83,120.83,0,120.83,0.00
2022-09-19,118.18,120.83,118.03,120.83,442,120.83,0.44
2022-09-16,117.2,120.5,117.2,120.3,132,120.3,-6.31
2022-09-15,128.4,128.4,128.4,128.4,0,128.4,0.00
2022-09-14,128.4,128.4,128.4,128.4,0,128.4,0.00
2022-09-13,128.49,128.49,128.4,128.4,32,128.4,-4.16
2022-09-12,133.39,133.97,133.39,133.97,129,133.97,1.88
2022-09-09,130.1,131.5,130.1,131.5,62,131.5,2.20
2022-09-08,128.67,128.67,128.67,128.67,150,128.67,-0.54
2022-09-07,129.37,129.37,129.37,129.37,200,129.37,2.20
2022-09-06,126.59,126.59,126.59,126.59,0,126.59,0.00
2022-09-02,126.59,126.59,126.59,126.59,0,126.59,0.00
2022-09-01,126.52,126.59,125.73,126.59,402,126.59,-4.47
2022-08-31,132.52,132.52,132.52,132.52,91,132.52,-0.05
2022-08-30,132.59,132.59,132.59,132.59,130,132.59,-2.40
2022-08-29,137.25,137.25,135.83,135.85,702,135.85,-0.18
2022-08-26,139.23,139.23,136.09,136.09,100,136.09,-12.20
2022-08-25,155,155,117,155,61,155,10.54
2022-08-24,140.22,140.22,140.22,140.22,0,140.22,0.00
2022-08-23,136.4,140.22,136.4,140.22,35,140.22,3.12
2022-08-22,136.12,136.12,135.98,135.98,107,135.98,-3.88
2022-08-19,141.47,141.47,141.47,141.47,0,141.47,0.00
2022-08-18,143.52,143.52,141.47,141.47,2,141.47,-3.05
2022-08-17,145.92,145.92,145.92,145.92,0,145.92,0.00
2022-08-16,146,146.35,145.92,145.92,124,145.92,-0.59
2022-08-15,146.63,146.78,145.93,146.78,136,146.78,-3.43
2022-08-12,150.59,152,150.59,152,174,152,1.95
2022-08-11,100,149.77,100,149.09,266,149.09,-1.72
2022-08-10,151.18,152,151.18,151.7,610,151.7,-0.01
2022-08-09,151.55,151.72,151.03,151.72,8,151.72,6.10
2022-08-08,143,143,143,143,0,143,0.00
2022-08-05,143,143,143,143,0,143,0.00
2022-08-04,143,143,143,143,0,143,0.00
2022-08-03,143.5,143.5,141.94,143,88,143,-1.10
2022-08-02,144.59,144.59,144.59,144.59,0,144.59,0.00
2022-08-01,144.59,144.64,144.59,144.59,49,144.59,2.09
2022-07-29,141.21,142.07,141.21,141.63,1482,141.63,0.24
2022-07-28,139.99,141.29,33,141.29,1333,141.29,2.70
2022-07-27,131.91,137.57,131.91,137.57,89,137.57,3.82
2022-07-26,132.8,132.8,132.51,132.51,27,132.51,-0.26
2022-07-25,133.96,133.96,132.86,132.86,47,132.86,-1.96
2022-07-22,136,137.48,135.51,135.51,285,135.51,4.55
2022-07-21,129.16,129.61,129.16,129.61,100,129.61,0.32
2022-07-20,131.56,132,129.2,129.2,211,129.2,-1.99
2022-07-19,131.83,131.83,131.83,131.83,0,131.83,0.00
2022-07-18,130.83,131.83,130.83,131.83,375,131.83,1.40
2022-07-15,130.65,130.65,129.32,130.01,130,130.01,-0.59
2022-07-14,130.04,130.78,129.99,130.78,9,130.78,-4.85
2022-07-13,133.98,138.28,133.98,137.44,227,137.45,0.53
2022-07-12,136.71,136.71,136.71,136.71,4,136.71,0.23
2022-07-11,137.2,137.2,136.39,136.39,210,136.39,-2.37
2022-07-08,140.02,140.23,139.7,139.7,64,139.7,0.36
2022-07-07,138.66,139.2,138.66,139.2,32,139.2,1.18
2022-07-06,139.51,139.51,137.58,137.58,202,137.58,-5.37
2022-07-05,152.4,152.4,145.39,145.39,344,145.39,-6.68
2022-07-01,154.84,157.94,154.84,155.8,562,155.8,-3.13
2022-06-30,159.64,160.83,159.64,160.83,230,160.83,0.63
2022-06-29,159.82,159.82,159.82,159.82,0,159.82,0.00
2022-06-28,159.82,159.82,159.82,159.82,1,159.82,-0.78
2022-06-27,160.05,161.08,160.05,161.08,22,161.08,-0.43
2022-06-24,161.77,161.77,161.77,161.77,0,161.77,0.00
2022-06-23,162.12,162.12,161.77,161.77,200,161.77,-0.66
2022-06-22,162.84,162.84,162.84,162.84,0,162.84,0.00
2022-06-21,164.06,164.06,162.84,162.84,110,162.84,-0.02
2022-06-17,162.87,162.87,162.87,162.87,0,162.87,0.00
2022-06-16,162.22,162.87,162.22,162.87,14,162.87,1.56
2022-06-15,159.98,160.37,159.98,160.37,150,160.37,1.66
2022-06-14,157.75,157.75,157.75,157.75,18,157.75,-2.11
2022-06-13,164.28,164.48,161.15,161.15,229,161.15,-7.91
2022-06-10,165.31,174.99,165.31,174.99,211,174.99,3.88
2022-06-09,168.45,168.45,168.45,168.45,3,168.45,-1.49
2022-06-08,170.81,171,170.81,171,211,169.66,0.92
2022-06-07,169.44,169.44,169.44,169.44,1,169.44,1.83
2022-06-06,166.76,166.85,166.39,166.39,570,166.39,-1.05
2022-06-03,168.85,168.85,167.99,168.15,12,168.15,-3.30
2022-06-02,172.79,173.89,172.79,173.89,450,173.89,3.36
2022-06-01,167.86,168.43,167.86,168.24,699,168.24,-1.01
2022-05-31,169.95,169.95,169.95,169.95,5,165.51,0.54
2022-05-27,169.03,169.03,169.03,169.03,0,169.03,0.00
2022-05-26,168.07,169.03,168.07,169.03,190,169.03,2.58
2022-05-25,168.13,168.13,164.78,164.78,77,164.78,-4.97
2022-05-24,173.45,173.45,173.39,173.39,67,173.39,2.52
2022-05-23,170.22,170.22,169.13,169.13,89,169.13,0.27
2022-05-20,168.33,168.68,168.33,168.68,222,168.68,0.67
2022-05-19,167.55,167.55,167.55,167.55,28,167.55,4.22
2022-05-18,162.22,162.22,160.76,160.76,84,160.76,-0.79
2022-05-17,163.25,164.26,162.04,162.04,24,162.04,2.69
2022-05-16,157.8,157.8,157.8,157.8,0,157.8,0.00
2022-05-13,157.84,157.84,157.68,157.8,666,157.8,-5.31
2022-05-12,168.62,168.62,166.41,166.65,68,166.65,-2.74
2022-05-11,171.49,171.77,150,171.35,451,171.35,-0.64
2022-05-10,173.99,173.99,172.45,172.45,43,172.45,-4.99
2022-05-09,181.5,181.5,181.5,181.5,0,181.5,0.00
2022-05-06,179.72,181.51,179.72,181.5,81,181.5,6.76
2022-05-05,181.82,190,170,170,39,170,-3.41
2022-05-04,175.99,176,175.99,176,16,176,0.17
2022-05-03,175.9,175.9,175.71,175.71,11,175.71,3.36
2022-05-02,180,180,170,170,65,170,-7.01
2022-04-29,186.59,188.5,182.81,182.81,62,182.81,0.94
2022-04-28,181.11,181.11,181.11,181.11,1,181.11,-0.08
2022-04-27,182.31,182.31,181.25,181.25,134,181.25,-1.30
2022-04-26,183.64,183.64,183.64,183.64,0,183.64,-1.27
2022-04-25,185.13,186,185.13,186,114,183.64,-6.06
2022-04-22,197.99,197.99,197.99,197.99,20,196.38,-0.72
2022-04-21,199.43,199.43,199.43,199.43,0,199.43,-0.50
2022-04-20,200.43,200.43,200.43,200.43,7,199.43,7.18
2022-04-19,205.4,205.4,187,187,284,187,-12.21
2022-04-18,215.45,215.57,213,213,74,213,2.31
2022-04-14,210.71,210.71,208.2,208.2,6,208.2,-0.18
2022-04-13,210.47,211.01,208.58,208.58,163,208.58,0.42
2022-04-12,203.48,208.72,186,207.7,92,207.7,2.45
2022-04-11,205.74,205.74,202.74,202.74,82,202.74,1.20
2022-04-08,199.99,200.33,199.87,200.33,9,200.33,2.62
2022-04-07,195.21,195.21,195.21,195.21,20,195.21,0.25
2022-04-06,194.72,194.72,194.72,194.72,30,193.2,-2.17
2022-04-05,198.63,199.03,198.63,199.03,32,196.34,3.66
2022-04-04,192,192,192,192,0,192,0.00
2022-04-01,193.5,193.5,192,192,203,192,0.92
2022-03-31,195,195,190,190.25,30011,190.25,-2.38
2022-03-30,195.52,197,192.66,194.89,2586,194.89,2.04
2022-03-29,186.01,191.4,186.01,191,392,191,-3.71
2022-03-28,197.19,200.27,197.19,198.36,149,198.37,-2.67
2022-03-25,203.36,203.81,202.15,203.81,145,203.81,-2.09
2022-03-24,208.33,208.33,208.15,208.15,11,207.21,2.10
2022-03-23,199,219,199,203.87,96,203.87,5.10
2022-03-22,196,196,192.05,193.97,149,193.97,-2.76
2022-03-21,195.75,199.48,195.75,199.48,65,198.5,1.26
2022-03-18,198.8,199,196.01,197,149,197,-2.72
2022-03-17,201.27,202.5,201.27,202.5,12,202.5,4.38
2022-03-16,193.09,194,190.21,194,981,194,-0.46
2022-03-15,195.36,195.36,191.56,194.89,342,194.89,-6.56
2022-03-14,212.45,212.45,208.58,208.58,3,206,-1.90
2022-03-11,213.66,213.69,212.63,212.63,52,210.01,-4.58
2022-03-10,200,223.66,200,222.83,307,220.56,1.75
2022-03-09,219.79,220,216.79,219,336,199.66,-8.75
2022-03-08,219.94,240,219.94,240,787,232.96,10.09
2022-03-07,176.75,218,176.75,218,215,211.61,5.24
2022-03-04,204.49,208.28,204.49,207.14,2806,201.06,3.68
2022-03-03,198.91,199.78,198.91,199.78,6,193.91,-1.09
2022-03-02,201.99,201.99,201.99,201.99,2,196.71,-0.00
2022-03-01,195,202,186,202,623,202,6.57
2022-02-28,189.99,194.78,189.41,189.55,2170,189.55,1.88
2022-02-25,186.78,186.78,186.06,186.06,96,186.06,0.27
2022-02-24,194.58,203.83,185.55,185.55,1742,185.55,-4.17
2022-02-23,191.12,193.63,190.87,193.63,528,193.63,1.27
2022-02-22,191.46,192.6,178.05,191.2,394,191.2,0.78
2022-02-18,189.72,189.72,189.72,189.72,3,189.72,-0.27
2022-02-17,186.99,190.67,160,190.24,2019,190.24,6.03
2022-02-16,177.95,179.42,177.95,179.42,21,179.42,0.80
2022-02-15,178,178,178,178,1,177.66,-0.71
2022-02-14,179.28,179.28,179.28,179.28,7,178.94,-0.17
2022-02-11,172.02,187,172.02,179.59,498,179.59,6.07
2022-02-10,169.32,169.32,169.32,169.32,4,169.32,-1.01
2022-02-09,170.02,172,170.02,171.04,154,171.04,0.86
2022-02-08,168.26,170.5,168.26,169.58,428,169.58,0.72
2022-02-07,166.08,168.36,166.08,168.36,206,168.36,2.27
2022-02-04,164.31,164.62,164.31,164.62,224,164.62,0.19
2022-02-03,160.04,164.3,150.29,164.3,98,164.31,-0.60
2022-02-02,163.17,165.29,163.17,165.29,19,165.29,1.03
2022-02-01,163.58,164.91,163.58,163.61,305,163.61,1.12
2022-01-31,161.95,161.95,161.57,161.79,30,161.79,1.58
2022-01-28,158.57,159.27,157.77,159.27,82,159.27,-0.73
2022-01-27,162.18,164.15,160.44,160.44,7,160.44,-6.28
2022-01-26,173.5,173.5,171.19,171.19,251,171.19,-3.59
2022-01-25,175,177.56,175,177.56,19,177.56,2.30
2022-01-24,172.5,173.57,172.5,173.57,45,173.57,0.95
2022-01-21,174.55,174.55,171.88,171.93,139,171.93,-1.50
2022-01-20,175.61,175.84,174.55,174.55,33,174.55,-0.05
2022-01-19,169.91,174.63,169.91,174.63,231,174.63,4.32
2022-01-18,167.49,169.19,166.73,167.4,199,167.4,-0.16
2022-01-14,167.65,167.67,167.65,167.67,301,167.67,-1.02
2022-01-13,169.1,169.39,130,169.39,22,169.39,-0.63
2022-01-12,169.55,170.5,169.51,170.47,67,170.47,0.57
2022-01-11,165,169.5,165,169.5,627,169.5,5.06
2022-01-10,161.34,161.34,161.34,161.34,0,161.34,-0.07
2022-01-07,161.37,161.46,161.37,161.46,40,161.34,0.09
2022-01-06,160.7,161.31,160.7,161.31,70,161.31,-5.27
2022-01-05,171.3,171.3,170.29,170.29,256,166.77,1.30
2022-01-04,166.22,168.1,166.22,168.1,27,168.04,2.19
2022-01-03,164.07,164.49,164.07,164.49,220,164.49,-3.50
2021-12-31,171.3,171.3,135.5,170.46,472,170.46,1.42
2021-12-30,166.45,168.08,166.45,168.08,69,168.08,1.47
2021-12-29,166.02,166.02,165.57,165.65,25248,165.65,-0.23
2021-12-28,167.68,167.68,166.01,166.04,893,166.04,-0.59
2021-12-27,165.99,167.02,165.99,167.02,135,167.02,0.15
2021-12-23,166,166.77,166,166.77,402,166.77,0.81
2021-12-22,162.59,165.57,162.29,165.43,632,165.43,22.09
2021-12-21,162.9,163.01,135.5,135.5,226,135.5,-16.64
2021-12-20,162.55,162.55,162.55,162.55,1450,162.55,-1.79
2021-12-17,165.97,165.97,164.92,165.51,1363,165.51,0.96
2021-12-16,160.98,163.93,160.89,163.93,9921,163.93,5.52
2021-12-15,155.88,155.88,155.23,155.35,185,155.35,-1.07
2021-12-14,156.69,157.18,156.69,157.03,252,157.03,-1.70
2021-12-13,160.94,161.42,135.15,159.75,588,159.75,14.11
2021-12-10,160.52,160.71,140,140,130,140,-11.87
2021-12-09,158.39,158.85,158.39,158.85,71,158.85,-1.02
2021-12-08,159.8,160.49,159.8,160.49,102,160.49,-0.34
2021-12-07,161.04,161.04,161.04,161.04,1,161.04,1.10
2021-12-06,159.6,160.03,159.28,159.28,134,159.28,0.57
2021-12-03,156.97,158.37,135.15,158.37,157,158.37,1.27
2021-12-02,157.27,157.49,155.07,156.38,236,156.38,-3.55
2021-12-01,162.13,162.13,162.13,162.13,131,162.13,4.60
2021-11-30,160.1,160.1,155,155,344,155,-3.64
2021-11-29,160.81,160.85,160.1,160.85,347,160.85,-0.56
2021-11-26,166.67,166.67,161.41,161.76,76,161.76,0.40
2021-11-24,161.02,161.11,161.02,161.11,21,161.11,-0.32
2021-11-23,163.27,163.32,161.61,161.63,221,161.63,-3.35
2021-11-22,170.89,172.04,166.92,167.24,303,167.24,-6.87
2021-11-19,184.02,184.05,179.35,179.58,2201,179.58,-2.44
2021-11-18,184.83,185.57,184.08,184.08,62,184.08,-4.54
2021-11-17,185.28,192.83,185.27,192.83,1117,192.83,6.44
2021-11-16,183.82,183.82,181.16,181.16,4,181.16,-0.59
2021-11-15,184,185.24,182.24,182.24,145,182.24,-1.39
2021-11-12,184.65,184.8,184.39,184.8,5,184.8,0.18
2021-11-11,183.35,184.47,182,184.47,525,184.47,1.92
2021-11-10,178,181,175,181,300,181,2.85
2021-11-09,174.31,175.98,172.33,175.98,348,175.98,1.32
2021-11-08,172.71,173.73,172.71,173.69,293,173.69,2.01
2021-11-05,164.89,170.37,164.89,170.26,967,170.26,3.95
2021-11-04,164.33,166.06,163.79,163.79,1221,163.79,3.80
2021-11-03,160.01,160.01,156.06,157.8,471,157.8,-4.06
2021-11-02,164.47,164.47,164.47,164.47,375,164.47,0.00
2021-11-01,164.78,165.27,164.47,164.47,375,164.47,2.38
2021-10-29,160.84,161.11,160.29,160.65,129,160.65,-4.15
2021-10-28,169.78,169.78,167.6,167.6,47,167.6,1.01
2021-10-27,163.72,165.92,163.72,165.92,166,165.92,0.28
2021-10-26,164.47,165.46,164.47,165.46,153,165.46,-2.26
2021-10-25,168.02,169.35,168.02,169.29,140,169.29,3.46
2021-10-22,168.25,170.31,162.92,163.63,576,163.63,0.48
2021-10-21,162.36,162.85,161.29,162.85,144,162.85,0.10
2021-10-20,160.21,162.69,160.21,162.69,59,162.69,2.97
2021-10-19,140,168,140,158,718,158,0.14
2021-10-18,157.44,158.03,157.44,157.78,28,157.78,-0.88
2021-10-15,159.18,159.18,159.18,159.18,50,159.18,-4.61
2021-10-14,166.41,166.99,166.41,166.88,48,166.88,0.77
2021-10-13,161.25,165.61,161.25,165.61,39,165.61,5.56
2021-10-12,156.48,156.88,156.47,156.88,618,156.88,0.56
2021-10-11,155.75,156.01,155.75,156.01,6,156.01,-0.12
2021-10-08,157.62,157.62,156.2,156.2,168,156.2,0.59
2021-10-07,150.87,156.86,150.87,155.28,108,155.28,-0.57
2021-10-06,155.37,156.17,155.37,156.17,18,156.17,-0.33
2021-10-05,155.05,156.68,153.92,156.68,27,156.69,-0.89
2021-10-04,153.86,159.28,153.86,158.09,184,158.09,0.80
2021-10-01,156.2,157.82,156.2,156.84,269,156.84,0.90
2021-09-30,151.19,156.01,151.19,155.44,565,155.44,0.77
2021-09-29,154.25,154.25,154.25,154.25,0,154.25,0.00
2021-09-28,154.25,154.25,154.25,154.25,0,154.25,0.00
2021-09-27,154.62,154.62,154.2,154.25,69,154.25,0.47
2021-09-24,152.32,153.53,152.32,153.53,322,153.53,-0.88
2021-09-23,154.89,154.89,154.89,154.89,7,154.89,-3.14
2021-09-22,161.09,162,159.91,159.91,254,159.91,-1.47
2021-09-21,160.41,162.29,160.35,162.29,1094,162.29,5.95
2021-09-20,157.47,157.61,153.18,153.18,172,153.18,-0.84
2021-09-17,154.54,155.66,154.17,154.47,750,154.47,-0.80
2021-09-16,155.62,156,155.09,155.71,370,155.71,-6.55
2021-09-15,167.85,167.85,166.62,166.62,55,166.63,-1.84
2021-09-14,170.01,170.01,169.75,169.75,101,169.75,1.81
2021-09-13,166.25,166.73,166.13,166.73,52,166.73,0.45
2021-09-10,166.5,166.5,165.98,165.98,60,165.98,-0.36
2021-09-09,165.54,167.54,165.12,166.58,233,166.59,0.63
2021-09-08,165.68,165.68,165.54,165.54,25,165.54,-1.21
2021-09-07,168.31,168.31,167.56,167.56,265,167.56,-5.98
2021-09-03,175.87,178.22,175.87,178.22,45,178.22,3.70
2021-09-02,172.84,172.84,171.59,171.86,67,171.86,-0.82
2021-09-01,173.86,173.86,168.34,173.28,1124,173.28,-0.10
2021-08-31,173.29,173.75,173.29,173.46,259,173.46,0.81
2021-08-30,172.62,172.62,172.07,172.07,180,172.07,-1.47
2021-08-27,170.16,174.63,170.16,174.63,153,174.63,4.74
2021-08-26,165.02,166.72,165.02,166.72,92,166.72,-2.81
2021-08-25,171.54,171.54,171.54,171.54,0,171.54,0.00
2021-08-24,170.42,171.54,170.42,171.54,35,171.54,0.43
2021-08-23,170.32,170.86,170.26,170.8,61,170.8,3.66
2021-08-20,163.92,165.19,163.92,164.77,16,164.77,0.62
2021-08-19,163.81,164.2,163.75,163.75,15,163.75,2.48
2021-08-18,165.04,165.04,159.79,159.79,845,159.79,-2.85
2021-08-17,165.63,165.63,164.48,164.48,868,164.48,-0.69
2021-08-16,165.2,166.3,165.2,165.63,21,165.63,1.39
2021-08-13,159.67,168.33,159.67,163.36,333,163.36,4.48
2021-08-12,154,156.36,154,156.36,281,156.36,0.25
2021-08-11,153.82,155.97,153.63,155.97,85,155.97,3.55
2021-08-10,148.75,150.82,148.75,150.63,195,150.63,0.01
2021-08-09,154.59,154.59,150.11,150.61,727,150.61,-5.96
2021-08-06,159.37,160.16,159.03,160.16,202,160.16,-6.88
2021-08-05,171.45,172,171.21,172,252,172,-1.04
2021-08-04,179.49,179.72,173.39,173.8,699,173.8,0.16
2021-08-03,174.5,174.5,173.52,173.52,139,173.52,-3.99
2021-08-02,173.5,180.73,173.5,180.73,574,180.73,3.65
2021-07-30,178.21,178.21,174.37,174.37,231,174.37,-3.16
2021-07-29,177.46,180.06,175.13,180.06,337,180.06,4.91
2021-07-28,170.2,171.71,169.92,171.63,88,171.63,0.85
2021-07-27,170.19,170.19,170.19,170.19,35,170.19,-0.14
2021-07-26,172.09,172.27,170.43,170.43,8,170.43,-0.73
2021-07-23,171,172,171,171.68,221,171.68,-0.76
2021-07-22,171.26,173,171.26,173,2,173,0.38
2021-07-21,171.74,172.85,171.74,172.35,170,172.35,-0.39
2021-07-20,177.29,177.29,172.89,173.03,127,173.03,-0.32
2021-07-19,174.54,175.31,173.35,173.58,1507,173.58,-0.99
2021-07-16,180,180,175.31,175.31,3,175.31,-2.61
2021-07-15,178.82,180,178.26,180,348,180,0.44
2021-07-14,178.71,179.22,178.22,179.22,33,179.22,3.24
2021-07-13,174.55,175.3,173.6,173.6,87,173.6,0.06
2021-07-12,171.91,173.79,171.09,173.49,251,173.49,-0.42
2021-07-09,173.9,174.23,173.9,174.23,305,174.23,1.90
2021-07-08,175,175,170.98,170.98,215,170.98,-0.88
2021-07-07,172.5,172.5,172.5,172.5,125,172.5,1.04
2021-07-06,173.68,174.33,170.23,170.72,528,170.72,2.10
2021-07-02,168.11,168.11,166.3,167.21,157,167.21,1.83
2021-07-01,165.74,165.74,163.06,164.2,414,164.21,0.74
2021-06-30,159.52,164.14,159.52,162.99,405,162.99,1.02
2021-06-29,159.26,161.34,158.38,161.34,763,161.34,-2.84
2021-06-28,166,166.05,165.96,166.05,30095,166.05,-0.54
2021-06-25,168.79,168.79,166.95,166.95,30,166.95,1.67
2021-06-24,167.12,167.42,164.2,164.2,586,164.2,-0.95
2021-06-23,168.87,169.97,165.47,165.77,468,165.77,-0.50
2021-06-22,165.32,166.6,164.79,166.6,90,166.6,-0.24
2021-06-21,165.98,167.42,164.68,167,203,167,2.40
2021-06-18,164.83,165.3,163.08,163.08,785,163.08,-1.76
2021-06-17,179,179,163,166,464,166,-9.11
2021-06-16,191.23,191.23,182.4,182.63,321,182.63,-4.02
2021-06-15,189.97,190.28,189.97,190.28,3,190.28,-1.25
2021-06-14,187.81,192.68,180,192.68,29,192.68,-2.16
2021-06-11,196.93,196.93,196.93,196.93,1,196.93,-2.82
2021-06-10,200.92,203,180.39,202.64,213,202.64,1.15
2021-06-09,200.33,200.33,200.33,200.33,0,200.33,0.00
2021-06-08,185,202,185,200.33,84,200.33,-1.67
2021-06-07,200.96,203.95,195.23,203.74,224,203.74,1.36
2021-06-04,195.98,203.55,195.98,201,211,201,2.62
2021-06-03,196.46,196.46,194.09,195.86,1145,195.86,-5.54
2021-06-02,206.13,207.35,206.13,207.35,934,207.35,1.07
2021-06-01,207.7,207.7,205.16,205.16,844,205.16,-0.49
2021-05-28,204.15,206.17,203.28,206.17,338,206.17,0.99
2021-05-27,203.4,204.15,201.93,204.15,3031,204.15,-0.90
2021-05-26,206.09,207.32,205.61,206,187,206,0.84
2021-05-25,200,204.33,200,204.28,83,204.28,2.53
2021-05-24,199.45,200,199.24,199.24,401,199.24,0.17
2021-05-21,200.11,200.87,198.33,198.9,53,198.9,0.95
2021-05-20,195.7,199.35,195.7,197.03,419,197.03,1.10
2021-05-19,195.24,200,193.26,194.88,289,194.88,-0.15
2021-05-18,178.75,195.25,178.75,195.17,164,195.17,0.46
2021-05-17,189.15,194.56,189.15,194.27,223,194.27,3.49
2021-05-14,185.59,187.72,184.92,187.72,86,187.72,3.26
2021-05-13,179.6,182.34,179.6,181.8,362,181.8,0.87
2021-05-12,183.14,183.14,180.15,180.23,496,180.23,-3.02
2021-05-11,180.38,185.85,180.38,185.85,1141,185.85,0.16
2021-05-10,182,187.75,182,185.56,158,185.56,0.45
2021-05-07,185,187,184.12,184.72,682,184.72,3.28
2021-05-06,173,179.28,173,178.85,226,178.85,12.07
2021-05-05,159.59,159.59,159.59,159.59,115,159.59,0.00
2021-05-04,172.4,173.09,159.59,159.59,368,159.59,-8.02
2021-05-03,171.56,174,171.11,173.5,601,173.5,4.35
2021-04-30,166.07,169.99,166.07,166.26,3,166.26,-0.39
2021-04-29,169.99,169.99,165.18,166.91,79,166.91,-0.94
2021-04-28,167.04,168.5,167.04,168.5,116,168.5,0.36
2021-04-27,169.24,170.08,167.9,167.9,340,167.9,-0.73
2021-04-26,168.71,169.13,168.05,169.13,241,169.13,-1.31
2021-04-23,170,171.37,168.22,171.37,228,171.37,0.84
2021-04-22,170.57,170.57,168.37,169.95,247,169.95,-2.13
2021-04-21,170.42,173.95,170.42,173.65,102,173.65,2.80
2021-04-20,165.72,168.92,165.67,168.92,25046,168.92,-1.22
2021-04-19,168.64,171,166.69,171,17,171,1.75
2021-04-16,167.7,170,167.06,168.06,25622,168.06,1.87
2021-04-15,161.33,166.35,161.33,164.97,909,164.97,4.84
2021-04-14,157.43,157.52,156.16,157.35,20752,157.35,-1.66
2021-04-13,159.89,160,159.47,160,118,160,6.66
2021-04-12,156.52,156.52,147,150.01,261,150.01,-5.67
2021-04-09,157.41,160.13,157.41,159.02,195,159.02,-2.39
2021-04-08,161.91,163.29,161.91,162.92,377,162.92,3.24
2021-04-07,158.36,159.37,157.81,157.81,580,157.81,-1.12
2021-04-06,158,160.18,158,159.59,1463,159.59,2.64
2021-04-05,126.63,156.54,126.63,155.49,163,155.49,0.26
2021-04-01,154.37,155.97,154.32,155.09,1171,155.09,2.15
2021-03-31,144.61,151.82,129.15,151.82,373,151.82,19.89
2021-03-30,144.14,144.56,126.63,126.63,782,126.63,-16.57
2021-03-29,151.75,151.78,151.75,151.78,15,151.78,-10.22
2021-03-26,157.95,169.05,157.3,169.05,38,169.05,8.85
2021-03-25,157.8,160.08,126.62,155.3,341,155.3,-1.40
2021-03-24,156.79,157.87,156.55,157.51,396,157.51,1.34
2021-03-23,155.55,156.07,155.42,155.42,2803,155.42,-2.29
2021-03-22,156.78,159.07,156.78,159.07,212,159.07,3.97
2021-03-19,157.82,160.11,153,153,504,153,-1.59
2021-03-18,154.84,155.47,154.59,155.47,5,155.47,-2.83
2021-03-17,157.56,160,155.58,160,438,160,0.63
2021-03-16,157.88,159,156.56,159,329,159,1.62
2021-03-15,157.19,157.95,156.47,156.47,222,156.47,1.24
2021-03-12,151.2,155,151.2,154.56,492,154.56,-0.92
2021-03-11,154.39,156,153.37,156,3563,156,13.29
2021-03-10,153.44,153.92,137.7,137.7,1889,137.7,-10.25
2021-03-09,153.45,153.94,151.96,153.43,1755,153.43,6.37
2021-03-08,146.56,146.56,143.34,144.24,402,144.24,-2.83
2021-03-05,150.02,150.02,147.56,148.44,2264,148.44,-0.03
2021-03-04,152.23,154.41,140.04,148.49,1386,148.49,-2.84
2021-03-03,151.32,154.98,151.32,152.83,1649,152.83,-2.65
2021-03-02,156.01,158.99,150,156.99,500,156.99,1.57
2021-03-01,159.92,164.85,154.57,154.57,1288,154.57,-1.85
2021-02-26,164.27,164.27,153.7,157.49,742,157.49,-8.44
2021-02-25,172.85,172.85,150,172,618,172,-2.75
2021-02-24,174.5,178.28,173.48,176.87,376,176.87,-1.42
2021-02-23,177.5,180.27,177.5,179.42,392,179.42,-0.53
2021-02-22,176.42,181.66,176.39,180.37,614,180.37,4.79
2021-02-19,171.69,174.2,150,172.13,850,172.13,0.96
2021-02-18,170.85,172.46,170.45,170.5,4417,170.5,0.04
2021-02-17,172.28,173.17,169.81,170.43,388,170.43,-3.66
2021-02-16,178,182.2,174.93,176.91,1201,176.91,-3.93
2021-02-12,185,186.77,183.73,184.15,356,184.15,-1.10
2021-02-11,191.84,191.84,185.64,186.2,586,186.2,-1.82
2021-02-10,190.36,193.28,189.53,189.65,369,189.65,0.00
2021-02-09,189.19,191,189.19,189.65,369,189.65,0.32
2021-02-08,184.8,190.53,179.55,189.05,250,189.05,3.82
2021-02-05,179.11,182.36,178.9,182.09,53,182.09,3.45
2021-02-04,177.7,177.7,174.86,176.01,1253,176.01,-7.09
2021-02-03,189.52,190.95,189.09,189.45,1509,189.45,4.09
2021-02-02,191.48,191.94,180.79,182,1036,182,-8.54
2021-02-01,200.8,201.28,198.38,199,920,199,3.23
2021-01-29,199.66,200.29,192.77,192.77,1247,192.77,0.22
2021-01-28,198.24,199.13,191.68,192.35,982,192.35,2.31
2021-01-27,191.6,194.34,188,188,624,188,-4.27
2021-01-26,196.95,197.5,195.48,196.38,388,196.39,-0.36
2021-01-25,200.09,200.25,195.23,197.08,478,197.08,-0.19
2021-01-22,192.3,197.45,192,197.45,26097,197.45,2.68
2021-01-21,200,201.1,190.75,192.3,543,192.3,-3.87
2021-01-20,195,202,190.75,200.04,3459,200.04,4.87
2021-01-19,185,194,185,190.75,701,190.75,1.67
2021-01-15,192,192,185.03,187.62,1368,187.62,-3.01
2021-01-14,195.67,198,193.45,193.45,17456,193.45,1.28
2021-01-13,197.26,199.05,190.01,191,692,191,-3.47
2021-01-12,194.61,197.93,192.8,197.86,906,197.86,1.50
2021-01-11,194.65,196.5,192.35,194.94,330,194.94,-0.60
2021-01-08,208.87,209.15,190,196.12,1585,196.12,-10.92
2021-01-07,219.47,220.24,217.33,220.17,682,220.17,0.08
2021-01-06,226.92,227.21,216.32,220,1568,220,-5.41
2021-01-05,230.37,233.76,229.66,232.59,1005,232.59,1.13
2021-01-04,215,231.68,215,230,1523,230,6.74
2020-12-31,215.24,215.71,212,215.47,1091,215.47,0.94
2020-12-30,209.56,213.47,209.53,213.47,12019,213.47,1.98
2020-12-29,209.14,209.84,206.84,209.32,585,209.32,0.95
2020-12-28,212.79,214.83,207.36,207.36,1176,207.36,-0.77
2020-12-24,207.73,208.96,207.73,208.96,81,208.96,1.05
2020-12-23,205.23,208,189.01,206.79,1182,206.79,10.57
2020-12-22,209.55,209.55,186.01,187.02,60844,187.02,-9.87
2020-12-21,210.06,211.6,207.5,207.5,515,207.5,-1.04
2020-12-18,211.55,211.55,209.69,209.69,1050,209.69,-2.26
2020-12-17,209.13,214.54,209.13,214.54,652,214.54,5.60
2020-12-16,203.16,203.16,203.16,203.16,477,203.16,1.31
2020-12-15,199.64,200.54,199.64,200.54,666,200.54,4.06
2020-12-14,192.71,192.71,192.71,192.71,501,192.71,-1.73
2020-12-11,196.11,196.11,196.11,196.11,303,196.11,0.39
2020-12-10,199.04,199.39,195.34,195.34,1206,195.34,-2.01
2020-12-09,199.35,199.35,199.21,199.35,1112,199.35,-0.86
2020-12-08,201.07,201.07,201.07,201.07,367,201.07,0.00
2020-12-07,201.07,201.07,201.07,201.07,461,201.07,2.64
2020-12-04,199,199.74,194.38,195.89,1233,195.89,0.97
2020-12-03,194,194,194,194,564,194,2.20
2020-12-02,189.83,189.83,189.83,189.83,484,189.83,0.47
2020-12-01,177.18,188.95,177.18,188.95,2640,188.95,5.60
2020-11-30,177.95,178.93,177.95,178.93,4200,178.93,-0.04
2020-11-27,186.41,186.41,178.47,179,1751,179,-5.79
2020-11-25,188.57,190.26,188.32,190,1037,190,1.93
2020-11-24,185.91,187.01,185.53,186.4,3005,186.4,-10.91
2020-11-23,209.22,209.22,209.22,209.22,412,209.22,0.00
2020-11-20,205,209.22,205,209.22,535,209.22,1.43
2020-11-19,205.14,206.28,204.61,206.28,729,206.28,-2.93
2020-11-18,211.04,212.5,210.74,212.5,1151,212.5,0.40
2020-11-17,214.14,214.48,210.87,211.65,1222,211.65,-1.04
2020-11-16,215,215.98,213.8,213.87,1570,213.87,-0.99
2020-11-13,215.28,216,215.28,216,1321,216,1.57
2020-11-12,212.67,212.67,212.67,212.67,227,212.67,0.00
2020-11-11,212.67,212.67,212.67,212.67,229,212.67,0.00
2020-11-10,208.76,212.67,208.76,212.67,1446,212.67,3.41
2020-11-09,205,206.47,203.29,205.66,4809,205.66,-14.49
2020-11-06,240.51,240.51,240.51,240.51,361,240.51,0.42
2020-11-05,233.61,240,233.61,239.5,1493,239.5,9.36
2020-11-04,222.21,222.21,218.54,219,3006,219,-2.59
2020-11-03,224.82,224.82,224.82,224.82,327,224.82,2.60
2020-11-02,219.13,219.13,219.13,219.13,480,219.13,4.17
2020-10-30,210.35,210.35,210.35,210.35,150296,210.35,0.00
2020-10-29,211.82,212.48,210,210.35,1763,210.35,-2.19
2020-10-28,212.74,215.05,212.74,215.05,840,215.05,-4.78
2020-10-27,225.78,225.89,225.54,225.85,2495,225.85,1.61
2020-10-26,222.08,222.28,222.08,222.28,442,222.28,-0.10
2020-10-23,222.5,222.5,222.5,222.5,239,222.5,0.00
2020-10-22,215.51,222.5,215.51,222.5,1271,222.5,-4.19
2020-10-21,232.34,233.34,231.45,232.24,1482,232.24,2.31
2020-10-20,224,226.99,224,226.99,1633,226.99,0.91
2020-10-19,224.95,224.95,224.95,224.95,927,224.95,0.26
2020-10-16,224.37,224.37,224.37,224.37,351,224.37,0.04
2020-10-15,224.17,224.29,224.14,224.29,2439,224.29,-0.36
2020-10-14,228.21,228.38,224.81,225.11,2031,225.11,1.45
2020-10-13,221.71,221.89,221.71,221.89,707,221.89,-4.81
2020-10-12,233.11,233.11,233.11,233.11,420,233.11,-0.42
2020-10-09,231.57,234.1,231.57,234.1,5585,234.1,6.07
2020-10-08,220.76,220.76,220.33,220.7,2495,220.7,0.36
2020-10-07,218.63,219.9,218.21,219.9,1544,219.9,-4.07
2020-10-06,229,229.24,229,229.24,1096,229.24,-0.22
2020-10-05,229,230.1,229,229.75,1229,229.75,1.69
2020-10-02,224.48,226.99,224.48,225.93,1424,225.93,-0.69
2020-10-01,228.97,228.97,226.74,227.5,806,227.5,2.36
2020-09-30,222.25,222.25,222.25,222.25,508,222.25,0.10
2020-09-29,219,222.03,219,222.03,25550,222.03,1.81
2020-09-28,215.59,218.14,215.59,218.08,1580,218.08,2.80
2020-09-25,210.79,212.3,210.23,212.14,1628,212.14,-1.47
2020-09-24,209.99,215.56,209.99,215.3,1268,215.3,2.34
2020-09-23,220.22,220.22,210.37,210.37,6640,210.37,-6.19
2020-09-22,224,224.25,224,224.25,348,224.25,-2.14
2020-09-21,231.25,231.25,219.83,229.16,4883,229.16,-6.86
2020-09-18,246.07,246.07,246.04,246.04,986,246.04,0.84
2020-09-17,243.71,244,243.45,244,1325,244,-3.36
2020-09-16,251.12,252.48,251.12,252.48,1298,252.49,1.95
2020-09-15,250.76,251.25,246.6,247.66,12365,247.66,-0.76
2020-09-14,248.91,250.81,248.91,249.55,3231,249.55,2.96
2020-09-11,242.3,242.51,242.03,242.38,1603,242.38,-2.38
2020-09-10,251.65,251.65,248.15,248.28,1597,248.28,1.48
2020-09-09,244,245.64,244,244.66,1258,244.66,1.60
2020-09-08,230.1,240.81,229.91,240.81,4620,240.81,-0.02
2020-09-04,235.98,240.85,233.72,240.85,4333,240.85,0.96
2020-09-03,240,240,233,238.57,1620,238.57,-1.64
2020-09-02,246.41,246.41,242.56,242.56,31840,242.56,-4.01
2020-09-01,261.68,261.68,252.69,252.69,1394,252.69,0.35
2020-08-31,251.88,254.44,249,251.82,37463,251.82,0.33
2020-08-28,249.94,251,249.94,251,35262,251,6.72
2020-08-27,236.83,236.83,235.2,235.2,819,235.2,-3.83
2020-08-26,241.98,244.56,241.98,244.56,1331,244.56,2.88
2020-08-25,234.53,237.72,234.5,237.72,2480,237.72,-0.05
2020-08-24,244.64,244.64,237.84,237.84,5045,237.84,-1.72
2020-08-21,241.03,245,238.04,242,3563,242,-0.82
2020-08-20,238,245.45,238,244,5111,244,0.32
2020-08-19,263.22,263.22,241.15,243.23,5697,243.23,-9.24
2020-08-18,270.93,270.93,265.8,267.98,11953,267.98,3.47
2020-08-17,255.02,265,255.02,259,5906,259,5.78
2020-08-14,249.04,249.04,236.06,244.84,3598,244.84,0.68
2020-08-13,242.91,255.03,242.91,243.19,4548,243.19,2.46
2020-08-12,234,247.87,234,237.34,10314,237.34,0.56
2020-08-11,250.52,251.98,235.01,236.01,37071,236.01,-15.75
2020-08-10,285.14,290.7,278.65,280.13,15696,280.13,-1.80
2020-08-07,292.06,292.45,278.92,285.26,15804,285.26,-4.53
2020-08-06,296.93,299.5,290,298.81,9783,298.81,3.16
2020-08-05,289.59,294.68,285.67,289.66,19674,289.66,3.45
2020-08-04,261.99,280,261.99,280,10424,280,6.33
2020-08-03,260.96,263.33,258.02,263.33,6114,263.33,0.33
2020-07-31,260.61,264.63,258.5,262.46,30823,262.46,2.84
2020-07-30,256.12,256.12,249.56,255.2,45438,255.2,-2.22
2020-07-29,257.58,265,251.6,261,26629,261,1.33
2020-07-28,240,257.58,240,257.58,13934,257.58,2.71
2020-07-27,253,254.13,249.75,250.78,20122,250.78,4.83
2020-07-24,242.21,242.21,238.07,239.23,13071,239.23,2.83
2020-07-23,230.33,239.8,229.06,232.65,17670,232.65,1.65
2020-07-22,219.47,230,218.99,228.87,28787,228.87,4.99
2020-07-21,210,219,210,218,14882,218,4.21
2020-07-20,208.41,210.2,207.6,209.2,20109,209.2,0.99
2020-07-17,206.12,207.18,206.02,207.14,4978,207.14,1.60
2020-07-16,209.08,209.08,202.44,203.87,10520,203.87,-2.87
2020-07-15,206.5,209.89,206.5,209.89,55256,209.89,0.61
2020-07-14,203.83,209.46,202.4,208.62,33219,208.62,1.27
2020-07-13,204.55,210,204.55,206,21371,206,0.15
2020-07-10,207.63,209.44,204.09,205.69,83509,205.69,-0.97
2020-07-09,212.03,212.56,205,207.7,55580,207.7,-1.64
2020-07-08,208.87,214.99,208.75,211.16,51631,211.16,1.67
2020-07-07,200.79,208.39,200.79,207.69,147329,207.69,2.31
2020-07-06,201.36,203,201.36,203,179641,203,0.81
2020-07-02,198.05,202.5,197.78,201.36,133124,201.36,0.86
2020-07-01,201.78,201.86,194.87,199.64,204327,199.64,-2.51
2020-06-30,199,206.92,199,204.77,121623,204.77,2.44
2020-06-29,199.93,201.1,198.79,199.89,109608,199.89,-0.35
2020-06-26,193.19,200.69,190.45,200.6,210486,200.6,2.19
2020-06-25,197.05,197.05,194.56,196.31,133766,196.31,-0.52
2020-06-24,197.81,202.23,196.01,197.33,294642,197.33,-1.54
2020-06-23,198.84,201,197.75,200.42,272714,200.42,3.22
2020-06-22,195.97,199.04,193.39,194.17,336903,194.17,1.40
2020-06-19,187.1,192.75,186.72,191.49,206989,191.49,4.30
2020-06-18,183.89,184.2,180.5,183.59,70522,183.59,-1.00
2020-06-17,183.37,185.79,182.45,185.45,49963,185.45,0.52
2020-06-16,182.15,185.99,181.27,184.49,116008,184.49,0.19
2020-06-15,176.89,185.03,175.78,184.14,98124,184.14,-0.90
2020-06-12,188.72,190.39,184.85,185.82,106048,185.82,0.85
2020-06-11,187.87,191,183.02,184.25,267854,184.25,-2.40
2020-06-10,183.76,189.25,178.19,188.78,285213,188.78,4.89
2020-06-09,180.5,182.84,179.33,179.98,152132,179.98,2.48
2020-06-08,172.28,176.25,171,175.63,123259,175.63,3.28
2020-06-05,170.57,170.66,165.5,170.06,265520,170.06,-6.31
2020-06-04,180.63,183.49,176.05,181.51,169846,181.51,3.89
2020-06-03,177.17,179.57,171.42,174.71,388699,174.71,-5.99
2020-06-02,192.33,192.75,183.75,185.84,174383,185.84,-2.79
2020-06-01,187.96,192.13,187.11,191.18,145069,191.18,1.22
2020-05-29,188.49,191.87,187.43,188.87,166233,188.87,2.14
2020-05-28,187.41,188.43,182.08,184.92,138398,184.92,0.82
2020-05-27,175.36,183.69,175.11,183.42,198114,183.42,0.23
2020-05-26,189.89,189.89,181.5,183,200167,183,-4.58
2020-05-22,190.35,192.77,189.8,191.78,110691,191.78,2.34
2020-05-21,192.54,192.61,184.5,187.39,179083,187.39,-4.39
2020-05-20,195.79,197.42,193.56,196,115910,196,0.65
2020-05-19,192.28,195.52,191.26,194.73,147925,194.73,2.72
2020-05-18,195.23,196.17,188.31,189.58,287378,189.58,-3.52
2020-05-15,196.08,198.5,192.41,196.5,260583,196.5,2.35
2020-05-14,186.61,193.67,186.55,191.98,234341,191.98,3.08
2020-05-13,183.84,186.25,182,186.25,173367,186.25,3.19
2020-05-12,181.63,184,179.22,180.5,127837,180.5,0.93
2020-05-11,181.18,182.94,176.82,178.83,142654,178.83,-1.89
2020-05-08,184.54,188.96,180.91,182.28,173942,182.28,-2.88
2020-05-07,178.75,189.68,178.75,187.69,179371,187.69,5.97
2020-05-06,177.54,180.09,173.91,177.11,195035,177.11,-4.09
2020-05-05,182.04,185.45,179.75,184.66,180037,184.66,0.73
2020-05-04,183.57,185.43,181.91,183.33,160871,183.33,0.80
2020-05-01,175.1,183.96,175.08,181.88,143240,181.88,2.39
2020-04-30,183.8,186.4,175.82,177.64,206940,177.64,-6.87
2020-04-29,184.19,190.75,183.06,190.75,150417,190.75,2.56
2020-04-28,188.22,188.22,180.94,185.98,114195,185.98,-1.36
2020-04-27,191.43,191.81,185.62,188.55,164350,188.55,-2.57
2020-04-24,197.68,198.5,188.15,193.53,162746,193.53,-1.73
2020-04-23,194.59,200.5,193.01,196.94,202506,196.94,2.66
2020-04-22,190.52,193.48,188.29,191.83,176620,191.83,6.33
2020-04-21,174,182.38,172.6,180.41,148088,180.41,-1.95
2020-04-20,180.93,186.04,179.6,184,160979,184,2.80
2020-04-17,186.51,186.79,177.47,178.99,248732,178.99,-6.80
2020-04-16,195.4,200.85,186.49,192.05,224116,192.05,-1.86
2020-04-15,196.67,199.04,192.04,195.69,199012,195.69,-1.78
2020-04-14,203.29,210.21,196.21,199.24,311252,199.24,-1.57
2020-04-13,192.31,204.92,190.74,202.42,232448,202.42,5.67
2020-04-09,190.84,198.14,188.52,191.55,233677,191.55,9.56
2020-04-08,178.1,180,174.32,174.83,107965,174.83,-0.83
2020-04-07,179.26,180.55,172.7,176.3,194823,176.3,-4.31
2020-04-06,173.58,186.42,173.05,184.24,253772,184.24,10.92
2020-04-03,163.42,167,161.77,166.1,118921,166.1,2.25
2020-04-02,158.86,164.85,157.68,162.45,171181,162.45,6.57
2020-04-01,148.34,154,146.99,152.44,189365,152.44,1.31
2020-03-31,159.37,160.8,148.77,150.47,182105,150.47,-8.59
2020-03-30,165.35,167.55,161.67,164.61,130255,164.61,-1.72
2020-03-27,166.14,170.39,164.44,167.49,175217,167.49,-0.60
2020-03-26,172.72,174.32,165,168.5,153780,168.5,2.51
2020-03-25,165.79,169.31,159,164.37,199437,164.37,-3.84
2020-03-24,174.56,177.98,163,170.93,285248,170.93,17.57
2020-03-23,134.47,147.93,133.51,145.39,423300,145.39,14.65
2020-03-20,128.44,129.76,124.26,126.81,217789,126.81,5.01
2020-03-19,124.36,127.68,120.76,120.76,210487,120.76,-5.39
2020-03-18,131.23,134.17,122.21,127.64,216793,127.64,-6.83
2020-03-17,127.02,142.98,126.5,137,313871,137,4.07
2020-03-16,115.06,134.35,115.06,131.64,371396,131.64,-2.84
2020-03-13,154.2,155.42,131.01,135.49,392780,135.49,-9.96
2020-03-12,161.63,161.97,146.3,150.48,438855,150.48,-11.51
2020-03-11,178.29,178.78,169.23,170.06,233678,170.06,-2.47
2020-03-10,177.92,178.37,171.87,174.36,211012,174.36,-5.17
2020-03-09,186.46,187.81,178.56,183.87,267805,183.87,0.73
2020-03-06,185.91,188.36,172.7,182.54,457714,182.54,0.19
2020-03-05,177.59,182.82,176.61,182.2,259306,182.2,6.48
2020-03-04,172.14,173.76,169.88,171.11,110395,171.11,0.43
2020-03-03,161.06,174.64,160.62,170.37,281232,170.37,9.25
2020-03-02,157.85,163,155.38,155.95,241938,155.95,2.16
2020-02-28,168.61,168.74,149.52,152.65,559990,152.65,-11.33
2020-02-27,178.89,180.58,172.15,172.15,368056,172.15,-0.57
2020-02-26,172.33,177.24,169.28,173.14,245087,173.14,1.09
2020-02-25,176.84,180.33,169.57,171.27,335160,171.27,-5.07
2020-02-24,188.57,188.79,177.52,180.42,434154,180.42,2.55
2020-02-21,175,177.69,174.31,175.93,230895,175.93,4.44
2020-02-20,166.98,169.6,166.82,168.45,122680,168.45,1.24
2020-02-19,163.8,166.4,163.2,166.38,93678,166.38,1.82
2020-02-18,160,163.94,158.93,163.41,117363,163.41,3.85
2020-02-14,156.48,157.86,156.43,157.35,51927,157.35,1.27
2020-02-13,154.88,155.9,154.27,155.38,54771,155.38,1.78
2020-02-12,152.36,153.68,151.7,152.67,37364,152.67,-0.33
2020-02-11,154.56,154.93,151.54,153.17,44401,153.17,-1.00
2020-02-10,155.17,155.75,154.15,154.71,49372,154.71,0.55
2020-02-07,153.78,154.98,152.4,153.87,84122,153.87,0.76
2020-02-06,152.2,153.1,151.21,152.71,69203,152.71,1.80
2020-02-05,149.38,150.77,148.84,150.01,59320,150.01,0.37
2020-02-04,151.33,151.58,147.74,149.46,169825,149.46,-4.16
2020-02-03,156.81,157.11,153.78,155.94,223989,155.94,-2.08
2020-01-31,157.63,160,157.48,159.25,165900,159.25,1.89
2020-01-30,156.84,158.88,155.01,156.29,193771,156.29,-0.03
2020-01-29,153.78,156.62,153.75,156.34,78072,156.34,1.58
2020-01-28,156.25,156.8,153.38,153.91,140740,153.91,-2.72
2020-01-27,158.77,159.25,156.38,158.22,132035,158.22,1.91
2020-01-24,151.7,156.31,151.67,155.25,163256,155.25,1.83
2020-01-23,150.96,153.87,150.88,152.46,88061,152.46,0.73
2020-01-22,151.2,151.36,150.27,151.36,57089,151.36,0.05
2020-01-21,148.29,151.67,147.09,151.29,79558,151.29,0.27
2020-01-17,150.72,152.07,150.12,150.88,79460,150.88,0.61
2020-01-16,149.9,150.39,148.43,149.96,55463,149.96,-0.58
2020-01-15,149.95,151.24,148.63,150.84,79928,150.84,1.73
2020-01-14,147.52,148.56,146.5,148.28,70937,148.28,-0.25
2020-01-13,150.34,150.53,148.65,148.65,98073,148.65,-2.40
2020-01-10,150.03,152.37,150,152.3,77623,152.3,1.94
2020-01-09,149.53,150.52,147.77,149.4,113066,149.4,-1.79
2020-01-08,157.41,157.95,150.02,152.13,376936,152.13,-2.38
2020-01-07,154.49,156.28,154.31,155.84,134008,155.84,1.02
2020-01-06,157.2,157.44,152.79,154.27,251514,154.27,3.14
2020-01-03,149,150.96,148.23,149.58,141593,149.58,4.01
2020-01-02,143.7,144.58,142.26,143.82,99130,143.82,2.17
2019-12-31,142.13,142.78,140.5,140.76,78442,140.76,0.37
2019-12-30,139.85,140.44,139.82,140.24,48044,140.24,0.65
2019-12-27,139.3,140.62,139.15,139.34,56194,139.34,-0.33
2019-12-26,138.78,139.93,138.37,139.8,60441,139.8,2.36
2019-12-24,134.12,136.59,134.07,136.58,79136,136.58,2.98
2019-12-23,131.44,132.65,131.44,132.63,47143,132.63,1.76
2019-12-20,131.04,131.17,129.85,130.33,18474,130.33,-0.40
2019-12-19,129.96,131.39,129.77,130.85,21154,130.85,0.62
2019-12-18,129.56,130.61,129.48,130.05,39889,130.05,0.05
2019-12-17,130.06,131,129.7,129.99,38922,129.99,-0.20
2019-12-16,130.57,131,129.38,130.25,32538,130.25,0.14
2019-12-13,128.59,130.6,127.27,130.07,73592,130.07,1.16
2019-12-12,132.19,132.44,127,128.58,142165,128.58,-1.06
2019-12-11,127.94,130.8,127.6,129.96,86881,129.96,2.19
2019-12-10,128.04,128.11,126.5,127.17,37951,127.17,0.78
2019-12-09,126.8,126.8,125.75,126.18,15357,126.18,0.10
2019-12-06,126.78,127.99,125.6,126.06,86266,126.06,-3.24
2019-12-05,129.79,131.42,129.79,130.28,34931,130.28,0.18
2019-12-04,130.91,130.91,129.29,130.04,35820,130.04,-0.65
2019-12-03,130.84,132.09,130.37,130.89,72380,130.89,2.91
2019-12-02,125.82,127.86,125.82,127.19,85929,127.19,-0.31
2019-11-29,125.27,128.07,125.27,127.58,26364,127.58,1.88
2019-11-27,125.15,125.67,124.8,125.23,28218,125.23,-1.70
2019-11-26,125.24,127.4,124.2,127.39,58129,127.39,1.63
2019-11-25,125.81,126.81,125.24,125.35,48710,125.35,-1.49
2019-11-22,129,129.25,127.08,127.25,58202,127.25,-0.57
2019-11-21,129.1,129.4,127.41,127.98,61959,127.98,-1.71
2019-11-20,129.56,130.78,128.49,130.21,120481,130.21,0.18
2019-11-19,128.5,130.75,128.48,129.97,69081,129.97,0.00
2019-11-18,129.23,130.37,128.76,129.97,79937,129.97,1.07
2019-11-15,128.1,129.21,128.04,128.59,54264,128.59,-0.78
2019-11-14,129.25,130.79,128.1,129.6,72070,129.6,1.34
2019-11-13,127.67,128.7,127.19,127.89,77759,127.89,1.13
2019-11-12,125.63,127,123.21,126.46,90242,126.46,0.59
2019-11-11,127.1,127.63,123.93,125.72,114377,125.72,-0.77
2019-11-08,127.46,129.16,126.59,126.69,163695,126.69,-1.94
2019-11-07,134.44,134.56,127.25,129.2,254180,129.2,-4.75
2019-11-06,134.65,136.46,134.25,135.65,99170,135.65,1.27
2019-11-05,136.3,136.8,132.5,133.95,227437,133.95,-4.93
2019-11-04,141.14,141.65,139.81,140.89,211187,140.89,-0.74
2019-11-01,140.84,142.92,140.38,141.94,114883,141.94,0.31
2019-10-31,140.22,142.32,140.03,141.5,126706,141.5,2.96
2019-10-30,135.97,137.43,133.26,137.43,141580,137.43,1.54
2019-10-29,134.69,136.2,133.8,135.34,55978,135.34,-0.84
2019-10-28,138.21,138.21,135.69,136.49,116873,136.49,-2.56
2019-10-25,143.02,143.02,138.9,140.08,91879,140.08,0.60
2019-10-24,137.56,139.72,137.42,139.24,66589,139.24,2.08
2019-10-23,136.54,137.49,136.26,136.4,41136,136.4,0.82
2019-10-22,135,135.55,134.02,135.29,35983,135.29,0.67
2019-10-21,136.9,137.02,133.82,134.39,45127,134.39,-1.35
2019-10-18,136.43,136.81,135.75,136.23,31953,136.23,-0.30
2019-10-17,136.5,138.1,136.26,136.64,54073,136.64,0.47
2019-10-16,135.35,136.4,134.23,136,50681,136,1.61
2019-10-15,135.71,135.84,132.88,133.84,58930,133.84,-2.21
2019-10-14,136.29,137.46,136.11,136.87,62121,136.87,1.18
2019-10-11,135.05,135.58,131.96,135.28,288259,135.28,-1.79
2019-10-10,140.04,140.04,137,137.75,130838,137.75,-2.60
2019-10-09,141.65,143.15,139.21,141.43,63957,141.43,0.12
2019-10-08,141.35,142.26,139.12,141.26,199452,141.26,2.62
2019-10-07,138.9,140.65,136.14,137.66,73205,137.66,-2.47
2019-10-04,139.97,142.29,138.92,141.15,108642,141.15,0.05
2019-10-03,139.38,145.12,139.36,141.08,264901,141.08,1.18
2019-10-02,138.1,141.05,137.09,139.44,169420,139.44,3.69
2019-10-01,130.11,136.2,129.63,134.48,173176,134.48,1.36
2019-09-30,135.33,136.51,130.14,132.67,240141,132.67,-4.71
2019-09-27,137.3,140.99,136.5,139.23,142602,139.23,-1.74
2019-09-26,142.67,143.76,140.94,141.7,93085,141.7,0.18
2019-09-25,148.62,149.04,140.5,141.44,191957,141.44,-5.71
2019-09-24,145.97,150.82,145,150,160996,150,1.72
2019-09-23,145.91,148.09,145.5,147.47,104318,147.47,1.47
2019-09-20,141,145.37,140.81,145.33,123937,145.33,3.66
2019-09-19,141.09,141.64,139.73,140.2,110996,140.2,1.13
2019-09-18,142.17,144.29,135.99,138.64,237008,138.64,-1.92
2019-09-17,141.85,142.73,140.09,141.35,138857,141.35,0.71
2019-09-16,141.25,142.28,139.5,140.36,137797,140.36,2.55
2019-09-13,141.67,142.29,136.61,136.87,137457,136.87,-2.65
2019-09-12,144.72,145.68,139.88,140.59,299879,140.59,0.62
2019-09-11,137.55,140.31,137.43,139.72,76590,139.72,1.86
2019-09-10,140.19,141.14,137.17,137.17,179745,137.17,-2.58
2019-09-09,143.78,144.02,140.2,140.8,199685,140.8,-1.17
2019-09-06,147.54,148.86,142.17,142.46,378199,142.46,-2.50
2019-09-05,152.09,152.17,142.35,146.11,381345,146.11,-6.95
2019-09-04,153.89,158.04,153.89,157.03,168787,157.03,1.44
2019-09-03,152.28,155.81,151.58,154.8,247592,154.8,4.31
2019-08-30,148.88,150.86,146.22,148.41,207932,148.41,-0.82
2019-08-29,153.8,153.83,147.15,149.63,209772,149.63,-2.16
2019-08-28,153.84,154.56,151.52,152.94,90011,152.94,-0.89
2019-08-27,150.5,154.65,150.39,154.32,179588,154.32,3.09
2019-08-26,150.71,152.5,149.43,149.7,145386,149.7,-0.18
2019-08-23,143.17,150.5,142.55,149.97,234810,149.97,5.85
2019-08-22,141.54,143.06,141.11,141.68,71709,141.68,-0.83
2019-08-21,142.33,144,142.02,142.86,82347,142.86,-0.53
2019-08-20,142.98,144.27,142.6,143.62,102820,143.62,1.89
2019-08-19,141.56,142.93,140.23,140.96,176127,140.96,-3.40
2019-08-16,145.97,147,143.28,145.92,145411,145.92,-2.01
2019-08-15,146.78,149.8,145.9,148.92,147104,148.92,1.99
2019-08-14,146.36,149,143.93,146.01,307524,146.01,2.09
2019-08-13,147.59,147.67,136.51,143.02,584068,143.02,-1.90
2019-08-12,142.99,148,142.92,145.79,276464,145.79,2.73
2019-08-09,141.93,144.13,140.85,141.92,177498,141.92,-1.02
2019-08-08,140.73,145,140.17,143.38,191105,143.38,1.33
2019-08-07,141.4,145.44,140.88,141.5,337732,141.5,4.56
2019-08-06,133.55,135.51,132.66,135.33,130254,135.33,2.62
2019-08-05,132.51,134.36,130,131.87,320754,131.87,3.88
2019-08-02,125.38,128.61,125.34,126.94,155832,126.94,-0.84
2019-08-01,117.33,128.21,117.02,128.02,348454,128.02,6.47
2019-07-31,124.61,125.38,119,120.24,451283,120.24,-3.45
2019-07-30,123.93,125,123.01,124.54,115909,124.54,1.06
2019-07-29,122.12,123.79,120.52,123.23,89119,123.23,1.87
2019-07-26,122.52,122.64,120.9,120.97,134286,120.97,0.52
2019-07-25,122.63,122.63,119.48,120.35,147734,120.35,-2.19
2019-07-24,123.69,124.28,122.15,123.04,56987,123.04,1.57
2019-07-23,123.15,124.45,120.92,121.14,99102,121.14,-1.72
2019-07-22,123.54,124.25,122.9,123.26,114121,123.26,-0.11
2019-07-19,126.03,127.57,122.07,123.39,267636,123.39,-4.21
2019-07-18,121.59,129.36,121.12,128.81,284766,128.81,4.03
2019-07-17,119.38,123.82,119.17,123.82,162399,123.82,5.16
2019-07-16,119.95,120.3,117.17,117.74,96029,117.74,-2.53
2019-07-15,120.05,120.81,119,120.8,61021,120.8,-0.03
2019-07-12,119.21,121.28,118.3,120.84,61656,120.84,1.67
2019-07-11,121.01,121.3,117.98,118.85,131980,118.85,-2.31
2019-07-10,119.5,121.82,118,121.66,167981,121.66,4.61
2019-07-09,115.47,117.04,114.7,116.3,90067,116.3,1.02
2019-07-08,117.49,117.76,115.13,115.13,103842,115.13,-1.96
2019-07-05,115.43,117.78,113.7,117.43,153628,117.43,-3.47
2019-07-03,121.42,122.74,120.4,121.65,199256,121.65,0.67
2019-07-02,115.36,121.52,115.05,120.84,279658,120.84,6.35
2019-07-01,116.22,116.6,113.43,113.63,212579,113.63,-5.65
2019-06-28,120.14,121,119.06,120.44,124340,120.44,0.66
2019-06-27,118.49,119.98,118.06,119.65,138376,119.65,-0.38
2019-06-26,120.06,121.56,118.67,120.11,165077,120.11,-2.63
2019-06-25,125.27,127.02,120.73,123.35,533488,123.35,0.62
2019-06-24,119.6,122.82,119.08,122.59,204551,122.59,4.20
2019-06-21,116.87,117.92,115.11,117.65,194523,117.65,2.15
2019-06-20,113.42,116,112.94,115.17,191473,115.17,7.39
2019-06-19,104.43,107.45,104.29,107.24,161523,107.24,2.04
2019-06-18,106.5,106.85,103.56,105.1,170912,105.1,1.41
2019-06-17,104.29,104.42,103,103.64,66009,103.64,-0.29
2019-06-14,105.59,106.58,103.2,103.94,122941,103.94,-0.08
2019-06-13,102.6,104.4,102.49,104.02,99118,104.02,1.89
2019-06-12,101.58,103.01,101.53,102.09,78886,102.09,1.34
2019-06-11,100,101.13,99.98,100.74,52764,100.74,-0.26
2019-06-10,101.29,101.4,100.37,101,83130,101,-3.01
2019-06-07,104.75,105.76,103.63,104.13,158442,104.13,1.69
2019-06-06,102.56,103.8,102.28,102.4,142910,102.4,0.87
2019-06-05,103.25,103.6,101,101.52,152227,101.52,0.54
2019-06-04,100.06,101.44,99.53,100.97,106405,100.97,0.29
2019-06-03,98.32,101.25,97.91,100.68,230551,100.68,4.45
2019-05-31,94.71,96.59,94.3,96.39,138288,96.39,4.08
2019-05-30,91.14,92.66,90.7,92.61,93335,92.61,1.99
2019-05-29,91.41,91.64,90.65,90.8,42202,90.8,0.17
2019-05-28,90.66,90.72,90.11,90.65,29513,90.65,-1.28
2019-05-24,91.57,91.91,91.12,91.83,33123,91.83,0.15
2019-05-23,90.87,92.4,90.77,91.69,75082,91.69,2.41
2019-05-22,89.78,90.12,89.46,89.53,44116,89.53,-0.30
2019-05-21,89.1,89.8,88.7,89.8,43867,89.8,-0.77
2019-05-20,90.15,90.69,90,90.5,42854,90.5,-0.06
2019-05-17,91.5,91.5,89.95,90.55,52472,90.55,-2.20
2019-05-16,93.89,93.92,91.94,92.59,51644,92.59,-2.27
2019-05-15,95.47,95.61,94.41,94.74,38395,94.74,-0.18
2019-05-14,95.21,95.38,94.12,94.91,70240,94.91,-0.57
2019-05-13,95.27,95.81,94.7,95.45,95564,95.45,3.23
2019-05-10,92.49,93.26,92.28,92.46,45255,92.46,0.40
2019-05-09,91.51,92.94,91.45,92.09,25096,92.09,0.67
2019-05-08,92.91,92.91,91.27,91.48,31069,91.48,-0.89
2019-05-07,91.74,92.52,91.55,92.3,43848,92.3,1.04
2019-05-06,90.76,91.96,90.75,91.35,37377,91.35,0.41
2019-05-03,90.64,91.88,90.64,90.98,37241,90.98,1.86
2019-05-02,88.71,89.64,88.43,89.32,41693,89.32,-1.25
2019-05-01,91.85,93.03,89.99,90.45,102947,90.45,-2.03
2019-04-30,91.65,92.68,91.61,92.32,28540,92.32,0.90
2019-04-29,91.61,91.65,91.15,91.5,24726,91.5,-1.35
2019-04-26,92.47,93.4,92.47,92.75,58784,92.75,1.93
2019-04-25,91.29,92.09,90.79,90.99,45263,90.99,0.25
2019-04-24,89.7,91.09,89.7,90.76,38478,90.76,1.00
2019-04-23,88.85,90.01,88.6,89.86,44964,89.86,-0.67
2019-04-22,90.68,90.69,90.25,90.47,28661,90.47,0.03
2019-04-18,90.19,90.75,90,90.44,17407,90.44,0.06
2019-04-17,90.71,90.81,90.16,90.39,41953,90.39,-0.54
2019-04-16,90.64,91.12,90.21,90.88,88861,90.88,-2.85
2019-04-15,92.55,93.94,92.3,93.55,34141,93.55,-0.49
2019-04-12,94.41,95.1,94.01,94.01,37422,94.01,-0.34
2019-04-11,95.8,96.13,93.99,94.33,89542,94.33,-4.00
2019-04-10,97.43,98.72,97.43,98.26,42508,98.26,0.86
2019-04-09,97.66,97.74,97.15,97.42,45121,97.42,1.45
2019-04-08,97,97,95.67,96.03,32661,96.03,1.46
2019-04-05,94.42,94.91,93.91,94.65,48193,94.65,-0.35
2019-04-04,92.63,95.24,92.3,94.98,66520,94.98,0.66
2019-04-03,94.12,94.7,93.98,94.36,49995,94.36,-0.23
2019-04-02,93.99,94.68,93.99,94.58,25862,94.58,0.91
2019-04-01,95.71,95.74,93.7,93.73,90083,93.73,-1.18
2019-03-29,96.23,96.48,94.85,94.85,65024,94.85,0.35
2019-03-28,95.39,95.57,94.08,94.52,109678,94.52,-4.36
2019-03-27,100.64,100.64,98.69,98.83,98409,98.83,-1.61
2019-03-26,100.96,100.96,99.96,100.45,45250,100.45,-1.56
2019-03-25,101.15,102.52,101.05,102.04,60398,102.04,2.23
2019-03-22,99.47,100.27,99.23,99.81,52896,99.81,0.80
2019-03-21,100.56,100.61,97.71,99.02,86854,99.02,-1.20
2019-03-20,99.02,100.8,96.66,100.22,135915,100.22,1.86
2019-03-19,99.17,99.28,98.33,98.39,45092,98.39,0.80
2019-03-18,98.17,98.39,97.42,97.61,40196,97.61,0.23
2019-03-15,97.57,98.33,97.37,97.39,47560,97.39,1.34
2019-03-14,95.84,96.29,95.49,96.1,78581,96.1,-3.44
2019-03-13,98.86,99.65,98.66,99.52,53696,99.52,2.09
2019-03-12,96.57,97.63,96.25,97.48,43065,97.48,1.86
2019-03-11,96.47,96.47,95.08,95.7,53911,95.7,-1.56
2019-03-08,96.94,97.38,96.2,97.22,76547,97.22,3.25
2019-03-07,93.73,94.68,93.51,94.16,60849,94.16,-0.42
2019-03-06,94.07,94.62,93.72,94.56,65345,94.56,-0.19
2019-03-05,94.1,94.74,93.32,94.74,155162,94.74,0.28
2019-03-04,94.41,95.11,93.66,94.48,135304,94.48,-0.85
2019-03-01,99.1,100.23,95.26,95.29,181284,95.29,-5.13
2019-02-28,102.13,102.13,100.43,100.44,204458,100.44,-1.75
2019-02-27,103.34,103.42,101.45,102.23,71959,102.23,-2.09
2019-02-26,103.8,104.46,103.17,104.41,111517,104.41,0.45
2019-02-25,104.99,105.22,103.59,103.94,61548,103.94,-0.36
2019-02-22,104.35,105.37,104.05,104.32,140688,104.32,1.08
2019-02-21,105.93,106.13,103.19,103.21,144244,103.21,-3.35
2019-02-20,108.2,108.75,106.49,106.79,96943,106.79,-0.65
2019-02-19,105.77,107.66,105.66,107.49,95432,107.49,4.39
2019-02-15,102.3,103.29,101.32,102.97,97592,102.97,2.01
2019-02-14,100.36,101.3,99.75,100.94,85588,100.94,1.59
2019-02-13,100.54,102.26,99.23,99.36,114007,99.36,-1.24
2019-02-12,100.86,100.96,100.13,100.61,53498,100.61,0.54
2019-02-11,99.03,100.45,98.97,100.07,65628,100.07,-1.39
2019-02-08,101.16,101.77,100.99,101.48,104540,101.48,1.06
2019-02-07,100.53,100.85,99.68,100.42,80951,100.42,0.65
2019-02-06,101.46,101.46,99.67,99.77,63564,99.77,-1.93
2019-02-05,101.74,102.1,101.2,101.73,74968,101.73,0.66
2019-02-04,101.05,101.76,100.66,101.06,91883,101.06,-1.31
2019-02-01,103.36,103.73,102.07,102.4,135839,102.4,-0.54
2019-01-31,104.08,104.1,102.64,102.96,91795,102.96,0.10
2019-01-30,100.93,103.84,100.6,102.86,200194,102.86,1.78
2019-01-29,100.52,101.19,99.96,101.06,89889,101.06,1.60
2019-01-28,98.28,99.49,98.2,99.47,83848,99.47,1.03
2019-01-25,96.57,98.64,96.57,98.46,193802,98.46,4.40
2019-01-24,94.51,94.96,94,94.31,34590,94.31,-0.56
2019-01-23,94.12,95.42,93.88,94.84,82810,94.84,-0.43
2019-01-22,94.55,95.39,94,95.25,90799,95.25,0.91
2019-01-18,94.79,95.41,94.34,94.39,90058,94.39,-2.64
2019-01-17,96.76,97.23,96.31,96.95,87852,96.95,-0.39
2019-01-16,96.82,97.79,96.82,97.33,37975,97.33,0.95
2019-01-15,97.44,97.67,95.9,96.41,67535,96.41,-0.65
2019-01-14,97.2,97.45,96.6,97.04,62804,97.04,0.71
2019-01-11,96.24,96.92,96.08,96.36,44711,96.36,0.43
2019-01-10,96.99,97.32,95.92,95.95,62119,95.95,-1.69
2019-01-09,95.63,97.84,95.63,97.6,133770,97.6,1.88
2019-01-08,94.94,96.15,94.73,95.8,123664,95.8,-0.85
2019-01-07,97.46,97.54,96.16,96.62,75480,96.62,0.74
2019-01-04,95.56,96.04,93.85,95.91,176518,95.91,-2.29
2019-01-03,96.64,98.21,96.58,98.16,133768,98.16,2.72
2019-01-02,95.49,96.58,94.61,95.56,108194,95.56,0.16
2018-12-31,94.88,95.5,94.57,95.41,129003,95.41,0.51
2018-12-28,94.5,95.17,94.26,94.93,83989,94.93,1.11
2018-12-27,94.08,94.74,93,93.89,143518,93.89,1.99
2018-12-26,94.3,94.97,91.77,92.06,176369,92.06,-0.72
2018-12-24,91.86,92.91,91.69,92.73,112661,92.73,3.24
2018-12-21,91,91.02,89.47,89.82,109324,89.82,-1.42
2018-12-20,90.98,92.28,89.99,91.11,195570,91.11,4.68
2018-12-19,88.97,90.56,87.01,87.04,306536,87.04,-1.86
2018-12-18,88.12,88.83,87.98,88.69,44547,88.69,0.75
2018-12-17,86.92,88.46,86.92,88.03,94684,88.03,1.87
2018-12-14,85.32,86.73,85.18,86.41,64284,86.41,-1.20
2018-12-13,87.51,87.6,86.9,87.46,66928,87.46,-0.83
2018-12-12,87.95,88.51,87.82,88.19,61143,88.19,0.56
2018-12-11,88.06,88.38,87.05,87.7,51105,87.7,-0.19
2018-12-10,87.97,88.55,87.47,87.87,173894,87.87,-1.16
2018-12-07,87.88,89.22,87.69,88.9,117369,88.9,2.60
2018-12-06,87.31,87.95,86.16,86.65,138643,86.65,-0.01
2018-12-04,87.29,87.38,86.4,86.66,137572,86.66,1.82
2018-12-03,85.68,85.97,84.95,85.11,115009,85.11,2.19
2018-11-30,82.97,83.46,82.21,83.29,75007,83.29,-0.58
2018-11-29,84.31,84.79,83.35,83.78,128571,83.78,0.75
2018-11-28,81.64,84.44,81.3,83.16,248841,83.16,1.37
2018-11-27,83.45,83.65,81.43,82.04,112192,82.04,-1.92
2018-11-26,84.24,84.24,83.49,83.65,53867,83.65,-0.32
2018-11-23,84.1,84.1,83.62,83.92,34963,83.92,-0.40
2018-11-21,84.36,85.26,84.23,84.26,89677,84.26,0.74
2018-11-20,84.42,84.42,83.19,83.64,92264,83.64,-0.21
2018-11-19,83.39,84.33,83.21,83.82,110472,83.82,0.28
2018-11-16,84.16,84.31,83.25,83.59,140697,83.59,2.11
2018-11-15,81.96,82.31,81.47,81.86,133667,81.86,0.43
2018-11-14,79.18,82.47,79.11,81.51,188759,81.51,2.50
2018-11-13,79.61,80.01,78.98,79.52,57173,79.52,0.06
2018-11-12,80.17,80.29,79.3,79.47,100798,79.47,-2.09
2018-11-09,81.5,81.79,80.55,81.17,143481,81.17,-3.47
2018-11-08,84.26,84.75,83.53,84.09,107326,84.09,-0.70
2018-11-07,85.31,85.51,84.52,84.68,60556,84.68,-0.08
2018-11-06,85.75,85.92,84.22,84.75,88398,84.75,-1.06
2018-11-05,85.39,86.24,85.32,85.66,76739,85.66,-0.65
2018-11-02,86.14,86.94,85.63,86.22,117873,86.22,-0.08
2018-11-01,85.53,87.05,85.3,86.29,187699,86.29,4.14
2018-10-31,82.43,82.99,81.93,82.86,210256,82.86,-1.75
2018-10-30,84.56,84.95,84.09,84.34,113616,84.34,-1.41
2018-10-29,85.83,86.05,84.6,85.55,142177,85.55,-1.22
2018-10-26,86.82,88.65,85.96,86.61,289836,86.61,0.87
2018-10-25,86.34,86.65,85.45,85.86,147727,85.86,-0.74
2018-10-24,85.97,86.68,85.36,86.5,166532,86.5,0.63
2018-10-23,87.74,87.9,85.89,85.96,525829,85.96,1.82
2018-10-22,84.2,84.61,83.88,84.42,316758,84.42,-0.94
2018-10-19,85.66,85.71,85.05,85.22,369861,85.22,0.32
2018-10-18,84.76,86.02,84.38,84.95,243959,84.95,0.32
2018-10-17,85.03,85.93,84.51,84.68,673770,84.68,-0.28
2018-10-16,86.28,86.55,84.64,84.92,358733,84.92,-0.23
2018-10-15,85.52,86.32,85.01,85.12,493424,85.12,1.94
2018-10-12,84.2,84.5,83.2,83.5,100135,83.5,-1.30
2018-10-11,81.5,85.3,81.3,84.6,255348,84.6,7.50
2018-10-10,77.8,78.9,77.4,78.7,59980,78.7,0.64
2018-10-09,77.7,78.3,76.9,78.2,41754,78.2,0.39
2018-10-08,77.5,78.2,76.6,77.9,118014,77.9,-3.71
2018-10-05,80.7,81.4,80.3,80.9,84122,80.9,1.00
2018-10-04,80.8,81.5,79.6,80.1,94378,80.1,0.12
2018-10-03,81,81.3,79.6,80,44838,80,-1.23
2018-10-02,80.6,81.9,80.5,81,78616,81,3.58
2018-10-01,77.9,78.4,77.4,78.2,19668,78.2,-0.51
2018-09-28,77.4,79.1,77.2,78.6,40233,78.6,1.95
2018-09-27,77.3,77.9,76.8,77.1,108575,77.1,-2.90
2018-09-26,79.5,80.4,78.5,79.4,75694,79.4,-1.61
2018-09-25,80.8,81.1,80.5,80.7,32558,80.7,0.50
2018-09-24,80.7,81.3,80.1,80.3,48167,80.3,0.00
2018-09-21,78.9,80.6,78.8,80.3,57311,80.3,-2.07
2018-09-20,81.8,82.1,81.1,82,41586,82,0.86
2018-09-19,81.3,81.6,80.8,81.3,30630,81.3,1.37
2018-09-18,80.9,81.2,79.9,80.2,42394,80.2,-0.50
2018-09-17,80.5,81.5,80.5,80.6,66062,80.6,1.51
2018-09-14,81,81.2,79.2,79.4,74116,79.4,-1.85
2018-09-13,83.1,83.2,80.6,80.9,54684,80.9,-1.22
2018-09-12,79.7,82.4,79.6,81.9,55424,81.9,2.50
2018-09-11,78.7,80.2,78.1,79.9,37394,79.9,0.25
2018-09-10,79.9,80.3,79.4,79.7,23544,79.7,-0.13
2018-09-07,80,80.7,79.4,79.8,44381,79.8,-0.87
2018-09-06,81.4,82,80,80.5,37083,80.5,0.50
2018-09-05,80.2,80.4,79.8,80.1,57031,80.1,1.01
2018-09-04,78.8,79.5,78.6,79.3,38151,79.3,-1.73
2018-08-31,81.1,81.8,80.5,80.7,28821,80.7,-0.25
2018-08-30,81.5,81.5,80,80.9,93407,80.9,-1.58
2018-08-29,82,82.2,81.4,82.2,18432,82.2,1.36
2018-08-28,83.3,83.6,80.8,81.1,88237,81.1,-2.17
2018-08-27,82,83.4,82,82.9,79336,82.9,1.22
2018-08-24,80.1,82.7,80.1,81.9,123834,81.9,4.87
2018-08-23,79,79.3,77.8,78.1,72153,78.1,-2.74
2018-08-22,80.5,80.7,79.9,80.3,44317,80.3,0.63
2018-08-21,79.3,80,78.5,79.8,51789,79.8,0.88
2018-08-20,78.5,79.2,77.9,79.1,58226,79.1,1.41
2018-08-17,77.1,78,76.4,78,59642,78,2.77
2018-08-16,76.6,77.4,75.9,75.9,47170,75.9,-0.26
2018-08-15,78.1,78.1,75.7,76.1,166860,76.1,-4.88
2018-08-14,80.3,80.8,79.5,80,64686,80,0.13
2018-08-13,81.6,81.6,79.5,79.9,132661,79.9,-4.43
2018-08-10,83.9,84.8,83.4,83.6,33093,83.6,-0.24
2018-08-09,84.4,84.6,83.6,83.8,31204,83.8,-0.36
2018-08-08,83.7,84.3,83.1,84.1,37734,84.1,0.84
2018-08-07,84.1,84.1,83.1,83.4,47323,83.4,0.60
2018-08-06,83.4,83.8,82.9,82.9,106580,82.9,-1.66
2018-08-03,84.6,85.6,84.1,84.3,74298,84.3,1.20
2018-08-02,84.8,85,83.2,83.3,127380,83.3,-1.88
2018-08-01,85.9,86.1,84.8,84.9,83617,84.9,-1.96
2018-07-31,85.5,87.5,85.3,86.6,150825,86.6,0.70
2018-07-30,86.3,86.8,85.9,86,57021,86,-0.35
2018-07-27,86.5,87.3,86.2,86.3,80063,86.3,0.12
2018-07-26,87.3,87.8,86.1,86.2,42717,86.2,-2.49
2018-07-25,88.5,88.6,87.3,88.4,40532,88.4,1.73
2018-07-24,87.2,87.7,86.5,86.9,32589,86.9,0.23
2018-07-23,87.2,87.4,86.1,86.7,89787,86.7,-1.37
2018-07-20,87.8,88.3,87.4,87.9,76041,87.9,1.74
2018-07-19,84.9,87.9,84.8,86.4,110374,86.4,-1.37
2018-07-18,86.9,87.8,86.5,87.6,56088,87.6,-0.11
2018-07-17,88.6,89,87.2,87.7,182338,87.7,-3.20
2018-07-16,90.4,90.7,89.9,90.6,62532,90.6,0.00
2018-07-13,90.7,91.1,90.4,90.6,55688,90.6,-1.52
2018-07-12,91.7,92.3,91.6,92,32253,92,1.10
2018-07-11,92.8,93,90.9,91,108814,91,-3.29
2018-07-10,93.9,94.3,93.4,94.1,98356,94.1,-0.63
2018-07-09,95.9,96.1,94.6,94.7,127736,94.7,0.64
2018-07-06,94.3,94.4,93.6,94.1,74373,94.1,-0.53
2018-07-05,94.2,95.2,93.9,94.6,117949,94.6,0.96
2018-07-03,93.1,94.6,92.9,93.7,194964,93.7,3.31
2018-07-02,92.5,92.5,90.7,90.7,120318,90.7,-3.20
2018-06-29,93.2,94.3,92.7,93.7,102310,93.7,0.97
2018-06-28,93.5,93.6,92.1,92.8,118552,92.8,-0.75
2018-06-27,94.4,94.6,93.3,93.5,109036,93.5,-1.79
2018-06-26,95.2,95.8,94.7,95.2,75379,95.2,-1.45
2018-06-25,96.9,97.4,96.5,96.6,42218,96.6,-1.13
2018-06-22,97.4,97.9,97.2,97.7,47781,97.7,0.72
2018-06-21,96.8,97.7,96.5,97,71690,97,-0.72
2018-06-20,99,99,97.3,97.7,47326,97.7,-1.41
2018-06-19,98.9,99.5,98.4,99.1,46117,99.1,-0.60
2018-06-18,100.4,100.5,99.5,99.7,73141,99.7,-0.70
2018-06-15,102.6,102.7,99.1,100.4,217163,100.4,-5.19
2018-06-14,106.4,107.1,105.7,105.9,120042,105.9,0.57
2018-06-13,104.5,105.6,103.6,105.3,41414,105.3,0.96
2018-06-12,104.8,105.3,104,104.3,40075,104.3,-1.23
2018-06-11,105.3,106,105.2,105.6,21190,105.6,0.48
2018-06-08,105.2,105.3,104.8,105.1,17698,105.1,0.38
2018-06-07,105,105.3,104.3,104.7,31389,104.7,-0.19
2018-06-06,105.2,105.9,104.1,104.9,42155,104.9,0.19
2018-06-05,103.8,105.6,103.2,104.7,47856,104.7,1.16
2018-06-04,104.6,104.8,103.4,103.5,48288,103.5,-0.19
2018-06-01,103.9,105.2,103.6,103.7,40672,103.7,-1.52
2018-05-31,105.8,107.1,105.3,105.3,59257,105.3,-0.66
2018-05-30,105.6,106.5,105.6,106,57949,106,0.38
2018-05-29,104.7,106.7,104.1,105.6,56229,105.6,-0.09
2018-05-25,106.9,106.9,105.7,105.7,73281,105.7,-1.03
2018-05-24,105.5,107.3,105.4,106.8,108224,106.8,2.59
2018-05-23,103,104.5,102.9,104.1,47782,104.1,0.29
2018-05-22,104.4,104.5,103.6,103.8,31174,103.8,-0.10
2018-05-21,103.1,104,102.5,103.9,36459,103.9,0.10
2018-05-18,102.9,104.3,102.8,103.8,33377,103.8,0.19
2018-05-17,103.3,103.8,102.8,103.6,47405,103.6,0.19
2018-05-16,103.6,104.3,102.8,103.4,45129,103.4,-0.48
2018-05-15,104.9,104.9,103.1,103.9,163269,103.9,-5.11
2018-05-14,111.2,111.4,109.2,109.5,87253,109.5,-1.26
2018-05-11,112.3,112.5,110.7,110.9,74166,110.9,-0.45
2018-05-10,111.5,111.9,110.3,111.4,56781,111.4,2.01
2018-05-09,109.5,110.6,108.9,109.2,36079,109.2,-0.55
2018-05-08,108.7,110.7,107.7,109.8,169742,109.8,-0.09
2018-05-07,109.6,110.1,109.1,109.9,48608,109.9,0.00
2018-05-04,108.7,110,108.3,109.9,41789,109.9,0.64
2018-05-03,110.1,110.3,109,109.2,53763,109.2,1.49
2018-05-02,108.1,109.8,107.3,107.6,162243,107.6,-0.09
2018-05-01,108.2,108.3,106.8,107.7,117910,107.7,-2.18
2018-04-30,109.5,111.6,108.9,110.1,102400,110.1,-2.05
2018-04-27,111.6,112.8,111.5,112.4,35410,112.4,1.35
2018-04-26,112.6,112.6,110.3,110.9,84113,110.9,-1.25
2018-04-25,111.7,112.6,111.3,112.3,85867,112.3,-2.09
2018-04-24,113.3,115,113,114.7,72401,114.7,1.50
2018-04-23,113,113.3,112.2,113,81922,113,-2.25
2018-04-20,116,116.7,115.5,115.6,48153,115.6,-2.45
2018-04-19,119.2,119.4,117.3,118.5,46471,118.5,-0.67
2018-04-18,120.8,121.3,119.1,119.3,33257,119.3,0.25
2018-04-17,117,119.2,117,119,72560,119,0.17
2018-04-16,119,119.9,118.6,118.8,39982,118.8,0.34
2018-04-13,117.2,119.1,117,118.4,79056,118.4,2.16
2018-04-12,117.7,118,115.5,115.9,110440,115.9,-3.66
2018-04-11,120.2,124.1,119.5,120.3,149440,120.3,2.30
2018-04-10,117.2,118,116.2,117.6,70368,117.6,0.77
2018-04-09,115.6,116.8,115,116.7,36284,116.7,0.95
2018-04-06,115.9,116,114.7,115.6,60360,115.6,1.58
2018-04-05,112.9,114.7,112.9,113.8,83638,113.8,-1.64
2018-04-04,118.6,118.7,115.4,115.7,72293,115.7,0.43
2018-04-03,116,116.2,114.6,115.2,33331,115.2,-2.46
2018-04-02,115.9,118.9,115.7,118.1,159345,118.1,3.51
2018-03-29,113.1,114.2,112.8,114.1,88613,114.1,0.18
2018-03-28,116.1,116.5,113.4,113.9,88114,113.9,-4.45
2018-03-27,118.7,119.6,118.1,119.2,65659,119.2,-2.05
2018-03-26,121,122.5,121,121.7,76865,121.7,1.59
2018-03-23,120.3,121,119.8,119.8,130919,119.8,3.99
2018-03-22,115.6,116.3,114.4,115.2,45663,115.2,-1.20
2018-03-21,113.7,117.4,112.7,116.6,158275,116.6,5.33
2018-03-20,110.9,111.2,109.7,110.7,28541,110.7,-1.34
2018-03-19,111.3,113,110.9,112.2,34646,112.2,0.81
2018-03-16,112.2,112.2,110.5,111.3,53621,111.3,-0.80
2018-03-15,113.1,113.2,111.9,112.2,59171,112.2,-2.18
2018-03-14,114.1,114.8,113.7,114.7,55094,114.7,-0.17
2018-03-13,112.9,115.5,112.3,114.9,92763,114.9,0.61
2018-03-12,112.9,114.3,112.3,114.2,36201,114.2,-0.09
2018-03-09,112.6,114.7,112.1,114.3,73804,114.3,0.26
2018-03-08,114.6,114.7,113.1,114,49225,114,-0.61
2018-03-07,116.3,116.4,113.9,114.7,50892,114.7,-2.05
2018-03-06,116.3,118.4,116.1,117.1,72143,117.1,3.35
2018-03-05,113.9,114.3,112.9,113.3,44536,113.3,-0.70
2018-03-02,114.9,114.9,113,114.1,82237,114.1,1.60
2018-03-01,110.6,113.7,109.1,112.3,151986,112.3,-0.53
2018-02-28,113.2,114.1,112.6,112.9,28774,112.9,-0.44
2018-02-27,116,116.3,111.9,113.4,96384,113.4,-3.24
2018-02-26,117.3,117.6,116.4,117.2,56398,117.2,0.77
2018-02-23,116.3,116.5,115.7,116.3,33475,116.3,-0.51
2018-02-22,115.8,117.1,115.7,116.9,92445,116.9,1.56
2018-02-21,117,118.2,114.5,115.1,98408,115.1,-1.29
2018-02-20,119.8,120.2,116.2,116.6,95545,116.6,-4.27
2018-02-16,122.8,124,120.8,121.8,134140,121.8,-1.14
2018-02-15,123.2,123.6,121.7,123.2,101003,123.2,0.41
2018-02-14,117.7,123.7,117.3,122.7,219681,122.7,5.14
2018-02-13,115.4,116.9,115,116.7,72797,116.7,1.92
2018-02-12,114,115.8,113.9,114.5,43854,114.5,1.42
2018-02-09,112.5,113.9,111.9,112.9,82619,112.9,-0.53
2018-02-08,113.3,114.7,112.3,113.5,50989,113.5,0.53
2018-02-07,115,115.7,111.9,112.9,54185,112.9,-1.66
2018-02-06,118.1,118.1,114.3,114.8,134130,114.8,-3.45
2018-02-05,118.8,120.2,117.7,118.9,100465,118.9,1.19
2018-02-02,118.9,118.9,116.4,117.5,107362,117.5,-4.16
2018-02-01,119.9,122.8,119.6,122.6,107547,122.6,1.07
2018-01-31,120.8,121.8,117.7,121.3,96507,121.3,1.93
2018-01-30,122,122.1,118.7,119,49255,119,-1.08
2018-01-29,121.1,121.2,119.2,120.3,48093,120.3,-1.96
2018-01-26,123.1,124,122.4,122.7,41019,122.7,0.33
2018-01-25,124.6,126.9,120.6,122.3,166857,122.3,-2.24
2018-01-24,123.8,126.3,123.4,125.1,132211,125.1,3.65
2018-01-23,118.5,120.8,118.1,120.7,115648,120.7,1.51
2018-01-22,118.5,119.2,117.9,118.9,39614,118.9,0.42
2018-01-19,118.8,119.2,118.3,118.4,37399,118.4,1.46
2018-01-18,117.5,118.6,116.6,116.7,50495,116.7,-0.77
2018-01-17,119.4,120.6,116.9,117.6,86211,117.6,-2.41
2018-01-16,119,120.7,118.4,120.5,76583,120.5,0.25
2018-01-12,117.3,120.5,116.9,120.2,94831,120.2,3.80
2018-01-11,115.6,116.3,115.3,115.8,60471,115.8,0.96
2018-01-10,115,115.4,114,114.7,167035,114.7,0.88
2018-01-09,113.1,114.1,112.3,113.7,58054,113.7,-1.30
2018-01-08,115.1,115.4,114.2,115.2,61737,115.2,-0.26
2018-01-05,114.4,115.8,114.2,115.5,48323,115.5,-0.35
2018-01-04,114.3,117,114,115.9,49911,115.9,1.58
2018-01-03,114.9,115,112.3,114.1,50709,114.1,-0.87
2018-01-02,114,115.2,113.3,115.1,83677,115.1,3.32
2017-12-29,111.5,112.7,111,111.4,97492,111.4,1.83
2017-12-28,109.2,109.5,108.6,109.4,57850,109.4,0.92
2017-12-27,107.5,108.5,107.2,108.4,58174,108.4,1.21
2017-12-26,106.5,107.4,106.4,107.1,43464,107.1,2.10
2017-12-22,104,105.3,103.7,104.9,85172,104.9,1.75
2017-12-21,102.3,103.4,102.2,103.1,23005,103.1,0.49
2017-12-20,102.1,103.1,101.9,102.6,75576,102.6,0.88
2017-12-19,101.3,101.8,101,101.7,29662,101.7,0.10
2017-12-18,101.2,102.1,101,101.6,40156,101.6,1.40
2017-12-15,100.6,100.8,99.5,100.2,63119,100.2,0.91
2017-12-14,99.5,100.1,98.6,99.3,48188,99.3,-0.40
2017-12-13,97.3,100.2,96.9,99.7,66055,99.7,2.78
2017-12-12,96,97.1,95.2,97,39513,97,0.41
2017-12-11,97.7,98,96.2,96.6,34947,96.6,-1.33
2017-12-08,98.3,98.9,97.6,97.9,38325,97.9,-0.10
2017-12-07,99.1,99.75,97,98,72727,98,-3.83
2017-12-06,102,102.9,101.51,101.9,33524,101.9,-0.78
2017-12-05,103.1,103.2,101.16,102.7,64025,102.7,-2.10
2017-12-04,105,105,104.2,104.9,26913,104.9,-1.22
2017-12-01,104.3,108.3,103.9,106.2,70464,106.2,1.43
2017-11-30,105.6,106.3,103.5,104.7,63966,104.7,-2.33
2017-11-29,107.9,108.1,106.6,107.2,57600,107.2,-2.01
2017-11-28,110.3,110.5,108.8,109.4,54201,109.4,-0.45
2017-11-27,110.8,111,109.4,109.9,32682,109.9,1.48
2017-11-24,108.3,109,108.1,108.3,33175,108.3,-0.73
2017-11-22,108.2,110.1,107.91,109.1,44599,109.1,2.73
2017-11-21,106.5,107.4,106.2,106.2,47108,106.2,0.47
2017-11-20,108.4,108.7,105,105.7,94070,105.7,-3.95
2017-11-17,108.1,110.8,107.6,110.05,69837,110.05,3.72
2017-11-16,106.2,107,105.8,106.1,16315,106.1,-0.09
2017-11-15,108.2,108.7,105.7,106.2,37107,106.2,-0.47
2017-11-14,104.7,107.5,104.4,106.7,71952,106.7,0.66
2017-11-13,106.4,106.5,105.9,106,33530,106,0.47
2017-11-10,107.9,108.2,105,105.5,76569,105.5,-2.59
2017-11-09,107.6,109,107.2,108.3,63506,108.3,1.21
2017-11-08,107.8,108.6,106.9,107,58269,107,1.04
2017-11-07,106.7,106.8,104.8,105.9,73479,105.9,-1.03
2017-11-06,104.5,107.56,104.5,107,54581,107,2.49
2017-11-03,106.4,106.5,103.2,104.4,46443,104.4,-1.60
2017-11-02,106.1,108,105.7,106.1,53742,106.1,0.47
2017-11-01,105.3,106.8,105.04,105.6,50278,105.6,0.96
2017-10-31,105.1,105.1,103.9,104.6,35846,104.6,-1.13
2017-10-30,105.2,106.7,105,105.8,37158,105.8,0.57
2017-10-27,103.7,105.5,103.3,105.2,83424,105.2,1.54
2017-10-26,105.8,105.92,103.4,103.6,52298,103.6,-2.72
2017-10-25,106.3,107,105.1,106.5,52639,106.5,0.00
2017-10-24,106.2,107.4,105.5,106.5,75105,106.5,-1.02
2017-10-23,105.4,107.9,105.3,107.6,75358,107.6,0.37
2017-10-20,107.35,108.15,106.6,107.2,60710,107.2,-1.83
2017-10-19,108.6,109.8,108.5,109.2,78613,109.2,1.77
2017-10-18,107.6,108,107.1,107.3,52542,107.3,-1.20
2017-10-17,108.4,109.09,107.6,108.6,131152,108.6,-2.16
2017-10-16,113.5,113.8,109.9,111,91800,111,-2.12
2017-10-13,112.95,113.5,112.1,113.4,113323,113.4,2.25
2017-10-12,110.7,111.39,109.9,110.9,51803,110.9,0.27
2017-10-11,110.1,110.9,108.65,110.6,74493,110.6,0.82
2017-10-10,110.2,111.1,109.6,109.7,74957,109.7,0.83
2017-10-09,107.7,108.8,107.4,108.8,106987,108.8,2.45
2017-10-06,103.9,106.4,102.7,106.2,109090,106.2,1.48
2017-10-05,106.3,106.6,104.4,104.65,67063,104.65,-1.55
2017-10-04,106.7,106.7,105.3,106.3,67963,106.3,0.76
2017-10-03,105.3,106.2,105.15,105.5,48055,105.5,0.09
2017-10-02,106.4,106.8,105.3,105.4,59783,105.4,-2.00
2017-09-29,109.3,109.3,107.5,107.55,68351,107.55,-1.42
2017-09-28,108.6,109.8,108,109.1,43800,109.1,0.46
2017-09-27,108.8,110,108.3,108.6,103700,108.6,-2.86
2017-09-26,112.9,113.6,111.24,111.8,59628,111.8,-3.37
2017-09-25,111,116,110.7,115.7,95842,115.7,3.21
2017-09-22,111.5,112.5,111.24,112.1,63356,112.1,1.26
2017-09-21,110.3,111.6,110,110.7,57482,110.7,-2.12
2017-09-20,116.3,117.7,112.1,113.1,132906,113.1,-2.50
2017-09-19,115.8,116.2,114.6,116,48070,116,0.61
2017-09-18,116.4,116.53,114.4,115.3,61573,115.3,-2.86
2017-09-15,120.1,120.1,118.5,118.7,25568,118.7,-1.58
2017-09-14,119.4,121.4,119.2,120.6,32607,120.6,1.22
2017-09-13,121.4,121.5,118.7,119.15,64754,119.15,-2.10
2017-09-12,120.3,121.89,120.1,121.7,30484,121.7,0.83
2017-09-11,122.3,123,120.4,120.7,111279,120.7,-4.36
2017-09-08,126.7,127,124.9,126.2,59639,126.2,-0.32
2017-09-07,125,127.2,124.5,126.6,85128,126.6,3.09
2017-09-06,124.5,124.7,122.2,122.8,77203,122.8,-1.60
2017-09-05,122.5,125.7,122.2,124.8,124880,124.8,3.31
2017-09-01,120.6,120.8,118.2,120.8,89528,120.8,0.67
2017-08-31,116.5,120.1,116.5,120,78561,120,3.54
2017-08-30,115.8,116.69,115.5,115.9,50421,115.9,-0.26
2017-08-29,120.3,120.4,115.1,116.2,140060,116.2,-0.60
2017-08-28,113.3,117.1,113.2,116.9,95206,116.9,4.84
2017-08-25,111.6,112.3,107.6,111.5,84121,111.5,1.13
2017-08-24,110.6,111.26,110,110.25,27462,110.25,-1.03
2017-08-23,111.1,111.5,110.5,111.4,28916,111.4,1.09
2017-08-22,111.1,111.1,109.12,110.2,48500,110.2,-1.34
2017-08-21,111.1,112.4,111,111.7,55760,111.7,1.09
2017-08-18,113.5,113.9,109.7,110.5,107625,110.5,-0.54
2017-08-17,110.5,111.2,109.1,111.1,89501,111.1,1.74
2017-08-16,106.1,109.8,106.1,109.2,58718,109.2,2.06
2017-08-15,105.9,107.7,105.8,107,57506,107,-2.19
2017-08-14,109.8,110.3,108.8,109.4,63965,109.4,-2.15
2017-08-11,110.5,112,109.8,111.8,74932,111.8,1.36
2017-08-10,110,110.9,109.8,110.3,86782,110.3,2.13
2017-08-09,107.1,108.6,106.6,108,104772,108,3.65
2017-08-08,104.5,104.7,101.9,104.2,145982,104.2,0.87
2017-08-07,103,103.86,103,103.3,20983,103.3,-0.19
2017-08-04,104.5,104.64,102.6,103.5,52498,103.5,-2.54
2017-08-03,105.4,106.7,105.4,106.2,32613,106.2,0.47
2017-08-02,106,107.2,105.5,105.7,55987,105.7,-0.66
2017-08-01,105.8,107.6,105.8,106.4,79475,106.4,-0.09
2017-07-31,106,106.7,105.7,106.5,27447,106.5,0.19
2017-07-28,105,106.8,104.9,106.3,45713,106.3,2.11
2017-07-27,104.9,105,102.8,104.1,68866,104.1,-0.19
2017-07-26,100.8,104.9,100.8,104.3,80528,104.3,2.56
2017-07-25,102.1,102.9,101.6,101.7,45910,101.7,-1.36
2017-07-24,103.5,103.6,102.6,103.1,33116,103.1,0.29
2017-07-21,102,103.1,101.5,102.8,62564,102.8,2.70
2017-07-20,99.4,101.2,98.8,100.1,63533,100.1,0.30
2017-07-19,100.2,100.2,99.2,99.8,36575,99.8,-0.20
2017-07-18,99.6,100.5,99.4,100,68373,100,2.15
2017-07-17,98.2,98.4,97.7,97.9,78811,97.9,1.24
2017-07-14,97.2,97.7,96.2,96.7,48835,96.7,2.55
2017-07-13,94.8,94.9,93.9,94.3,54047,94.3,-0.63
2017-07-12,95.2,95.6,94.5,94.9,46541,94.9,1.01
2017-07-11,93,94.2,92.05,93.95,58715,93.95,0.59
2017-07-10,92.3,93.7,91.94,93.4,51007,93.4,0.43
2017-07-07,94.3,94.3,91.85,93,60976,93,-3.02
2017-07-06,96.1,96.22,95.47,95.9,62896,95.9,-0.10
2017-07-05,94.6,96.4,94.4,96,101092,96,1.16
2017-07-03,96.2,96.9,94.7,94.9,100390,94.9,-5.29
2017-06-30,100.3,101.06,99.9,100.2,48159,100.2,-0.69
2017-06-29,99.9,101.6,99.8,100.9,63173,100.9,-1.46
2017-06-28,102.7,102.8,101.9,102.4,38692,102.4,0.20
2017-06-27,102.4,102.79,101.4,102.2,79679,102.2,1.09
2017-06-26,101,101.5,100.6,101.1,58691,101.1,-2.79
2017-06-23,104.5,104.5,103.6,104,60431,104,1.36
2017-06-22,103.1,103.36,101.8,102.6,65082,102.6,0.98
2017-06-21,100.7,101.9,100.6,101.6,56776,101.6,0.89
2017-06-20,101.3,101.34,100.4,100.7,70623,100.7,-0.69
2017-06-19,102.3,102.55,101.1,101.4,50986,101.4,-2.22
2017-06-16,103.9,104.1,103.5,103.7,19640,103.7,-0.19
2017-06-15,103.5,104.2,103.2,103.9,39680,103.9,-1.24
2017-06-14,109.8,110.5,104.6,105.2,158020,105.2,-1.77
2017-06-13,105.7,107.5,105.5,107.1,78779,107.1,0.47
2017-06-12,106.6,107.5,106.49,106.6,32391,106.6,-0.56
2017-06-09,107,108.1,106.7,107.2,47106,107.2,-2.63
2017-06-08,111.4,111.4,108.3,110.1,72959,110.1,-2.13
2017-06-07,113.4,114.4,111.3,112.5,66850,112.5,-1.57
2017-06-06,114.4,114.8,113.4,114.3,64165,114.3,3.35
2017-06-05,111.1,111.2,110.04,110.6,28667,110.6,0.36
2017-06-02,109.4,110.5,109.2,110.2,73928,110.2,2.42
2017-06-01,106.4,107.9,106.1,107.6,33133,107.6,0.00
2017-05-31,106.8,109.1,106.7,107.6,68569,107.6,1.13
2017-05-30,106.7,106.9,106,106.4,46303,106.4,-1.12
2017-05-26,107.3,108.2,107,107.6,61453,107.6,2.67
2017-05-25,104.8,105.2,104.3,104.8,21863,104.8,-0.29
2017-05-24,103.7,105.4,103.3,105.1,58889,105.1,1.15
2017-05-23,106.6,106.8,103.5,103.9,76713,103.9,-1.89
2017-05-22,105.2,106.5,105.1,105.9,48330,105.9,1.24
2017-05-19,104.5,104.95,103.5,104.6,39771,104.6,1.36
2017-05-18,105.6,105.8,102.4,103.2,97459,103.2,-2.37
2017-05-17,104.7,106.3,104.49,105.7,126892,105.7,5.38
2017-05-16,99.8,100.9,99.6,100.3,42418,100.3,1.47
2017-05-15,100,100,98.4,98.85,74752,98.85,0.76
2017-05-12,98.7,99,98,98.1,81707,98.1,0.72
2017-05-11,96.7,98.11,96.6,97.4,48754,97.4,1.25
2017-05-10,97.2,97.35,95.84,96.2,46203,96.2,-0.10
2017-05-09,96.5,96.67,95.04,96.3,63921,96.3,-1.73
2017-05-08,98.8,98.9,97.9,98,37080,98,-0.81
2017-05-05,98.4,98.9,97.9,98.8,62311,98.8,0.61
2017-05-04,98.3,99.4,97.7,98.2,78609,98.2,-2.96
2017-05-03,104.5,104.8,101.2,101.2,90279,101.2,-4.17
2017-05-02,104.8,105.7,104.8,105.6,32042,105.6,-0.19
2017-05-01,107.4,108.8,105,105.8,56399,105.8,-2.67
2017-04-28,107.7,108.8,107.2,108.7,71396,108.7,0.65
2017-04-27,108,108.4,106.9,108,59593,108,-0.92
2017-04-26,107.4,109.5,106.6,109,68458,109,1.21
2017-04-25,108.2,109.1,107.04,107.7,115847,107.7,-2.89
2017-04-24,109,111.1,108.8,110.9,69485,110.9,-2.12
2017-04-21,112.8,114,111.9,113.3,66116,113.3,0.71
2017-04-20,111.9,112.86,111.2,112.5,42869,112.5,0.63
2017-04-19,113.3,113.3,110.4,111.8,97054,111.8,-2.61
2017-04-18,113.7,115.3,111.8,114.8,95344,114.8,1.59
2017-04-17,114.1,115.5,112.4,113,79757,113,-1.14
2017-04-13,114.1,114.3,112.6,114.3,71605,114.3,1.69
2017-04-12,110.9,113,110.2,112.4,73240,112.4,1.63
2017-04-11,108,110.9,107.9,110.6,104739,110.6,4.83
2017-04-10,104.5,106.2,104,105.5,33700,105.5,-0.19
2017-04-07,108,108.96,104.8,105.7,76729,105.7,0.67
2017-04-06,105,105.5,104.5,105,28634,105,-0.94
2017-04-05,103.5,106.1,102.9,106,69522,106,-0.19
2017-04-04,106.1,106.5,105.56,106.2,43689,106.2,0.66
2017-04-03,103.6,105.5,103.6,105.5,45590,105.5,1.64
2017-03-31,103.7,104.7,103.3,103.8,33800,103.8,0.48
2017-03-30,104,104.9,102.94,103.3,34403,103.3,-2.09
2017-03-29,105.3,106,104.9,105.5,44256,105.5,0.57
2017-03-28,106.8,107,104.2,104.9,50917,104.9,-1.22
2017-03-27,107.3,107.66,105.55,106.2,69832,106.2,1.72
2017-03-24,103.5,105.29,103.2,104.4,54736,104.4,0.58
2017-03-23,105.1,105.5,103,103.8,58112,103.8,-0.57
2017-03-22,104.6,105.2,104.1,104.4,44714,104.4,0.97
2017-03-21,101.5,104.4,101.5,103.4,60671,103.4,2.17
2017-03-20,100.4,101.2,100.2,101.2,32902,101.2,1.71
2017-03-17,99.7,100.3,99.5,99.5,26726,99.5,0.40
2017-03-16,100.4,100.4,99,99.1,63676,99.1,1.43
2017-03-15,93,97.9,92.2,97.7,80724,97.7,5.28
2017-03-14,93.7,94.9,92.4,92.8,61423,92.8,-1.38
2017-03-13,93.95,94.5,93.6,94.1,44866,94.1,0.21
2017-03-10,93.3,94.1,92.74,93.9,35708,93.9,0.54
2017-03-09,94.4,94.9,93.35,93.4,40001,93.4,-1.79
2017-03-08,94.7,95.8,94.6,95.1,47976,95.1,-1.65
2017-03-07,97.7,98,96.5,96.7,61272,96.7,-2.72
2017-03-06,100.9,100.91,99,99.4,62737,99.4,-1.88
2017-03-03,100,101.8,98.6,101.3,100505,101.3,-0.10
2017-03-02,102.1,103.6,100.6,101.4,76761,101.4,-3.89
2017-03-01,102.6,105.6,102.5,105.5,76664,105.5,-0.38
2017-02-28,107.4,107.6,104.8,105.9,48782,105.9,0.09
2017-02-27,107.5,109.1,105.7,105.8,76176,105.8,-1.49
2017-02-24,107.5,107.85,106.2,107.4,56887,107.4,1.95
2017-02-23,104.9,105.8,104.6,105.35,43741,105.35,2.78
2017-02-22,102.4,102.9,100.9,102.5,49254,102.5,0.29
2017-02-21,100.3,102.9,99.7,102.2,32028,102.2,0.05
2017-02-17,103.5,104,102.03,102.15,42006,102.15,-1.02
2017-02-16,102.8,103.8,102.58,103.2,42385,103.2,1.57
2017-02-15,98.7,101.6,98.32,101.6,50451,101.6,1.30
2017-02-14,101.8,101.8,98.5,100.3,50950,100.3,0.40
2017-02-13,99.8,100.2,98.2,99.9,44700,99.9,-1.96
2017-02-10,99.7,102.7,99.6,101.9,51019,101.9,0.59
2017-02-09,104,104.5,101,101.3,71705,101.3,-2.22
2017-02-08,103.4,104.6,102.7,103.6,53181,103.6,1.77
2017-02-07,101.6,102.3,101,101.8,65205,101.8,-0.49
2017-02-06,100.7,102.4,99.9,102.3,84030,102.3,4.07
2017-02-03,97.4,98.9,97.3,98.3,40773,98.3,0.72
2017-02-02,98.7,99.5,97.1,97.6,67458,97.6,1.56
2017-02-01,94.8,96.6,93.34,96.1,93498,96.1,-0.83
2017-01-31,96.2,97.55,96,96.9,74742,96.9,4.19
2017-01-30,92.1,93.75,91.9,93,81048,93,1.31
2017-01-27,90.7,92,90.38,91.8,52920,91.8,0.44
2017-01-26,91.2,92,90.3,91.4,61543,91.4,-2.87
2017-01-25,93.5,94.3,92.4,94.1,86267,94.1,-2.39
2017-01-24,97.6,98.4,95.7,96.4,41977,96.4,-1.53
2017-01-23,97.2,98.75,96.4,97.9,51523,97.9,2.09
2017-01-20,94.7,97.44,94.2,95.9,73255,95.9,0.74
2017-01-19,94.1,95.65,93.1,95.2,50982,95.2,-0.21
2017-01-18,97.7,98.2,94.6,95.4,58818,95.4,-2.75
2017-01-17,98,98.3,97.1,98.1,60426,98.1,4.36
2017-01-13,92.7,94.1,91.42,94,31105,94,0.86
2017-01-12,94.6,95.8,93.05,93.2,66633,93.2,1.08
2017-01-11,91,94.1,89.2,92.2,63955,92.2,0.66
2017-01-10,90.9,92.1,90.3,91.6,35265,91.6,1.44
2017-01-09,89.9,91.2,89.3,90.3,50171,90.3,2.38
2017-01-06,88.4,89.71,87.7,88.2,45746,88.2,-2.22
2017-01-05,89.3,91.1,89.2,90.2,71888,90.2,4.40
2017-01-04,86.7,87.05,85.8,86.4,57303,86.4,1.29
2017-01-03,83.4,86.6,82.9,85.3,86247,85.3,2.03
2016-12-30,85.3,85.8,83.4,83.6,84820,83.6,-1.65
2016-12-29,82.7,85.7,82.1,85,110031,85,3.91
2016-12-28,80.8,81.98,80.6,81.8,36171,81.8,0.86
2016-12-27,81.5,81.5,80.5,81.1,34457,81.1,1.76
2016-12-23,79.3,80.5,79.3,79.7,20356,79.7,0.63
2016-12-22,79.5,80.25,78.9,79.2,36024,79.2,-0.63
2016-12-21,80.5,80.8,79.5,79.7,28442,79.7,0.00
2016-12-20,78.2,80,78.2,79.7,30723,79.7,-2.09
2016-12-19,81.4,82.06,80.9,81.4,38485,81.4,1.50
2016-12-16,80,81.9,79,80.2,63782,80.2,1.78
2016-12-15,79.6,80.2,77.9,78.8,171669,78.8,-4.25
2016-12-14,87.3,87.3,81.4,82.3,147365,82.3,-4.30
2016-12-13,86.2,86.8,85,86,31507,86,-0.92
2016-12-12,86.4,87.6,85.6,86.8,36958,86.8,0.93
2016-12-09,87.7,87.85,85.4,86,46488,86,-3.15
2016-12-08,89,89.3,88.4,88.8,55976,88.8,-0.45
2016-12-07,90.2,90.9,89.2,89.2,65089,89.2,0.90
2016-12-06,88.8,89.61,87.8,88.4,43555,88.4,-0.11
2016-12-05,87.7,89.9,85.5,88.5,78556,88.5,-1.67
2016-12-02,89.5,90.4,89.3,90,44820,90,1.35
2016-12-01,87.6,89.66,86.3,88.8,75989,88.8,-0.45
2016-11-30,91.5,91.5,88.6,89.2,86636,89.2,-3.98
2016-11-29,91.8,93.36,91.5,92.9,28669,92.9,-1.59
2016-11-28,92.8,94.4,91.7,94.4,43386,94.4,3.51
2016-11-25,93.2,93.6,90.7,91.2,25001,91.2,-2.04
2016-11-23,94.6,94.6,91.41,93.1,87650,93.1,-5.77
2016-11-22,99.4,99.5,97.4,98.8,30634,98.8,-0.10
2016-11-21,99.3,99.9,98.3,98.9,35220,98.9,1.02
2016-11-18,98.9,99.5,97.4,97.9,26206,97.9,-2.49
2016-11-17,102.3,103.2,98.6,100.4,60683,100.4,-1.57
2016-11-16,103.5,103.5,101.6,102,29458,102,-0.87
2016-11-15,101.2,103.2,100.87,102.9,43679,102.9,2.49
2016-11-14,100,102.9,98.61,100.4,86208,100.4,-2.14
2016-11-11,110,110.9,100.6,102.6,146608,102.6,-7.40
2016-11-10,115.7,115.7,109.5,110.8,113449,110.8,-4.15
2016-11-09,124.3,124.3,114.6,115.6,185081,115.6,-0.43
2016-11-08,117.5,120.3,115.4,116.1,82414,116.1,-1.36
2016-11-07,118.9,119.3,116.81,117.7,52143,117.7,-5.46
2016-11-04,124.6,124.9,123.4,124.5,40129,124.5,0.24
2016-11-03,121.3,124.3,121.3,124.2,33047,124.2,1.72
2016-11-02,123.1,125.7,121.9,122.1,69846,122.1,1.83
2016-11-01,120,121.1,119.2,119.9,43658,119.9,2.22
2016-10-31,116.2,117.49,115.31,117.3,31814,117.3,0.69
2016-10-28,115.1,119.1,114.3,116.5,49458,116.5,1.57
2016-10-27,114.9,115.11,114.05,114.7,17145,114.7,0.61
2016-10-26,115.7,116.18,113.6,114,13417,114,-1.77
2016-10-25,114.5,116.8,114.3,116.06,31528,116.06,2.35
2016-10-24,115.4,115.6,112.3,113.4,22473,113.4,-0.70
2016-10-21,114.3,114.46,113.3,114.2,12826,114.2,0.26
2016-10-20,116.1,116.5,113.6,113.9,34492,113.9,-0.87
2016-10-19,115.3,116.1,114.5,114.9,35140,114.9,1.59
2016-10-18,112.2,113.6,111.5,113.1,35143,113.1,1.80
2016-10-17,111.2,111.6,110.8,111.1,21455,111.1,0.73
2016-10-14,110.3,112.2,110,110.3,43125,110.3,-1.69
2016-10-13,112.1,113.2,111.5,112.2,58887,112.2,0.72
2016-10-12,111.4,112.3,110.2,111.4,25460,111.4,0.45
2016-10-11,111.8,112.7,110.81,110.9,26384,110.9,-1.42
2016-10-10,112.6,113.3,111.8,112.5,32272,112.5,0.81
2016-10-07,113.6,113.7,107.6,111.6,102859,111.6,0.36
2016-10-06,111.5,112.1,110,111.2,78843,111.2,-2.97
2016-10-05,115.9,116.7,113.34,114.6,55354,114.6,-0.52
2016-10-04,121.8,121.8,114.76,115.2,94815,115.2,-10.21
2016-10-03,128.6,128.9,127.2,128.3,35627,128.3,-1.00
2016-09-30,132.5,132.6,128.5,129.6,21849,129.6,-1.07
2016-09-29,130.4,131.8,129.3,131,25491,131,-0.46
2016-09-28,131.3,132,129.9,131.6,29459,131.6,-0.75
2016-09-27,133.8,133.8,132.1,132.6,20103,132.6,-2.36
2016-09-26,137,137.4,135.44,135.8,15447,135.8,-0.15
2016-09-23,136,136.7,135.54,136,26810,136,0.00
2016-09-22,136.1,138,135.7,136,30109,136,0.59
2016-09-21,132.1,135.5,131,135.2,50369,135.2,4.56
2016-09-20,128.7,129.6,128.5,129.3,18950,129.3,0.47
2016-09-19,129.8,129.8,128.6,128.7,19745,128.7,0.55
2016-09-16,127.3,128.39,126.77,128,25839,128,-0.85
2016-09-15,129.9,131.1,127.47,129.1,40886,129.1,-1.75
2016-09-14,131.2,132.6,131.1,131.4,16059,131.4,0.96
2016-09-13,132.3,132.7,129.4,130.15,17798,130.15,-2.07
2016-09-12,131.8,133.8,130.7,132.9,23314,132.9,-0.37
2016-09-09,135.1,135.7,133.4,133.4,16700,133.4,-2.13
2016-09-08,138.1,139,135.8,136.3,16697,136.3,-1.59
2016-09-07,140.3,140.5,138.04,138.5,45640,138.5,-1.07
2016-09-06,135.6,141,135.3,140,78976,140,5.27
2016-09-02,132.1,133,129.95,132.99,33980,132.99,3.09
2016-09-01,127,129.5,126.77,129,28017,129,1.10
2016-08-31,127.2,128.29,126.9,127.6,71741,127.6,-0.55
2016-08-30,130.3,130.8,127.69,128.3,71844,128.3,-2.88
2016-08-29,131.1,132.5,130.9,132.1,21471,132.1,0.53
2016-08-26,133.8,137.5,130.6,131.4,55284,131.4,-0.15
2016-08-25,130.9,132,130.9,131.6,15181,131.6,-0.38
2016-08-24,134,134.1,132.1,132.1,75846,132.1,-3.65
2016-08-23,138.1,138.5,136.6,137.1,17929,137.1,0.00
2016-08-22,136.6,137.4,136.1,137.1,22295,137.1,-0.58
2016-08-19,138.2,139.95,137.3,137.9,23715,137.9,-2.61
2016-08-18,141.1,141.9,140.11,141.6,32261,141.6,1.29
2016-08-17,138.8,141.3,136.6,139.8,50996,139.8,-0.07
2016-08-16,138.9,141.6,138.27,139.9,52799,139.9,1.52
2016-08-15,137.1,138.98,137,137.8,20105,137.8,0.95
2016-08-12,142,142.4,135.8,136.5,127211,136.5,-0.51
2016-08-11,140.3,142.19,136.7,137.2,76892,137.2,-2.14
2016-08-10,142,142.4,139,140.2,48626,140.2,1.45
2016-08-09,137.8,138.9,137.6,138.2,32240,138.2,1.17
2016-08-08,136.2,137.5,136.1,136.6,47032,136.6,-0.36
2016-08-05,140.4,140.4,136.6,137.1,112729,137.1,-5.38
2016-08-04,145.3,146.36,144.85,144.9,83773,144.9,0.42
2016-08-03,145.6,145.6,143.1,144.3,43918,144.3,-1.50
2016-08-02,145.9,147.4,145.5,146.5,97032,146.5,2.38
2016-08-01,141.1,143.5,140.9,143.1,48022,143.1,0.42
2016-07-29,140.6,143.6,138.2,142.5,61763,142.5,3.26
2016-07-28,139.5,139.8,136.73,138,81238,138,-1.00
2016-07-27,135.5,139.79,133.11,139.4,114731,139.4,4.81
2016-07-26,133.3,133.5,132.3,133,16415,133,1.29
2016-07-25,131.6,133.5,130.4,131.3,20022,131.3,-2.01
2016-07-22,134.2,134.3,132.9,134,17300,134,-2.19
2016-07-21,131.8,137.3,131.8,137,40091,137,4.42
2016-07-20,131.4,133.15,130.8,131.2,56986,131.2,-4.18
2016-07-19,136.2,137.4,135.78,136.92,18285,136.9,0.45
2016-07-18,136.5,137.9,135.18,136.3,33853,136.3,0.37
2016-07-15,134.3,139.6,134,135.8,50439,135.8,-1.16
2016-07-14,134,137.4,133,137.4,40951,137.4,-2.21
2016-07-13,139.9,141.02,138.55,140.5,22789,140.5,2.55
2016-07-12,141.6,141.6,136.4,137,85464,137,-5.06
2016-07-11,146.6,146.6,143.7,144.3,40979,144.3,-2.70
2016-07-08,145.7,148.3,143.21,148.3,94730,148.3,1.64
2016-07-07,146.4,147,143.25,145.9,90669,145.9,-1.29
2016-07-06,148.8,150.6,146.4,147.8,142655,147.8,1.79
2016-07-05,143.2,145.6,141,145.2,68773,145.2,2.33
2016-07-01,139.8,141.9,138.7,141.9,135076,141.9,4.73
2016-06-30,133.9,135.5,132.6,135.49,56343,135.49,1.41
2016-06-29,133.9,136.8,133.2,133.6,58375,133.6,1.29
2016-06-28,132.8,134.21,131.32,131.9,61020,131.9,-3.44
2016-06-27,136,137.5,133.8,136.6,139628,136.6,1.86
2016-06-24,136.6,136.6,131.5,134.1,189757,134.1,14.81
2016-06-23,118,119.6,116.8,116.8,78606,116.8,-2.18
2016-06-22,119,120.3,118.6,119.4,107285,119.4,0.42
2016-06-21,121.4,122.12,118.9,118.9,156637,118.9,-5.86
2016-06-20,123.3,126.8,123,126.3,78474,126.3,-1.71
2016-06-17,126.7,129.1,124.8,128.5,67399,128.5,3.63
2016-06-16,132.3,133.7,123.3,124,139433,124,-2.90
2016-06-15,124.2,128.4,123.9,127.7,71871,127.7,2.16
2016-06-14,125.7,125.9,123.6,125,94943,125,0.24
2016-06-13,125.1,125.1,122.8,124.7,99885,124.7,2.47
2016-06-10,121.4,122.7,120.2,121.7,53027,121.7,1.00
2016-06-09,118.5,121,118.3,120.5,54474,120.5,1.86
2016-06-08,117.6,118.93,117.4,118.3,42027,118.3,4.60
2016-06-07,112.4,113.77,112.05,113.1,22524,113.1,-0.35
2016-06-06,113.4,114.1,112.2,113.5,35997,113.5,0.27
2016-06-03,111.8,113.4,111.7,113.2,73242,113.2,8.43
2016-06-02,105.1,105.5,104.4,104.4,12153,104.4,-0.67
2016-06-01,105.6,106,103.3,105.1,34091,105.1,-0.66
2016-05-31,104.7,106.5,103.9,105.8,38037,105.8,1.34
2016-05-27,106.2,106.31,103.6,104.4,31004,104.4,-2.43
2016-05-26,109.8,110.08,106.8,107,27269,107,-1.11
2016-05-25,107.3,108.4,106.5,108.2,28535,108.2,-0.82
2016-05-24,112.1,112.1,109.1,109.1,58829,109.1,-5.46
2016-05-23,114.3,116.1,113.7,115.4,37157,115.4,-0.94
2016-05-20,118.1,118.35,115.5,116.5,32165,116.5,-0.34
2016-05-19,114.3,117.3,114,116.9,69000,116.9,-0.51
2016-05-18,121.2,123.29,117,117.5,61378,117.5,-5.39
2016-05-17,122.2,125,121.9,124.2,32922,124.2,1.30
2016-05-16,126.2,126.3,121.87,122.61,36359,122.6,0.09
2016-05-13,120.6,122.8,119.4,122.5,54222,122.5,1.24
2016-05-12,123.6,124.6,120.4,121,52496,121,-2.26
2016-05-11,123.2,124,121.58,123.8,51154,123.8,2.82
2016-05-10,119.7,121.4,117.7,120.4,45543,120.4,0.75
2016-05-09,121.2,121.4,119.2,119.5,56056,119.5,-6.20
2016-05-06,126,129.4,125.9,127.4,111322,127.4,2.74
2016-05-05,125.8,126.15,121.9,124,44740,124,-0.40
2016-05-04,126.5,127.7,122.5,124.5,69220,124.5,-2.12
2016-05-03,129.6,129.7,125.9,127.2,41690,127.2,-0.55
2016-05-02,129.9,130.2,127.3,127.9,115349,127.9,-0.78
2016-04-29,125.4,129.9,125.38,128.9,158023,128.9,5.66
2016-04-28,117.8,122.3,117.43,122,89257,122,5.90
2016-04-27,115,117.15,113.7,115.2,43467,115.2,0.61
2016-04-26,114.7,114.81,113.7,114.5,18165,114.5,1.15
2016-04-25,112.9,114.3,112.7,113.2,40513,113.2,0.89
2016-04-22,114.5,115.4,110.43,112.2,69332,112.2,-3.77
2016-04-21,119.6,119.8,115.7,116.6,66987,116.6,1.13
2016-04-20,117.3,118.4,114.4,115.3,42945,115.3,-1.37
2016-04-19,117.9,118.5,116.51,116.9,45882,116.9,4.56
2016-04-18,114.2,114.2,111.51,111.8,24539,111.8,-0.45
2016-04-15,110.7,113,110.3,112.3,40581,112.3,2.00
2016-04-14,113,113.2,109.6,110.1,78453,110.1,-4.26
2016-04-13,116.8,117,114.5,115,67138,115,-3.36
2016-04-12,119.5,119.7,117.5,119,66221,119,0.17
2016-04-11,117,119.5,117,118.8,50790,118.8,4.12
2016-04-08,112.9,115,112.7,114.1,33598,114.1,-0.26
2016-04-07,114.5,115.1,112.9,114.4,48974,114.4,4.38
2016-04-06,108.9,110.8,108,109.6,38516,109.6,-1.88
2016-04-05,112.2,112.5,110.4,111.7,74813,111.7,3.91
2016-04-04,108.8,109.08,107.3,107.5,53978,107.5,-2.01
2016-04-01,107.4,109.8,105.7,109.7,48858,109.7,-1.88
2016-03-31,113.5,114.1,111.7,111.8,57275,111.8,1.27
2016-03-30,112.5,113.36,109.9,110.4,33634,110.4,-4.17
2016-03-29,111,115.3,109.8,115.2,48931,115.2,5.79
2016-03-28,109.4,109.9,108.2,108.9,12628,108.9,0.37
2016-03-24,109.5,109.9,108.2,108.5,30616,108.5,-0.28
2016-03-23,109.3,110.3,107.64,108.8,59466,108.8,-6.97
2016-03-22,118.2,119.39,116,116.95,39185,116.95,0.91
2016-03-21,115.9,116.9,115.26,115.9,30664,115.9,-2.11
2016-03-18,117.5,119.7,117.4,118.4,52175,118.4,-0.75
2016-03-17,122.5,122.5,119.05,119.3,68673,119.3,-1.08
2016-03-16,111.5,121,111.32,120.6,80969,120.6,6.73
2016-03-15,112.6,113.5,111.5,113,77803,113,-0.70
2016-03-14,120.4,120.4,112.1,113.8,62315,113.8,-3.31
2016-03-11,123,123.8,117.69,117.7,71583,117.7,-5.00
2016-03-10,120.7,124.9,120.7,123.9,166052,123.9,5.00
2016-03-09,116.5,120.4,115.75,118,186372,118,-2.56
2016-03-08,124.9,125.1,120.8,121.1,319012,121.1,-1.46
2016-03-07,123.1,124.14,120.7,122.9,139267,122.9,1.40
2016-03-04,123,126.6,120.1,121.2,158759,121.2,-0.41
2016-03-03,116,123.4,116,121.7,298521,121.7,5.37
2016-03-02,114.4,116.4,113.9,115.5,56182,115.5,2.12
2016-03-01,116,116,111.7,113.1,88037,113.1,-2.08
2016-02-29,112.4,115.54,112.3,115.5,74092,115.5,4.34
2016-02-26,111.5,112.9,107.5,110.7,66678,110.7,-2.64
2016-02-25,112.5,116.2,112.5,113.7,80687,113.7,1.16
2016-02-24,116.1,119,111.87,112.4,143683,112.4,0.90
2016-02-23,109.8,112,109.62,111.4,171879,111.4,4.60
2016-02-22,106.2,108.7,106.2,106.5,23919,106.5,-5.75
2016-02-19,113,114.1,111.5,113,34082,113,-1.57
2016-02-18,106.4,115.76,106.4,114.8,81030,114.8,6.99
2016-02-17,105,108.7,105,107.3,45598,107.3,1.80
2016-02-16,108.7,109.5,104.9,105.4,90026,105.4,-8.82
2016-02-12,114.7,116.5,113.8,115.6,70788,115.6,-1.62
2016-02-11,115.8,122.28,114.13,117.5,145220,117.5,12.23
2016-02-10,103.4,104.8,100.5,104.7,192755,104.7,2.05
2016-02-09,105,105.58,102.2,102.6,65727,102.6,-0.68
2016-02-08,103.1,106,102.2,103.3,87381,103.3,3.92
2016-02-05,93,99.4,92.4,99.4,66612,99.4,4.63
2016-02-04,94.9,95.3,93.3,95,51091,95,3.83
2016-02-03,88.4,92.4,88.2,91.5,44724,91.5,3.16
2016-02-02,88.3,89,86.9,88.7,36973,88.7,-0.11
2016-02-01,87.2,88.8,87.2,88.8,32410,88.8,3.50
2016-01-29,85.2,86.1,84.3,85.8,54360,85.8,0.59
2016-01-28,85.1,85.7,84.8,85.3,48929,85.3,-2.96
2016-01-27,85.9,88.4,85.2,87.9,57588,87.9,1.15
2016-01-26,84.5,87.2,84.3,86.9,78558,86.9,3.70
2016-01-25,82.9,83.9,82.7,83.8,30203,83.8,3.20
2016-01-22,81.2,83,80.6,81.2,42546,81.2,-1.34
2016-01-21,81.4,82.3,80.1,82.3,14458,82.3,-0.12
2016-01-20,82,84,81.3,82.4,80258,82.4,3.91
2016-01-19,79.4,80.05,78.4,79.3,26055,79.3,0.00
2016-01-15,81.2,81.2,79,79.3,40737,79.3,2.85
2016-01-14,78.9,79.55,75.7,77.1,89630,77.1,-4.93
2016-01-13,79,81.2,78.8,81.1,65044,81.1,1.63
2016-01-12,79.1,80.7,78.3,79.8,265449,79.8,-1.24
2016-01-11,82.3,82.8,80.7,80.8,17431,80.8,-2.77
2016-01-08,82.6,83.3,81.6,83.1,19667,83.1,-1.21
2016-01-07,83.5,84.34,82,84.12,51225,84.1,4.11
2016-01-06,80,81,79.2,80.8,51284,80.8,4.53
2016-01-05,77.4,78,76.94,77.3,13515,77.3,0.91
2016-01-04,77.5,78.6,75.92,76.6,27862,76.6,3.93
2015-12-31,73.9,74.2,73.43,73.7,16635,73.7,0.00
2015-12-30,74.4,74.4,73.4,73.7,32731,73.7,-2.25
2015-12-29,75.9,76.1,75.2,75.4,10290,75.4,-0.26
2015-12-28,75.9,76.12,75,75.6,18708,75.6,-1.69
2015-12-24,76.7,77.26,76.6,76.9,5935,76.9,1.85
2015-12-23,75.9,76.2,75.2,75.5,11007,75.5,-0.79
2015-12-22,77.2,77.4,76.1,76.1,13155,76.1,-1.42
2015-12-21,76.8,78.1,76.71,77.2,32019,77.2,3.21
2015-12-18,73.4,75.8,73.4,74.8,28580,74.8,4.47
2015-12-17,72.6,72.9,71,71.6,24246,71.6,-6.76
2015-12-16,76.3,78.2,73.7,76.79,39388,76.79,3.63
2015-12-15,74.2,75.3,73.78,74.1,12537,74.1,-0.67
2015-12-14,76.5,76.68,74.5,74.6,22717,74.6,-3.93
2015-12-11,74.9,78.1,74.8,77.65,14650,77.65,1.37
2015-12-10,76.5,77.5,76,76.6,16249,76.6,0.00
2015-12-09,79.1,79.1,76,76.6,27241,76.6,-0.65
2015-12-08,78,78,76.3,77.1,14114,77.1,0.65
2015-12-07,78.2,78.26,76.32,76.6,30578,76.6,-3.89
2015-12-04,76.6,80.25,76.6,79.7,47925,79.7,6.69
2015-12-03,73.6,75.2,72.84,74.7,41900,74.7,3.03
2015-12-02,74,74,72.1,72.5,42319,72.5,-4.73
2015-12-01,76.1,76.2,75,76.1,20589,76.1,1.06
2015-11-30,74.4,76.24,74.25,75.3,19040,75.3,2.31
2015-11-27,73.1,74.51,73,73.6,40372,73.6,-3.92
2015-11-25,76.5,77,75.86,76.6,26821,76.6,-1.16
2015-11-24,77.9,78.2,77,77.5,11759,77.5,1.97
2015-11-23,76.5,76.9,75.6,76,11522,76,-2.69
2015-11-20,79.2,79.2,77.6,78.1,19630,78.1,-1.26
2015-11-19,78,80.1,77.8,79.1,30439,79.1,3.40
2015-11-18,76.4,77.7,75.6,76.5,18077,76.5,0.13
2015-11-17,78.6,78.7,75.4,76.4,38886,76.4,-3.90
2015-11-16,79.9,80.1,79,79.5,21458,79.5,0.38
2015-11-13,79,79.39,78.7,79.2,36377,79.2,-0.75
2015-11-12,78,80.7,77.7,79.8,33228,79.8,0.38
2015-11-11,80.3,80.5,79.5,79.5,91458,79.5,-1.61
2015-11-10,80.5,81.7,79.7,80.8,15396,80.8,-0.62
2015-11-09,80.9,81.5,80.7,81.3,27885,81.3,0.87
2015-11-06,80.6,81.2,80.1,80.6,35176,80.6,-4.10
2015-11-05,84.9,85.2,84,84.05,18315,84,-0.88
2015-11-04,87.5,87.7,84.7,84.8,23559,84.8,-3.09
2015-11-03,89.5,89.58,86.7,87.5,45802,87.5,-4.48
2015-11-02,91.5,92,91.1,91.6,21308,91.6,-1.82
2015-10-30,93.8,94,92.63,93.3,16001,93.3,-1.17
2015-10-29,95.7,96.64,94.3,94.4,48214,94.4,-2.88
2015-10-28,102.5,104.19,96.1,97.2,51362,97.2,-2.51
2015-10-27,98.9,100.3,98.79,99.7,11172,99.7,0.61
2015-10-26,100.2,100.8,98.93,99.1,7249,99.1,-0.28
2015-10-23,100.4,100.4,98,99.38,9809,99.38,-0.32
2015-10-22,99.4,101.3,99.3,99.7,12188,99.7,-0.20
2015-10-21,101.8,101.8,99.1,99.9,17844,99.9,-2.63
2015-10-20,101.8,103.5,101.7,102.6,36512,102.6,1.68
2015-10-19,102.5,102.58,100.3,100.9,22960,100.9,-1.08
2015-10-16,103.3,104.61,102,102,26719,102,-1.92
2015-10-15,104.2,106.2,103.28,104,164105,104,-1.61
2015-10-14,102.4,106.2,101.6,105.7,70263,105.7,5.28
2015-10-13,99,100.5,98.8,100.4,20345,100.4,1.61
2015-10-12,99.8,101,98.2,98.81,37938,98.8,1.14
2015-10-09,97.6,98.2,96.12,97.7,27400,97.7,4.49
2015-10-08,93.5,96.2,93.2,93.5,30790,93.5,-1.57
2015-10-07,95.1,95.93,93.8,94.99,20490,94.99,-0.20
2015-10-06,95,96.3,94.7,95.18,20106,95.18,2.90
2015-10-05,93.4,94.1,91.69,92.5,19701,92.5,-0.43
2015-10-02,92,93.7,91.9,92.9,34042,92.9,6.29
2015-10-01,87.9,88.6,87.1,87.4,41373,87.4,-0.57
2015-09-30,87.6,88.2,86.7,87.9,34052,87.9,-2.87
2015-09-29,91.4,92.4,90.4,90.5,14383,90.5,-1.09
2015-09-28,91.5,92.8,91.2,91.5,19338,91.5,-4.19
2015-09-25,95.6,95.88,94.6,95.5,16329,95.5,-1.65
2015-09-24,95,97.69,94.9,97.1,45531,97.1,6.24
2015-09-23,92.1,92.3,91.2,91.4,8909,91.4,1.42
2015-09-22,89.7,90.5,89.3,90.12,15423,90.1,-2.26
2015-09-21,91.9,92.3,91.5,92.2,11746,92.2,-1.50
2015-09-18,93.6,94.1,92.7,93.6,22958,93.6,1.85
2015-09-17,88.4,92.18,88.2,91.9,38442,91.9,3.03
2015-09-16,87.3,90.1,87.2,89.2,44557,89.2,4.21
2015-09-15,85.4,86,85.1,85.6,16012,85.6,-1.06
2015-09-14,85.5,86.82,85.3,86.52,65941,86.5,0.28
2015-09-11,84.8,86.3,84.04,86.28,36348,86.26,-0.71
2015-09-10,87.3,87.5,86.3,86.9,19476,86.9,0.70
2015-09-09,87.5,87.7,84.7,86.3,50953,86.3,-4.00
2015-09-08,89.6,90.7,89.3,89.9,9238,89.9,-0.11
2015-09-04,88.8,90,88.5,90,20041,90,-0.44
2015-09-03,90.6,91.7,90,90.4,18092,90.4,-2.48
2015-09-02,93.9,94.4,92.2,92.7,16347,92.7,-1.49
2015-09-01,95.2,95.58,93.5,94.1,26444,94.1,0.97
2015-08-31,91.6,93.39,91.1,93.2,38591,93.2,0.11
2015-08-28,91.5,94.59,91.5,93.1,47257,93.1,2.87
2015-08-27,89.2,91.29,88.8,90.5,141399,90.5,0.56
2015-08-26,90.5,90.9,88.5,90,32023,90,-4.25
2015-08-25,96.1,96.4,92.7,93.99,27925,93.99,-3.70
2015-08-24,100.6,101.9,95.5,97.6,61617,97.6,-1.81
2015-08-21,98.9,99.7,96.61,99.4,35993,99.4,1.95
2015-08-20,96,97.9,95.51,97.5,35485,97.5,5.41
2015-08-19,90.2,93.2,90.2,92.5,16918,92.5,4.17
2015-08-18,88.1,89.4,87,88.8,20905,88.8,-0.11
2015-08-17,89.7,90,88.8,88.9,7113,88.9,0.68
2015-08-14,89,89.9,87.7,88.3,14055,88.3,-0.25
2015-08-13,88.8,89.06,88.1,88.52,16272,88.5,-2.35
2015-08-12,89,91.1,88.9,90.65,49418,90.63,4.20
2015-08-11,87.8,87.8,85.96,87,14702,87,1.52
2015-08-10,84.2,87,83.8,85.7,23641,85.7,3.00
2015-08-07,83.2,84.9,82.93,83.2,14716,83.2,0.48
2015-08-06,81.9,83.5,81.9,82.8,10328,82.8,1.97
2015-08-05,82.5,82.77,81,81.2,5126,81.2,-1.58
2015-08-04,83,83.4,81.9,82.5,11912,82.5,0.68
2015-08-03,83.1,83.5,81.8,81.94,10622,81.9,-2.31
2015-07-31,85.1,85.7,83.4,83.88,21063,83.84,1.80
2015-07-30,81.9,83.9,81.5,82.4,14598,82.4,-2.37
2015-07-29,83.8,85.6,82.62,84.4,22063,84.4,0.24
2015-07-28,84.5,84.7,83.7,84.2,12329,84.2,0.24
2015-07-27,84.2,85.7,83.4,84,23603,84,-1.29
2015-07-24,81,85.5,80.51,85.1,30082,85.1,2.78
2015-07-23,84,85,82.4,82.8,23985,82.8,-1.19
2015-07-22,82.7,84.5,82.2,83.8,23973,83.8,-1.64
2015-07-21,86.2,87.5,85,85.2,14230,85.2,-0.81
2015-07-20,88.4,88.46,85.84,85.9,32289,85.9,-8.38
2015-07-17,95,95,92.9,93.76,25223,93.76,-3.04
2015-07-16,96.6,97.3,96.2,96.7,5438,96.7,-1.12
2015-07-15,97.5,98,96.3,97.8,23494,97.8,-1.71
2015-07-14,100,100.36,99,99.5,23957,99.5,-0.90
2015-07-13,98.5,100.4,98.5,100.4,23631,100.4,-1.18
2015-07-10,100.7,102.9,100.2,101.6,19426,101.6,0.69
2015-07-09,102.2,102.63,100.6,100.9,9910,100.9,0.30
2015-07-08,101.1,101.78,100.33,100.6,13551,100.6,1.11
2015-07-07,100.6,100.6,97.8,99.5,26116,99.5,-3.02
2015-07-06,101.7,104.6,101.7,102.6,15003,102.6,0.10
2015-07-02,102.3,102.5,101.5,102.5,13640,102.5,-0.68
2015-07-01,103.2,103.82,102.9,103.2,13097,103.2,-1.05
2015-06-30,103.8,105.84,102.7,104.3,15603,104.3,-1.79
2015-06-29,105.2,106.6,104.7,106.2,26741,106.2,1.53
2015-06-26,103.6,105.1,103.5,104.6,16437,104.6,0.00
2015-06-25,104.3,104.88,104,104.6,10074,104.6,-0.29
2015-06-24,104.6,105.17,104,104.9,14195,104.9,-0.66
2015-06-23,106,106.4,105.4,105.6,21623,105.6,-2.22
2015-06-22,108.5,108.6,107,108,18642,108,-3.66
2015-06-19,112.7,113.1,111.6,112.1,7463,112.1,-0.36
2015-06-18,112.4,113.5,111.6,112.5,21585,112.5,3.59
2015-06-17,106.3,109,105.18,108.6,7719,108.6,1.31
2015-06-16,106.5,107.2,105.5,107.2,8180,107.2,-1.02
2015-06-15,106.7,109.4,106.7,108.3,8598,108.3,1.40
2015-06-12,106.3,107.4,106.1,106.8,6261,106.8,0.00
2015-06-11,106.6,107.2,105.8,106.8,17336,106.8,-1.43
2015-06-10,109.4,109.4,108.23,108.35,16230,108.3,2.22
2015-06-09,106.7,107,105.3,106,7765,106,0.76
2015-06-08,104.7,105.2,103.98,105.2,9577,105.2,1.06
2015-06-05,102.5,104.5,102.3,104.1,14311,104.1,-1.70
2015-06-04,106.2,106.4,104.8,105.9,23410,105.9,-2.18
2015-06-03,109.8,110.08,106.4,108.26,8985,108.26,-2.12
2015-06-02,110.3,110.9,110,110.6,3801,110.6,1.00
2015-06-01,112.2,113.6,109.3,109.5,9467,109.5,-0.27
2015-05-29,109.9,110.4,109.3,109.8,10699,109.8,0.32
2015-05-28,108.9,109.7,107.38,109.45,9062,109.45,0.60
2015-05-27,108.4,109.2,108.3,108.8,6542,108.8,-0.27
2015-05-26,108.9,109.8,108.6,109.09,25275,109.09,-4.47
2015-05-22,114,114.42,113.5,114.2,4574,114.2,-0.17
2015-05-21,114,115,113.8,114.4,7379,114.4,-0.95
2015-05-20,115.5,116.4,114.8,115.5,6159,115.5,0.43
2015-05-19,117.3,117.5,113.4,115,16496,115,-4.17
2015-05-18,120.7,121.2,119.5,120,11466,120,0.00
2015-05-15,117.9,120.2,117.5,120,10456,120,0.81
2015-05-14,119.4,120.6,118.7,119.04,7502,119,1.66
2015-05-13,114.7,118.5,114.65,117.1,27662,117.1,5.50
2015-05-12,110.2,111.5,110.01,111,9907,111,2.40
2015-05-11,109.7,110.3,107,108.4,12160,108.4,-1.17
2015-05-08,110.5,110.5,108.61,109.68,7953,109.68,1.32
2015-05-07,109.4,109.5,107.8,108.25,7893,108.2,-2.39
2015-05-06,111.9,112,109.8,110.9,5905,110.9,-0.36
2015-05-05,112.3,113,110.9,111.3,9029,111.3,1.46
2015-05-04,110,111.1,109.3,109.7,13126,109.7,2.62
2015-05-01,105.3,107.1,104.85,106.9,17648,106.9,-1.47
2015-04-30,109.6,109.6,106.8,108.5,28173,108.5,-5.32
2015-04-29,116.3,116.9,113.8,114.6,12432,114.6,-2.13
2015-04-28,114.4,117.7,114.4,117.1,15716,117.1,2.45
2015-04-27,109.9,115.22,109.5,114.3,16518,114.3,6.33
2015-04-24,110.2,110.4,106.4,107.5,17567,107.5,-4.02
2015-04-23,110.1,112.9,109.88,112,5313,112,1.95
2015-04-22,112.9,113.1,109.7,109.86,12395,109.86,-3.72
2015-04-21,112.6,114.9,112.2,114.1,6315,114.1,1.33
2015-04-20,112.6,112.8,111.4,112.6,7775,112.6,-2.09
2015-04-17,114.5,115.6,114.3,115,9404,115,1.14
2015-04-16,115.3,115.4,112.5,113.7,10177,113.7,-0.70
2015-04-15,112.7,115.2,112.1,114.5,9375,114.5,2.44
2015-04-14,112.5,113.5,111.5,111.77,8298,111.77,-1.96
2015-04-13,114.9,114.9,113,114,18202,114,-1.98
2015-04-10,116.5,117.04,115,116.3,7168,116.3,3.38
2015-04-09,113,113,112,112.5,6850,112.5,-2.17
2015-04-08,116.6,116.8,113.7,115,10031,115,-1.96
2015-04-07,117.8,118.2,116.5,117.3,4679,117.3,-1.35
2015-04-06,121,121.2,118.45,118.9,16097,118.9,3.57
2015-04-02,115.1,115.8,112.9,114.8,4469,114.8,-0.52
2015-04-01,112.7,116.8,112.4,115.4,24501,115.4,5.12
2015-03-31,110.7,111.5,109.27,109.78,4590,109.78,-0.38
2015-03-30,110.4,110.9,109.5,110.2,15753,110.2,-3.25
2015-03-27,114.3,114.9,112.3,113.9,13567,113.9,-1.37
2015-03-26,116.6,116.7,115.1,115.48,19661,115.48,1.65
2015-03-25,114.4,114.6,113.3,113.6,8744,113.6,0.64
2015-03-24,112.4,113.1,110.88,112.88,5255,112.88,0.79
2015-03-23,110,112.3,109.5,112,14589,112,1.91
2015-03-20,107.6,111.08,107.43,109.9,13178,109.9,3.12
2015-03-19,105.1,106.9,104.32,106.58,10429,106.58,0.36
2015-03-18,100.9,107.6,100.14,106.2,13695,106.2,5.57
2015-03-17,99.7,103.1,99.2,100.6,12281,100.6,-1.76
2015-03-16,102.8,103.2,101,102.4,7985,102.4,0.20
2015-03-13,102.8,103.4,101.3,102.2,6368,102.2,0.39
2015-03-12,103.1,103.12,100.6,101.8,6520,101.8,-0.29
2015-03-11,103.1,103.2,100.5,102.1,15498,102.1,-1.64
2015-03-10,105.6,106.6,103.33,103.8,11542,103.8,-1.70
2015-03-09,107,107.3,105.4,105.6,12376,105.6,0.28
2015-03-06,109.1,109.7,104.8,105.3,35862,105.3,-8.12
2015-03-05,116,118,114.2,114.6,11408,114.6,-0.26
2015-03-04,116.6,116.8,114.8,114.9,10284,114.9,-0.98
2015-03-03,118,119.6,115.8,116.04,14846,116,-0.63
2015-03-02,119.2,119.9,116.77,116.77,14257,116.73,-1.71
2015-02-27,119.8,121,118.5,118.8,13734,118.8,0.59
2015-02-26,119.4,119.6,117.4,118.1,8709,118.1,1.11
2015-02-25,117.1,117.5,115.8,116.8,10374,116.8,1.21
2015-02-24,114.8,116.3,112.5,115.4,15838,115.4,-0.43
2015-02-23,115.3,118.4,115.09,115.9,9896,115.9,0.26
2015-02-20,118.2,119.2,114.8,115.6,15620,115.6,-1.70
2015-02-19,119,119.4,117.05,117.6,15265,117.6,-1.01
2015-02-18,118,119.2,114.7,118.8,22412,118.8,0.93
2015-02-17,120,120,116.5,117.7,23034,117.7,-5.00
2015-02-13,124.4,125.8,123.4,123.9,14024,123.9,1.47
2015-02-12,123.2,123.5,121.3,122.1,5919,122.1,0.66
2015-02-11,125.6,125.7,120.82,121.3,15732,121.3,-3.42
2015-02-10,126.4,127.45,124.8,125.6,11509,125.6,-1.72
2015-02-09,126.6,128.5,126.6,127.8,9488,127.8,1.11
2015-02-06,128,129.2,124.3,126.4,40637,126.4,-7.53
2015-02-05,134.1,136.7,132.8,136.7,9508,136.7,0.37
2015-02-04,136.3,138.1,132.5,136.2,15601,136.2,1.19
2015-02-03,136.8,136.8,132.8,134.6,15543,134.6,-2.96
2015-02-02,136.9,141.4,136.9,138.7,40324,138.7,-2.53
2015-01-30,135.7,142.4,134.24,142.3,18601,142.3,6.43
2015-01-29,138.2,139,132,133.7,29595,133.7,-6.63
2015-01-28,143.1,144.6,141.6,143.2,9986,143.2,-2.19
2015-01-27,144,147.3,143.4,146.4,21030,146.4,3.24
2015-01-26,143,143,140,141.8,20108,141.8,-3.08
2015-01-23,146.7,147.1,143,146.3,22666,146.3,-2.34
2015-01-22,149,150.9,145.9,149.8,33373,149.8,2.32
2015-01-21,150,150.3,143.3,146.4,75875,146.4,0.14
2015-01-20,144.4,149,143.8,146.2,42807,146.2,4.35
2015-01-16,137.7,142.47,137.7,140.1,78984,140.1,3.62
2015-01-15,133.7,137.5,133.31,135.2,55224,135.2,7.81
2015-01-14,129.4,129.8,125.4,125.4,12547,125.4,-0.79
2015-01-13,128.9,129.4,125.3,126.4,11015,126.4,-0.86
2015-01-12,123.9,127.9,123.5,127.5,14834,127.5,3.49
2015-01-09,121.1,123.6,121.1,123.2,7853,123.2,3.36
2015-01-08,121,122,119.2,119.2,8184,119.2,-1.24
2015-01-07,120.8,122,120.2,120.7,11437,120.7,-1.63
2015-01-06,120,123.9,118.8,122.7,17172,122.7,3.37
2015-01-05,115.8,119.48,115.8,118.7,8960,118.7,4.49
2015-01-02,109,115.1,108.5,113.6,7788,113.6,